Workbook

Sheet Deckbl.
A5: ICRA Schwap e.U.
B8: Verkehrszählungsort : | C8: Karl-Wurmb-Straße / Fanny-von-Lehnert-Straße (Salzburg)
B10: Lfd. Nummer :
B11: Zählzeit : | C11: 7-19 | H11: Datum : | I11: 44817
B12: Sachbearbeiter : | C12: ICRA / Schwap | H12: Wetter : | I12: Sonnig 10-26°
B14: Anmerkungen :

Sheet R1
A3: ICRA Schwap e.U.
A4: VERKEHRSZÄHLUNG - PKW-Einheiten
A5: Datum : | J5: Lfd. Nummer : | K5: 0
A6: ='Deckbl.'!I11 -> 44817 | J6: Wetter : | K6: ='Deckbl.'!I12 -> Sonnig 10-26°
B7: Verkehrszählung : | C7: ='Deckbl.'!C8 -> Karl-Wurmb-Straße / Fanny-von-Lehnert-Straße (Salzburg)
B8: Zählstelle : | I8: Sachbearbeiter : | J8: ICRA / Schwap
B9: Richtung : | C9: R1 | I9: Uhrzeit : | J9: ='Deckbl.'!C11 -> 7-19
B10: Bemerkung : | I10: Dateiname:
A11: Faktoren | B11: 0.5 | C11: 1 | D11: ='Faktoren PKW-E'!B16 -> 1 | E11: 1.5 | F11: 1.5 | G11: 1.5 | H11: 2 | I11: 1.5
C12: einsp. | D12: PKW | E12: Lin. | F12: Reis. | H12: LKW + | I12: sonst. | J12: PKW-E | K12: PKW-E | L12: PKW-E | M12: KFZ
A13: Zeit | B13: Rad | C13: KFZ | D13: Kombi | E13: Bus | F13: Bus | G13: LKW | H13: Anh. | I13: KFZ | J13: / 15 min | K13: / 30 min | L13: / 1 Std. | M13: / 1 Std.
A14: 6:00-6:15 | J14: =SUMPRODUCT(B14:I14,$B$11:$I$11) -> 0
A15: 6:15-6:30 | J15: =SUMPRODUCT(B15:I15,$B$11:$I$11) -> 0 | K15: =J15+J14 -> 0
A16: 6:30-6:45 | J16: =SUMPRODUCT(B16:I16,$B$11:$I$11) -> 0
A17: 6:45-7:00 | J17: =SUMPRODUCT(B17:I17,$B$11:$I$11) -> 0 | K17: =J17+J16 -> 0 | L17: =SUM(J14:J17) -> 0 | M17: =SUM(C14:I17) -> 0
A18: 7:00-7:15 | B18: 1 | C18: 1 | D18: 35 | E18: 0 | F18: 0 | G18: 0 | H18: 0 | I18: 0 | J18: =SUMPRODUCT(B18:I18,$B$11:$I$11) -> 36.5
A19: 7:15-7:30 | B19: 1 | C19: 3 | D19: 25 | E19: 0 | F19: 0 | G19: 0 | H19: 0 | I19: 0 | J19: =SUMPRODUCT(B19:I19,$B$11:$I$11) -> 28.5 | K19: =J19+J18 -> 65
A20: 7:30-7:45 | B20: 2 | C20: 2 | D20: 33 | E20: 0 | F20: 0 | G20: 1 | H20: 0 | I20: 0 | J20: =SUMPRODUCT(B20:I20,$B$11:$I$11) -> 37.5
A21: 7:45-8:00 | B21: 2 | C21: 1 | D21: 34 | E21: 0 | F21: 0 | G21: 2 | H21: 0 | I21: 0 | J21: =SUMPRODUCT(B21:I21,$B$11:$I$11) -> 39 | K21: =J21+J20 -> 76.5 | L21: =SUM(J18:J21) -> 141.5 | M21: =SUM(C18:I21) -> 137
A22: 8:00-8:15 | B22: 1 | C22: 0 | D22: 39 | E22: 1 | F22: 0 | G22: 0 | H22: 0 | I22: 0 | J22: =SUMPRODUCT(B22:I22,$B$11:$I$11) -> 41
A23: 8:15-8:30 | B23: 2 | C23: 0 | D23: 36 | E23: 0 | F23: 0 | G23: 1 | H23: 0 | I23: 0 | J23: =SUMPRODUCT(B23:I23,$B$11:$I$11) -> 38.5 | K23: =J23+J22 -> 79.5
A24: 8:30-8:45 | B24: 1 | C24: 1 | D24: 32 | E24: 2 | F24: 1 | G24: 1 | H24: 0 | I24: 0 | J24: =SUMPRODUCT(B24:I24,$B$11:$I$11) -> 39.5
A25: 8:45-9:00 | B25: 1 | C25: 0 | D25: 24 | E25: 0 | F25: 0 | G25: 1 | H25: 0 | I25: 0 | J25: =SUMPRODUCT(B25:I25,$B$11:$I$11) -> 26 | K25: =J25+J24 -> 65.5 | L25: =SUM(J22:J25) -> 145 | M25: =SUM(C22:I25) -> 139
A26: 9:00-9:15 | B26: 0 | C26: 0 | D26: 21 | E26: 0 | F26: 0 | G26: 1 | H26: 0 | I26: 0 | J26: =SUMPRODUCT(B26:I26,$B$11:$I$11) -> 22.5
A27: 9:15-9:30 | B27: 0 | C27: 0 | D27: 39 | E27: 0 | F27: 0 | G27: 1 | H27: 0 | I27: 0 | J27: =SUMPRODUCT(B27:I27,$B$11:$I$11) -> 40.5 | K27: =J27+J26 -> 63
A28: 9:30-9:45 | B28: 0 | C28: 2 | D28: 25 | E28: 0 | F28: 0 | G28: 0 | H28: 0 | I28: 0 | J28: =SUMPRODUCT(B28:I28,$B$11:$I$11) -> 27
A29: 9:45-10:00 | B29: 0 | C29: 0 | D29: 35 | E29: 0 | F29: 0 | G29: 0 | H29: 0 | I29: 0 | J29: =SUMPRODUCT(B29:I29,$B$11:$I$11) -> 35 | K29: =J29+J28 -> 62 | L29: =SUM(J26:J29) -> 125 | M29: =SUM(C26:I29) -> 124
A30: 10:00-10:15 | B30: 1 | C30: 0 | D30: 21 | E30: 0 | F30: 0 | G30: 1 | H30: 0 | I30: 0 | J30: =SUMPRODUCT(B30:I30,$B$11:$I$11) -> 23
A31: 10:15-10:30 | B31: 0 | C31: 0 | D31: 30 | E31: 0 | F31: 0 | G31: 0 | H31: 0 | I31: 0 | J31: =SUMPRODUCT(B31:I31,$B$11:$I$11) -> 30 | K31: =J31+J30 -> 53
A32: 10:30-10:45 | B32: 1 | C32: 0 | D32: 21 | E32: 1 | F32: 0 | G32: 1 | H32: 0 | I32: 0 | J32: =SUMPRODUCT(B32:I32,$B$11:$I$11) -> 24.5
A33: 10:45-11:00 | B33: 2 | C33: 1 | D33: 19 | E33: 0 | F33: 0 | G33: 1 | H33: 0 | I33: 0 | J33: =SUMPRODUCT(B33:I33,$B$11:$I$11) -> 22.5 | K33: =J33+J32 -> 47 | L33: =SUM(J30:J33) -> 100 | M33: =SUM(C30:I33) -> 96
A34: 11:00-11:15 | B34: 0 | C34: 0 | D34: 22 | E34: 0 | F34: 0 | G34: 0 | H34: 0 | I34: 0 | J34: =SUMPRODUCT(B34:I34,$B$11:$I$11) -> 22
A35: 11:15-11:30 | B35: 0 | C35: 0 | D35: 31 | E35: 0 | F35: 0 | G35: 2 | H35: 0 | I35: 0 | J35: =SUMPRODUCT(B35:I35,$B$11:$I$11) -> 34 | K35: =J35+J34 -> 56
A36: 11:30-11:45 | B36: 0 | C36: 3 | D36: 31 | E36: 0 | F36: 0 | G36: 0 | H36: 0 | I36: 0 | J36: =SUMPRODUCT(B36:I36,$B$11:$I$11) -> 34
A37: 11:45-12:00 | B37: 1 | C37: 3 | D37: 25 | E37: 0 | F37: 0 | G37: 0 | H37: 0 | I37: 0 | J37: =SUMPRODUCT(B37:I37,$B$11:$I$11) -> 28.5 | K37: =J37+J36 -> 62.5 | L37: =SUM(J34:J37) -> 118.5 | M37: =SUM(C34:I37) -> 117
A38: 12:00-12:15 | B38: 1 | C38: 1 | D38: 24 | E38: 0 | F38: 0 | G38: 0 | H38: 0 | I38: 0 | J38: =SUMPRODUCT(B38:I38,$B$11:$I$11) -> 25.5
A39: 12:15-12:30 | B39: 1 | C39: 0 | D39: 23 | E39: 0 | F39: 0 | G39: 0 | H39: 0 | I39: 0 | J39: =SUMPRODUCT(B39:I39,$B$11:$I$11) -> 23.5 | K39: =J39+J38 -> 49
A40: 12:30-12:45 | B40: 2 | C40: 3 | D40: 33 | E40: 0 | F40: 0 | G40: 0 | H40: 0 | I40: 0 | J40: =SUMPRODUCT(B40:I40,$B$11:$I$11) -> 37
A41: 12:45-13:00 | B41: 2 | C41: 1 | D41: 19 | E41: 0 | F41: 0 | G41: 1 | H41: 0 | I41: 0 | J41: =SUMPRODUCT(B41:I41,$B$11:$I$11) -> 22.5 | K41: =J41+J40 -> 59.5 | L41: =SUM(J38:J41) -> 108.5 | M41: =SUM(C38:I41) -> 105
A42: 13:00-13:15 | B42: 2 | C42: 2 | D42: 24 | E42: 0 | F42: 0 | G42: 0 | H42: 0 | I42: 0 | J42: =SUMPRODUCT(B42:I42,$B$11:$I$11) -> 27
A43: 13:15-13:30 | B43: 1 | C43: 3 | D43: 19 | E43: 0 | F43: 0 | G43: 0 | H43: 0 | I43: 0 | J43: =SUMPRODUCT(B43:I43,$B$11:$I$11) -> 22.5 | K43: =J43+J42 -> 49.5
A44: 13:30-13:45 | B44: 0 | C44: 1 | D44: 21 | E44: 0 | F44: 0 | G44: 1 | H44: 0 | I44: 0 | J44: =SUMPRODUCT(B44:I44,$B$11:$I$11) -> 23.5
A45: 13:45-14:00 | B45: 0 | C45: 1 | D45: 28 | E45: 0 | F45: 0 | G45: 1 | H45: 0 | I45: 0 | J45: =SUMPRODUCT(B45:I45,$B$11:$I$11) -> 30.5 | K45: =J45+J44 -> 54 | L45: =SUM(J42:J45) -> 103.5 | M45: =SUM(C42:I45) -> 101
A46: 14:00-14:15 | B46: 2 | C46: 0 | D46: 29 | E46: 0 | F46: 0 | G46: 0 | H46: 0 | I46: 0 | J46: =SUMPRODUCT(B46:I46,$B$11:$I$11) -> 30
A47: 14:15-14:30 | B47: 1 | C47: 0 | D47: 21 | E47: 0 | F47: 0 | G47: 0 | H47: 0 | I47: 0 | J47: =SUMPRODUCT(B47:I47,$B$11:$I$11) -> 21.5 | K47: =J47+J46 -> 51.5
A48: 14:30-14:45 | B48: 0 | C48: 1 | D48: 27 | E48: 0 | F48: 0 | G48: 0 | H48: 0 | I48: 0 | J48: =SUMPRODUCT(B48:I48,$B$11:$I$11) -> 28
A49: 14:45-15:00 | B49: 0 | C49: 1 | D49: 22 | E49: 0 | F49: 0 | G49: 0 | H49: 0 | I49: 0 | J49: =SUMPRODUCT(B49:I49,$B$11:$I$11) -> 23 | K49: =J49+J48 -> 51 | L49: =SUM(J46:J49) -> 102.5 | M49: =SUM(C46:I49) -> 101
A50: 15:00-15:15 | B50: 1 | C50: 1 | D50: 32 | E50: 0 | F50: 0 | G50: 0 | H50: 0 | I50: 0 | J50: =SUMPRODUCT(B50:I50,$B$11:$I$11) -> 33.5
A51: 15:15-15:30 | B51: 1 | C51: 0 | D51: 24 | E51: 0 | F51: 0 | G51: 0 | H51: 0 | I51: 0 | J51: =SUMPRODUCT(B51:I51,$B$11:$I$11) -> 24.5 | K51: =J51+J50 -> 58
A52: 15:30-15:45 | B52: 1 | C52: 0 | D52: 30 | E52: 0 | F52: 0 | G52: 0 | H52: 0 | I52: 0 | J52: =SUMPRODUCT(B52:I52,$B$11:$I$11) -> 30.5
A53: 15:45-16:00 | B53: 0 | C53: 1 | D53: 26 | E53: 0 | F53: 0 | G53: 0 | H53: 0 | I53: 0 | J53: =SUMPRODUCT(B53:I53,$B$11:$I$11) -> 27 | K53: =J53+J52 -> 57.5 | L53: =SUM(J50:J53) -> 115.5 | M53: =SUM(C50:I53) -> 114
A54: 16:00-16:15 | B54: 0 | C54: 0 | D54: 24 | E54: 0 | F54: 0 | G54: 0 | H54: 0 | I54: 0 | J54: =SUMPRODUCT(B54:I54,$B$11:$I$11) -> 24
A55: 16:15-16:30 | B55: 1 | C55: 2 | D55: 25 | E55: 0 | F55: 0 | G55: 0 | H55: 0 | I55: 0 | J55: =SUMPRODUCT(B55:I55,$B$11:$I$11) -> 27.5 | K55: =J55+J54 -> 51.5
A56: 16:30-16:45 | B56: 0 | C56: 0 | D56: 38 | E56: 0 | F56: 1 | G56: 0 | H56: 0 | I56: 0 | J56: =SUMPRODUCT(B56:I56,$B$11:$I$11) -> 39.5
A57: 16:45-17:00 | B57: 0 | C57: 1 | D57: 23 | E57: 0 | F57: 0 | G57: 0 | H57: 0 | I57: 0 | J57: =SUMPRODUCT(B57:I57,$B$11:$I$11) -> 24 | K57: =J57+J56 -> 63.5 | L57: =SUM(J54:J57) -> 115 | M57: =SUM(C54:I57) -> 114
A58: 17:00-17:15 | B58: 3 | C58: 2 | D58: 30 | E58: 0 | F58: 0 | G58: 0 | H58: 0 | I58: 0 | J58: =SUMPRODUCT(B58:I58,$B$11:$I$11) -> 33.5
A59: 17:15-17:30 | B59: 0 | C59: 2 | D59: 37 | E59: 0 | F59: 0 | G59: 1 | H59: 0 | I59: 0 | J59: =SUMPRODUCT(B59:I59,$B$11:$I$11) -> 40.5 | K59: =J59+J58 -> 74
A60: 17:30-17:45 | B60: 5 | C60: 0 | D60: 25 | E60: 0 | F60: 0 | G60: 0 | H60: 0 | I60: 0 | J60: =SUMPRODUCT(B60:I60,$B$11:$I$11) -> 27.5
A61: 17:45-18:00 | B61: 0 | C61: 1 | D61: 38 | E61: 0 | F61: 0 | G61: 0 | H61: 0 | I61: 0 | J61: =SUMPRODUCT(B61:I61,$B$11:$I$11) -> 39 | K61: =J61+J60 -> 66.5 | L61: =SUM(J58:J61) -> 140.5 | M61: =SUM(C58:I61) -> 136
A62: 18:00-18:15 | B62: 1 | C62: 0 | D62: 30 | E62: 0 | F62: 0 | G62: 0 | H62: 0 | I62: 0 | J62: =SUMPRODUCT(B62:I62,$B$11:$I$11) -> 30.5
A63: 18:15-18:30 | B63: 1 | C63: 1 | D63: 45 | E63: 0 | F63: 0 | G63: 0 | H63: 0 | I63: 0 | J63: =SUMPRODUCT(B63:I63,$B$11:$I$11) -> 46.5 | K63: =J63+J62 -> 77
A64: 18:30-18:45 | B64: 0 | C64: 0 | D64: 40 | E64: 0 | F64: 0 | G64: 0 | H64: 0 | I64: 0 | J64: =SUMPRODUCT(B64:I64,$B$11:$I$11) -> 40
A65: 18:45-19:00 | B65: 0 | C65: 0 | D65: 21 | E65: 0 | F65: 0 | G65: 1 | H65: 0 | I65: 0 | J65: =SUMPRODUCT(B65:I65,$B$11:$I$11) -> 22.5 | K65: =J65+J64 -> 62.5 | L65: =SUM(J62:J65) -> 139.5 | M65: =SUM(C62:I65) -> 138
A66: 19:00-19:15 | J66: =SUMPRODUCT(B66:I66,$B$11:$I$11) -> 0
A67: 19:15-19:30 | J67: =SUMPRODUCT(B67:I67,$B$11:$I$11) -> 0 | K67: =J67+J66 -> 0
A68: 19:30-19:45 | J68: =SUMPRODUCT(B68:I68,$B$11:$I$11) -> 0
A69: 19:45-20:00 | J69: =SUMPRODUCT(B69:I69,$B$11:$I$11) -> 0 | K69: =J69+J68 -> 0 | L69: =SUM(J66:J69) -> 0 | M69: =SUM(C66:I69) -> 0
A70: SUMME : | B70: =SUM(B14:B69) -> 42 | C70: =SUM(C14:C69) -> 42 | D70: =SUM(D14:D69) -> 1356 | E70: =SUM(E14:E69) -> 4 | F70: =SUM(F14:F69) -> 2 | G70: =SUM(G14:G69) -> 18 | H70: =SUM(H14:H69) -> 0 | I70: =SUM(I14:I69) -> 0 | J70: =SUM(J14:J69) -> 1455

Sheet R2
A3: ICRA Schwap e.U.
A4: VERKEHRSZÄHLUNG - PKW-Einheiten
A5: Datum : | J5: Lfd. Nummer : | K5: 0
A6: ='Deckbl.'!I11 -> 44817 | J6: Wetter : | K6: ='Deckbl.'!I12 -> Sonnig 10-26°
B7: Verkehrszählung : | C7: ='Deckbl.'!C8 -> Karl-Wurmb-Straße / Fanny-von-Lehnert-Straße (Salzburg)
B8: Zählstelle : | I8: Sachbearbeiter : | J8: ICRA / Schwap
B9: Richtung : | C9: R2 | I9: Uhrzeit : | J9: ='Deckbl.'!C11 -> 7-19
B10: Bemerkung : | I10: Dateiname:
A11: Faktoren | B11: 0.5 | C11: 1 | D11: ='Faktoren PKW-E'!B16 -> 1 | E11: 1.5 | F11: 1.5 | G11: 1.5 | H11: 2 | I11: 1.5
C12: einsp. | D12: PKW | E12: Lin. | F12: Reis. | H12: LKW + | I12: sonst. | J12: PKW-E | K12: PKW-E | L12: PKW-E | M12: KFZ
A13: Zeit | B13: Rad | C13: KFZ | D13: Kombi | E13: Bus | F13: Bus | G13: LKW | H13: Anh. | I13: KFZ | J13: / 15 min | K13: / 30 min | L13: / 1 Std. | M13: / 1 Std.
A14: 6:00-6:15 | J14: =SUMPRODUCT(B14:I14,$B$11:$I$11) -> 0
A15: 6:15-6:30 | J15: =SUMPRODUCT(B15:I15,$B$11:$I$11) -> 0 | K15: =J15+J14 -> 0
A16: 6:30-6:45 | J16: =SUMPRODUCT(B16:I16,$B$11:$I$11) -> 0
A17: 6:45-7:00 | J17: =SUMPRODUCT(B17:I17,$B$11:$I$11) -> 0 | K17: =J17+J16 -> 0 | L17: =SUM(J14:J17) -> 0 | M17: =SUM(C14:I17) -> 0
A18: 7:00-7:15 | B18: 1 | C18: 0 | D18: 9 | E18: 0 | F18: 0 | G18: 0 | H18: 0 | I18: 0 | J18: =SUMPRODUCT(B18:I18,$B$11:$I$11) -> 9.5
A19: 7:15-7:30 | B19: 0 | C19: 0 | D19: 5 | E19: 0 | F19: 0 | G19: 0 | H19: 0 | I19: 0 | J19: =SUMPRODUCT(B19:I19,$B$11:$I$11) -> 5 | K19: =J19+J18 -> 14.5
A20: 7:30-7:45 | B20: 0 | C20: 2 | D20: 4 | E20: 0 | F20: 0 | G20: 0 | H20: 0 | I20: 0 | J20: =SUMPRODUCT(B20:I20,$B$11:$I$11) -> 6
A21: 7:45-8:00 | B21: 1 | C21: 1 | D21: 4 | E21: 1 | F21: 0 | G21: 1 | H21: 0 | I21: 0 | J21: =SUMPRODUCT(B21:I21,$B$11:$I$11) -> 8.5 | K21: =J21+J20 -> 14.5 | L21: =SUM(J18:J21) -> 29 | M21: =SUM(C18:I21) -> 27
A22: 8:00-8:15 | B22: 0 | C22: 0 | D22: 5 | E22: 0 | F22: 0 | G22: 0 | H22: 0 | I22: 0 | J22: =SUMPRODUCT(B22:I22,$B$11:$I$11) -> 5
A23: 8:15-8:30 | B23: 2 | C23: 0 | D23: 6 | E23: 0 | F23: 0 | G23: 1 | H23: 0 | I23: 0 | J23: =SUMPRODUCT(B23:I23,$B$11:$I$11) -> 8.5 | K23: =J23+J22 -> 13.5
A24: 8:30-8:45 | B24: 2 | C24: 0 | D24: 5 | E24: 0 | F24: 0 | G24: 2 | H24: 0 | I24: 0 | J24: =SUMPRODUCT(B24:I24,$B$11:$I$11) -> 9
A25: 8:45-9:00 | B25: 2 | C25: 0 | D25: 4 | E25: 0 | F25: 1 | G25: 0 | H25: 0 | I25: 0 | J25: =SUMPRODUCT(B25:I25,$B$11:$I$11) -> 6.5 | K25: =J25+J24 -> 15.5 | L25: =SUM(J22:J25) -> 29 | M25: =SUM(C22:I25) -> 24
A26: 9:00-9:15 | B26: 6 | C26: 0 | D26: 6 | E26: 0 | F26: 0 | G26: 0 | H26: 0 | I26: 0 | J26: =SUMPRODUCT(B26:I26,$B$11:$I$11) -> 9
A27: 9:15-9:30 | B27: 2 | C27: 0 | D27: 7 | E27: 0 | F27: 0 | G27: 0 | H27: 0 | I27: 0 | J27: =SUMPRODUCT(B27:I27,$B$11:$I$11) -> 8 | K27: =J27+J26 -> 17
A28: 9:30-9:45 | B28: 2 | C28: 1 | D28: 8 | E28: 0 | F28: 0 | G28: 0 | H28: 0 | I28: 0 | J28: =SUMPRODUCT(B28:I28,$B$11:$I$11) -> 10
A29: 9:45-10:00 | B29: 2 | C29: 0 | D29: 5 | E29: 0 | F29: 0 | G29: 1 | H29: 0 | I29: 0 | J29: =SUMPRODUCT(B29:I29,$B$11:$I$11) -> 7.5 | K29: =J29+J28 -> 17.5 | L29: =SUM(J26:J29) -> 34.5 | M29: =SUM(C26:I29) -> 28
A30: 10:00-10:15 | B30: 0 | C30: 2 | D30: 6 | E30: 0 | F30: 0 | G30: 0 | H30: 0 | I30: 0 | J30: =SUMPRODUCT(B30:I30,$B$11:$I$11) -> 8
A31: 10:15-10:30 | B31: 2 | C31: 0 | D31: 8 | E31: 0 | F31: 0 | G31: 1 | H31: 0 | I31: 0 | J31: =SUMPRODUCT(B31:I31,$B$11:$I$11) -> 10.5 | K31: =J31+J30 -> 18.5
A32: 10:30-10:45 | B32: 1 | C32: 0 | D32: 7 | E32: 0 | F32: 0 | G32: 0 | H32: 0 | I32: 0 | J32: =SUMPRODUCT(B32:I32,$B$11:$I$11) -> 7.5
A33: 10:45-11:00 | B33: 5 | C33: 1 | D33: 11 | E33: 0 | F33: 0 | G33: 0 | H33: 0 | I33: 0 | J33: =SUMPRODUCT(B33:I33,$B$11:$I$11) -> 14.5 | K33: =J33+J32 -> 22 | L33: =SUM(J30:J33) -> 40.5 | M33: =SUM(C30:I33) -> 36
A34: 11:00-11:15 | B34: 2 | C34: 0 | D34: 8 | E34: 0 | F34: 0 | G34: 0 | H34: 0 | I34: 0 | J34: =SUMPRODUCT(B34:I34,$B$11:$I$11) -> 9
A35: 11:15-11:30 | B35: 1 | C35: 0 | D35: 13 | E35: 0 | F35: 0 | G35: 0 | H35: 0 | I35: 0 | J35: =SUMPRODUCT(B35:I35,$B$11:$I$11) -> 13.5 | K35: =J35+J34 -> 22.5
A36: 11:30-11:45 | B36: 2 | C36: 1 | D36: 4 | E36: 0 | F36: 0 | G36: 0 | H36: 0 | I36: 0 | J36: =SUMPRODUCT(B36:I36,$B$11:$I$11) -> 6
A37: 11:45-12:00 | B37: 2 | C37: 0 | D37: 7 | E37: 0 | F37: 0 | G37: 0 | H37: 0 | I37: 0 | J37: =SUMPRODUCT(B37:I37,$B$11:$I$11) -> 8 | K37: =J37+J36 -> 14 | L37: =SUM(J34:J37) -> 36.5 | M37: =SUM(C34:I37) -> 33
A38: 12:00-12:15 | B38: 1 | C38: 0 | D38: 6 | E38: 0 | F38: 0 | G38: 0 | H38: 0 | I38: 0 | J38: =SUMPRODUCT(B38:I38,$B$11:$I$11) -> 6.5
A39: 12:15-12:30 | B39: 0 | C39: 0 | D39: 8 | E39: 0 | F39: 0 | G39: 0 | H39: 0 | I39: 0 | J39: =SUMPRODUCT(B39:I39,$B$11:$I$11) -> 8 | K39: =J39+J38 -> 14.5
A40: 12:30-12:45 | B40: 3 | C40: 0 | D40: 5 | E40: 0 | F40: 0 | G40: 1 | H40: 0 | I40: 0 | J40: =SUMPRODUCT(B40:I40,$B$11:$I$11) -> 8
A41: 12:45-13:00 | B41: 0 | C41: 0 | D41: 2 | E41: 0 | F41: 0 | G41: 0 | H41: 0 | I41: 0 | J41: =SUMPRODUCT(B41:I41,$B$11:$I$11) -> 2 | K41: =J41+J40 -> 10 | L41: =SUM(J38:J41) -> 24.5 | M41: =SUM(C38:I41) -> 22
A42: 13:00-13:15 | B42: 1 | C42: 0 | D42: 9 | E42: 0 | F42: 0 | G42: 0 | H42: 0 | I42: 0 | J42: =SUMPRODUCT(B42:I42,$B$11:$I$11) -> 9.5
A43: 13:15-13:30 | B43: 2 | C43: 0 | D43: 5 | E43: 0 | F43: 0 | G43: 0 | H43: 0 | I43: 0 | J43: =SUMPRODUCT(B43:I43,$B$11:$I$11) -> 6 | K43: =J43+J42 -> 15.5
A44: 13:30-13:45 | B44: 0 | C44: 0 | D44: 6 | E44: 0 | F44: 0 | G44: 0 | H44: 0 | I44: 0 | J44: =SUMPRODUCT(B44:I44,$B$11:$I$11) -> 6
A45: 13:45-14:00 | B45: 1 | C45: 0 | D45: 13 | E45: 0 | F45: 0 | G45: 0 | H45: 0 | I45: 0 | J45: =SUMPRODUCT(B45:I45,$B$11:$I$11) -> 13.5 | K45: =J45+J44 -> 19.5 | L45: =SUM(J42:J45) -> 35 | M45: =SUM(C42:I45) -> 33
A46: 14:00-14:15 | B46: 0 | C46: 0 | D46: 4 | E46: 0 | F46: 0 | G46: 0 | H46: 0 | I46: 0 | J46: =SUMPRODUCT(B46:I46,$B$11:$I$11) -> 4
A47: 14:15-14:30 | B47: 3 | C47: 1 | D47: 7 | E47: 0 | F47: 0 | G47: 0 | H47: 0 | I47: 0 | J47: =SUMPRODUCT(B47:I47,$B$11:$I$11) -> 9.5 | K47: =J47+J46 -> 13.5
A48: 14:30-14:45 | B48: 3 | C48: 1 | D48: 8 | E48: 0 | F48: 0 | G48: 0 | H48: 0 | I48: 0 | J48: =SUMPRODUCT(B48:I48,$B$11:$I$11) -> 10.5
A49: 14:45-15:00 | B49: 3 | C49: 0 | D49: 3 | E49: 0 | F49: 0 | G49: 0 | H49: 0 | I49: 0 | J49: =SUMPRODUCT(B49:I49,$B$11:$I$11) -> 4.5 | K49: =J49+J48 -> 15 | L49: =SUM(J46:J49) -> 28.5 | M49: =SUM(C46:I49) -> 24
A50: 15:00-15:15 | B50: 3 | C50: 0 | D50: 4 | E50: 0 | F50: 0 | G50: 0 | H50: 0 | I50: 0 | J50: =SUMPRODUCT(B50:I50,$B$11:$I$11) -> 5.5
A51: 15:15-15:30 | B51: 0 | C51: 0 | D51: 7 | E51: 0 | F51: 0 | G51: 0 | H51: 0 | I51: 0 | J51: =SUMPRODUCT(B51:I51,$B$11:$I$11) -> 7 | K51: =J51+J50 -> 12.5
A52: 15:30-15:45 | B52: 1 | C52: 0 | D52: 6 | E52: 0 | F52: 0 | G52: 0 | H52: 0 | I52: 0 | J52: =SUMPRODUCT(B52:I52,$B$11:$I$11) -> 6.5
A53: 15:45-16:00 | B53: 0 | C53: 0 | D53: 5 | E53: 0 | F53: 0 | G53: 0 | H53: 0 | I53: 0 | J53: =SUMPRODUCT(B53:I53,$B$11:$I$11) -> 5 | K53: =J53+J52 -> 11.5 | L53: =SUM(J50:J53) -> 24 | M53: =SUM(C50:I53) -> 22
A54: 16:00-16:15 | B54: 3 | C54: 1 | D54: 7 | E54: 0 | F54: 0 | G54: 0 | H54: 0 | I54: 0 | J54: =SUMPRODUCT(B54:I54,$B$11:$I$11) -> 9.5
A55: 16:15-16:30 | B55: 3 | C55: 0 | D55: 3 | E55: 0 | F55: 0 | G55: 0 | H55: 0 | I55: 0 | J55: =SUMPRODUCT(B55:I55,$B$11:$I$11) -> 4.5 | K55: =J55+J54 -> 14
A56: 16:30-16:45 | B56: 0 | C56: 0 | D56: 13 | E56: 0 | F56: 0 | G56: 0 | H56: 0 | I56: 0 | J56: =SUMPRODUCT(B56:I56,$B$11:$I$11) -> 13
A57: 16:45-17:00 | B57: 0 | C57: 0 | D57: 8 | E57: 0 | F57: 0 | G57: 0 | H57: 0 | I57: 0 | J57: =SUMPRODUCT(B57:I57,$B$11:$I$11) -> 8 | K57: =J57+J56 -> 21 | L57: =SUM(J54:J57) -> 35 | M57: =SUM(C54:I57) -> 32
A58: 17:00-17:15 | B58: 6 | C58: 0 | D58: 10 | E58: 0 | F58: 0 | G58: 0 | H58: 0 | I58: 0 | J58: =SUMPRODUCT(B58:I58,$B$11:$I$11) -> 13
A59: 17:15-17:30 | B59: 4 | C59: 0 | D59: 5 | E59: 0 | F59: 0 | G59: 0 | H59: 0 | I59: 0 | J59: =SUMPRODUCT(B59:I59,$B$11:$I$11) -> 7 | K59: =J59+J58 -> 20
A60: 17:30-17:45 | B60: 2 | C60: 1 | D60: 12 | E60: 0 | F60: 0 | G60: 0 | H60: 0 | I60: 0 | J60: =SUMPRODUCT(B60:I60,$B$11:$I$11) -> 14
A61: 17:45-18:00 | B61: 2 | C61: 0 | D61: 7 | E61: 0 | F61: 0 | G61: 0 | H61: 0 | I61: 0 | J61: =SUMPRODUCT(B61:I61,$B$11:$I$11) -> 8 | K61: =J61+J60 -> 22 | L61: =SUM(J58:J61) -> 42 | M61: =SUM(C58:I61) -> 35
A62: 18:00-18:15 | B62: 2 | C62: 0 | D62: 5 | E62: 0 | F62: 0 | G62: 0 | H62: 0 | I62: 0 | J62: =SUMPRODUCT(B62:I62,$B$11:$I$11) -> 6
A63: 18:15-18:30 | B63: 2 | C63: 2 | D63: 6 | E63: 0 | F63: 0 | G63: 0 | H63: 0 | I63: 0 | J63: =SUMPRODUCT(B63:I63,$B$11:$I$11) -> 9 | K63: =J63+J62 -> 15
A64: 18:30-18:45 | B64: 1 | C64: 0 | D64: 11 | E64: 0 | F64: 0 | G64: 0 | H64: 0 | I64: 0 | J64: =SUMPRODUCT(B64:I64,$B$11:$I$11) -> 11.5
A65: 18:45-19:00 | B65: 8 | C65: 0 | D65: 8 | E65: 0 | F65: 0 | G65: 0 | H65: 0 | I65: 0 | J65: =SUMPRODUCT(B65:I65,$B$11:$I$11) -> 12 | K65: =J65+J64 -> 23.5 | L65: =SUM(J62:J65) -> 38.5 | M65: =SUM(C62:I65) -> 32
A66: 19:00-19:15 | J66: =SUMPRODUCT(B66:I66,$B$11:$I$11) -> 0
A67: 19:15-19:30 | J67: =SUMPRODUCT(B67:I67,$B$11:$I$11) -> 0 | K67: =J67+J66 -> 0
A68: 19:30-19:45 | J68: =SUMPRODUCT(B68:I68,$B$11:$I$11) -> 0
A69: 19:45-20:00 | J69: =SUMPRODUCT(B69:I69,$B$11:$I$11) -> 0 | K69: =J69+J68 -> 0 | L69: =SUM(J66:J69) -> 0 | M69: =SUM(C66:I69) -> 0
A70: SUMME : | B70: =SUM(B14:B69) -> 89 | C70: =SUM(C14:C69) -> 14 | D70: =SUM(D14:D69) -> 325 | E70: =SUM(E14:E69) -> 1 | F70: =SUM(F14:F69) -> 1 | G70: =SUM(G14:G69) -> 7 | H70: =SUM(H14:H69) -> 0 | I70: =SUM(I14:I69) -> 0 | J70: =SUM(J14:J69) -> 397

Sheet R3
A3: ICRA Schwap e.U.
A4: VERKEHRSZÄHLUNG - PKW-Einheiten
A5: Datum : | J5: Lfd. Nummer : | K5: 0
A6: ='Deckbl.'!I11 -> 44817 | J6: Wetter : | K6: ='Deckbl.'!I12 -> Sonnig 10-26°
B7: Verkehrszählung : | C7: ='Deckbl.'!C8 -> Karl-Wurmb-Straße / Fanny-von-Lehnert-Straße (Salzburg)
B8: Zählstelle : | I8: Sachbearbeiter : | J8: ICRA / Schwap
B9: Richtung : | C9: R3 | I9: Uhrzeit : | J9: ='Deckbl.'!C11 -> 7-19
B10: Bemerkung : | I10: Dateiname:
A11: Faktoren | B11: 0.5 | C11: 1 | D11: ='Faktoren PKW-E'!B16 -> 1 | E11: 1.5 | F11: 1.5 | G11: 1.5 | H11: 2 | I11: 1.5
C12: einsp. | D12: PKW | E12: Lin. | F12: Reis. | H12: LKW + | I12: sonst. | J12: PKW-E | K12: PKW-E | L12: PKW-E | M12: KFZ
A13: Zeit | B13: Rad | C13: KFZ | D13: Kombi | E13: Bus | F13: Bus | G13: LKW | H13: Anh. | I13: KFZ | J13: / 15 min | K13: / 30 min | L13: / 1 Std. | M13: / 1 Std.
A14: 6:00-6:15 | J14: =SUMPRODUCT(B14:I14,$B$11:$I$11) -> 0
A15: 6:15-6:30 | J15: =SUMPRODUCT(B15:I15,$B$11:$I$11) -> 0 | K15: =J15+J14 -> 0
A16: 6:30-6:45 | J16: =SUMPRODUCT(B16:I16,$B$11:$I$11) -> 0
A17: 6:45-7:00 | J17: =SUMPRODUCT(B17:I17,$B$11:$I$11) -> 0 | K17: =J17+J16 -> 0 | L17: =SUM(J14:J17) -> 0 | M17: =SUM(C14:I17) -> 0
A18: 7:00-7:15 | B18: 0 | C18: 0 | D18: 9 | E18: 0 | F18: 0 | G18: 1 | H18: 0 | I18: 0 | J18: =SUMPRODUCT(B18:I18,$B$11:$I$11) -> 10.5
A19: 7:15-7:30 | B19: 0 | C19: 0 | D19: 7 | E19: 0 | F19: 0 | G19: 0 | H19: 0 | I19: 0 | J19: =SUMPRODUCT(B19:I19,$B$11:$I$11) -> 7 | K19: =J19+J18 -> 17.5
A20: 7:30-7:45 | B20: 0 | C20: 0 | D20: 4 | E20: 0 | F20: 0 | G20: 0 | H20: 0 | I20: 0 | J20: =SUMPRODUCT(B20:I20,$B$11:$I$11) -> 4
A21: 7:45-8:00 | B21: 1 | C21: 0 | D21: 10 | E21: 0 | F21: 0 | G21: 0 | H21: 0 | I21: 0 | J21: =SUMPRODUCT(B21:I21,$B$11:$I$11) -> 10.5 | K21: =J21+J20 -> 14.5 | L21: =SUM(J18:J21) -> 32 | M21: =SUM(C18:I21) -> 31
A22: 8:00-8:15 | B22: 1 | C22: 0 | D22: 8 | E22: 0 | F22: 0 | G22: 0 | H22: 0 | I22: 0 | J22: =SUMPRODUCT(B22:I22,$B$11:$I$11) -> 8.5
A23: 8:15-8:30 | B23: 0 | C23: 0 | D23: 8 | E23: 0 | F23: 0 | G23: 0 | H23: 0 | I23: 0 | J23: =SUMPRODUCT(B23:I23,$B$11:$I$11) -> 8 | K23: =J23+J22 -> 16.5
A24: 8:30-8:45 | B24: 0 | C24: 0 | D24: 2 | E24: 0 | F24: 0 | G24: 0 | H24: 0 | I24: 0 | J24: =SUMPRODUCT(B24:I24,$B$11:$I$11) -> 2
A25: 8:45-9:00 | B25: 0 | C25: 0 | D25: 3 | E25: 0 | F25: 0 | G25: 0 | H25: 0 | I25: 0 | J25: =SUMPRODUCT(B25:I25,$B$11:$I$11) -> 3 | K25: =J25+J24 -> 5 | L25: =SUM(J22:J25) -> 21.5 | M25: =SUM(C22:I25) -> 21
A26: 9:00-9:15 | B26: 1 | C26: 0 | D26: 6 | E26: 0 | F26: 0 | G26: 0 | H26: 0 | I26: 0 | J26: =SUMPRODUCT(B26:I26,$B$11:$I$11) -> 6.5
A27: 9:15-9:30 | B27: 0 | C27: 0 | D27: 1 | E27: 0 | F27: 0 | G27: 0 | H27: 0 | I27: 0 | J27: =SUMPRODUCT(B27:I27,$B$11:$I$11) -> 1 | K27: =J27+J26 -> 7.5
A28: 9:30-9:45 | B28: 0 | C28: 0 | D28: 3 | E28: 0 | F28: 0 | G28: 0 | H28: 0 | I28: 0 | J28: =SUMPRODUCT(B28:I28,$B$11:$I$11) -> 3
A29: 9:45-10:00 | B29: 0 | C29: 0 | D29: 2 | E29: 0 | F29: 0 | G29: 0 | H29: 0 | I29: 0 | J29: =SUMPRODUCT(B29:I29,$B$11:$I$11) -> 2 | K29: =J29+J28 -> 5 | L29: =SUM(J26:J29) -> 12.5 | M29: =SUM(C26:I29) -> 12
A30: 10:00-10:15 | B30: 0 | C30: 0 | D30: 4 | E30: 0 | F30: 0 | G30: 0 | H30: 0 | I30: 0 | J30: =SUMPRODUCT(B30:I30,$B$11:$I$11) -> 4
A31: 10:15-10:30 | B31: 0 | C31: 0 | D31: 1 | E31: 0 | F31: 0 | G31: 0 | H31: 0 | I31: 0 | J31: =SUMPRODUCT(B31:I31,$B$11:$I$11) -> 1 | K31: =J31+J30 -> 5
A32: 10:30-10:45 | B32: 0 | C32: 0 | D32: 2 | E32: 0 | F32: 0 | G32: 0 | H32: 0 | I32: 0 | J32: =SUMPRODUCT(B32:I32,$B$11:$I$11) -> 2
A33: 10:45-11:00 | B33: 1 | C33: 0 | D33: 3 | E33: 0 | F33: 0 | G33: 0 | H33: 0 | I33: 0 | J33: =SUMPRODUCT(B33:I33,$B$11:$I$11) -> 3.5 | K33: =J33+J32 -> 5.5 | L33: =SUM(J30:J33) -> 10.5 | M33: =SUM(C30:I33) -> 10
A34: 11:00-11:15 | B34: 2 | C34: 0 | D34: 4 | E34: 0 | F34: 0 | G34: 0 | H34: 0 | I34: 0 | J34: =SUMPRODUCT(B34:I34,$B$11:$I$11) -> 5
A35: 11:15-11:30 | B35: 0 | C35: 0 | D35: 6 | E35: 0 | F35: 0 | G35: 0 | H35: 0 | I35: 0 | J35: =SUMPRODUCT(B35:I35,$B$11:$I$11) -> 6 | K35: =J35+J34 -> 11
A36: 11:30-11:45 | B36: 0 | C36: 0 | D36: 6 | E36: 0 | F36: 0 | G36: 0 | H36: 0 | I36: 0 | J36: =SUMPRODUCT(B36:I36,$B$11:$I$11) -> 6
A37: 11:45-12:00 | B37: 0 | C37: 0 | D37: 4 | E37: 0 | F37: 0 | G37: 0 | H37: 0 | I37: 0 | J37: =SUMPRODUCT(B37:I37,$B$11:$I$11) -> 4 | K37: =J37+J36 -> 10 | L37: =SUM(J34:J37) -> 21 | M37: =SUM(C34:I37) -> 20
A38: 12:00-12:15 | B38: 0 | C38: 0 | D38: 3 | E38: 0 | F38: 0 | G38: 0 | H38: 0 | I38: 0 | J38: =SUMPRODUCT(B38:I38,$B$11:$I$11) -> 3
A39: 12:15-12:30 | B39: 0 | C39: 0 | D39: 4 | E39: 0 | F39: 0 | G39: 0 | H39: 0 | I39: 0 | J39: =SUMPRODUCT(B39:I39,$B$11:$I$11) -> 4 | K39: =J39+J38 -> 7
A40: 12:30-12:45 | B40: 0 | C40: 0 | D40: 7 | E40: 0 | F40: 0 | G40: 0 | H40: 0 | I40: 0 | J40: =SUMPRODUCT(B40:I40,$B$11:$I$11) -> 7
A41: 12:45-13:00 | B41: 0 | C41: 0 | D41: 3 | E41: 0 | F41: 0 | G41: 0 | H41: 0 | I41: 0 | J41: =SUMPRODUCT(B41:I41,$B$11:$I$11) -> 3 | K41: =J41+J40 -> 10 | L41: =SUM(J38:J41) -> 17 | M41: =SUM(C38:I41) -> 17
A42: 13:00-13:15 | B42: 0 | C42: 0 | D42: 5 | E42: 0 | F42: 0 | G42: 0 | H42: 0 | I42: 0 | J42: =SUMPRODUCT(B42:I42,$B$11:$I$11) -> 5
A43: 13:15-13:30 | B43: 0 | C43: 1 | D43: 4 | E43: 0 | F43: 0 | G43: 0 | H43: 0 | I43: 0 | J43: =SUMPRODUCT(B43:I43,$B$11:$I$11) -> 5 | K43: =J43+J42 -> 10
A44: 13:30-13:45 | B44: 0 | C44: 0 | D44: 6 | E44: 0 | F44: 0 | G44: 0 | H44: 0 | I44: 0 | J44: =SUMPRODUCT(B44:I44,$B$11:$I$11) -> 6
A45: 13:45-14:00 | B45: 0 | C45: 0 | D45: 5 | E45: 0 | F45: 0 | G45: 0 | H45: 0 | I45: 0 | J45: =SUMPRODUCT(B45:I45,$B$11:$I$11) -> 5 | K45: =J45+J44 -> 11 | L45: =SUM(J42:J45) -> 21 | M45: =SUM(C42:I45) -> 21
A46: 14:00-14:15 | B46: 0 | C46: 0 | D46: 6 | E46: 0 | F46: 0 | G46: 0 | H46: 0 | I46: 0 | J46: =SUMPRODUCT(B46:I46,$B$11:$I$11) -> 6
A47: 14:15-14:30 | B47: 0 | C47: 0 | D47: 4 | E47: 0 | F47: 0 | G47: 0 | H47: 0 | I47: 0 | J47: =SUMPRODUCT(B47:I47,$B$11:$I$11) -> 4 | K47: =J47+J46 -> 10
A48: 14:30-14:45 | B48: 0 | C48: 0 | D48: 8 | E48: 0 | F48: 0 | G48: 0 | H48: 0 | I48: 0 | J48: =SUMPRODUCT(B48:I48,$B$11:$I$11) -> 8
A49: 14:45-15:00 | B49: 0 | C49: 0 | D49: 5 | E49: 0 | F49: 0 | G49: 0 | H49: 0 | I49: 0 | J49: =SUMPRODUCT(B49:I49,$B$11:$I$11) -> 5 | K49: =J49+J48 -> 13 | L49: =SUM(J46:J49) -> 23 | M49: =SUM(C46:I49) -> 23
A50: 15:00-15:15 | B50: 0 | C50: 1 | D50: 4 | E50: 0 | F50: 0 | G50: 0 | H50: 0 | I50: 0 | J50: =SUMPRODUCT(B50:I50,$B$11:$I$11) -> 5
A51: 15:15-15:30 | B51: 1 | C51: 0 | D51: 1 | E51: 0 | F51: 0 | G51: 0 | H51: 0 | I51: 0 | J51: =SUMPRODUCT(B51:I51,$B$11:$I$11) -> 1.5 | K51: =J51+J50 -> 6.5
A52: 15:30-15:45 | B52: 1 | C52: 0 | D52: 6 | E52: 0 | F52: 0 | G52: 0 | H52: 0 | I52: 0 | J52: =SUMPRODUCT(B52:I52,$B$11:$I$11) -> 6.5
A53: 15:45-16:00 | B53: 0 | C53: 1 | D53: 4 | E53: 0 | F53: 0 | G53: 0 | H53: 0 | I53: 0 | J53: =SUMPRODUCT(B53:I53,$B$11:$I$11) -> 5 | K53: =J53+J52 -> 11.5 | L53: =SUM(J50:J53) -> 18 | M53: =SUM(C50:I53) -> 17
A54: 16:00-16:15 | B54: 0 | C54: 0 | D54: 2 | E54: 0 | F54: 0 | G54: 0 | H54: 0 | I54: 0 | J54: =SUMPRODUCT(B54:I54,$B$11:$I$11) -> 2
A55: 16:15-16:30 | B55: 0 | C55: 1 | D55: 2 | E55: 0 | F55: 0 | G55: 0 | H55: 0 | I55: 0 | J55: =SUMPRODUCT(B55:I55,$B$11:$I$11) -> 3 | K55: =J55+J54 -> 5
A56: 16:30-16:45 | B56: 1 | C56: 0 | D56: 6 | E56: 0 | F56: 0 | G56: 0 | H56: 0 | I56: 0 | J56: =SUMPRODUCT(B56:I56,$B$11:$I$11) -> 6.5
A57: 16:45-17:00 | B57: 0 | C57: 0 | D57: 3 | E57: 0 | F57: 0 | G57: 0 | H57: 0 | I57: 0 | J57: =SUMPRODUCT(B57:I57,$B$11:$I$11) -> 3 | K57: =J57+J56 -> 9.5 | L57: =SUM(J54:J57) -> 14.5 | M57: =SUM(C54:I57) -> 14
A58: 17:00-17:15 | B58: 0 | C58: 0 | D58: 9 | E58: 0 | F58: 0 | G58: 0 | H58: 0 | I58: 0 | J58: =SUMPRODUCT(B58:I58,$B$11:$I$11) -> 9
A59: 17:15-17:30 | B59: 0 | C59: 1 | D59: 3 | E59: 0 | F59: 0 | G59: 0 | H59: 0 | I59: 0 | J59: =SUMPRODUCT(B59:I59,$B$11:$I$11) -> 4 | K59: =J59+J58 -> 13
A60: 17:30-17:45 | B60: 1 | C60: 0 | D60: 11 | E60: 0 | F60: 0 | G60: 0 | H60: 0 | I60: 0 | J60: =SUMPRODUCT(B60:I60,$B$11:$I$11) -> 11.5
A61: 17:45-18:00 | B61: 0 | C61: 0 | D61: 6 | E61: 0 | F61: 0 | G61: 0 | H61: 0 | I61: 0 | J61: =SUMPRODUCT(B61:I61,$B$11:$I$11) -> 6 | K61: =J61+J60 -> 17.5 | L61: =SUM(J58:J61) -> 30.5 | M61: =SUM(C58:I61) -> 30
A62: 18:00-18:15 | B62: 1 | C62: 0 | D62: 1 | E62: 0 | F62: 0 | G62: 0 | H62: 0 | I62: 0 | J62: =SUMPRODUCT(B62:I62,$B$11:$I$11) -> 1.5
A63: 18:15-18:30 | B63: 0 | C63: 0 | D63: 6 | E63: 0 | F63: 0 | G63: 0 | H63: 0 | I63: 0 | J63: =SUMPRODUCT(B63:I63,$B$11:$I$11) -> 6 | K63: =J63+J62 -> 7.5
A64: 18:30-18:45 | B64: 1 | C64: 0 | D64: 4 | E64: 0 | F64: 0 | G64: 0 | H64: 0 | I64: 0 | J64: =SUMPRODUCT(B64:I64,$B$11:$I$11) -> 4.5
A65: 18:45-19:00 | B65: 0 | C65: 0 | D65: 1 | E65: 0 | F65: 0 | G65: 0 | H65: 0 | I65: 0 | J65: =SUMPRODUCT(B65:I65,$B$11:$I$11) -> 1 | K65: =J65+J64 -> 5.5 | L65: =SUM(J62:J65) -> 13 | M65: =SUM(C62:I65) -> 12
A66: 19:00-19:15 | J66: =SUMPRODUCT(B66:I66,$B$11:$I$11) -> 0
A67: 19:15-19:30 | J67: =SUMPRODUCT(B67:I67,$B$11:$I$11) -> 0 | K67: =J67+J66 -> 0
A68: 19:30-19:45 | J68: =SUMPRODUCT(B68:I68,$B$11:$I$11) -> 0
A69: 19:45-20:00 | J69: =SUMPRODUCT(B69:I69,$B$11:$I$11) -> 0 | K69: =J69+J68 -> 0 | L69: =SUM(J66:J69) -> 0 | M69: =SUM(C66:I69) -> 0
A70: SUMME : | B70: =SUM(B14:B69) -> 12 | C70: =SUM(C14:C69) -> 5 | D70: =SUM(D14:D69) -> 222 | E70: =SUM(E14:E69) -> 0 | F70: =SUM(F14:F69) -> 0 | G70: =SUM(G14:G69) -> 1 | H70: =SUM(H14:H69) -> 0 | I70: =SUM(I14:I69) -> 0 | J70: =SUM(J14:J69) -> 234.5

Sheet R4
A3: ICRA Schwap e.U.
A4: VERKEHRSZÄHLUNG - PKW-Einheiten
A5: Datum : | J5: Lfd. Nummer : | K5: 0
A6: ='Deckbl.'!I11 -> 44817 | J6: Wetter : | K6: ='Deckbl.'!I12 -> Sonnig 10-26°
B7: Verkehrszählung : | C7: ='Deckbl.'!C8 -> Karl-Wurmb-Straße / Fanny-von-Lehnert-Straße (Salzburg)
B8: Zählstelle : | I8: Sachbearbeiter : | J8: ICRA / Schwap
B9: Richtung : | C9: R4 | I9: Uhrzeit : | J9: ='Deckbl.'!C11 -> 7-19
B10: Bemerkung : | I10: Dateiname:
A11: Faktoren | B11: 0.5 | C11: 1 | D11: ='Faktoren PKW-E'!B16 -> 1 | E11: 1.5 | F11: 1.5 | G11: 1.5 | H11: 2 | I11: 1.5
C12: einsp. | D12: PKW | E12: Lin. | F12: Reis. | H12: LKW + | I12: sonst. | J12: PKW-E | K12: PKW-E | L12: PKW-E | M12: KFZ
A13: Zeit | B13: Rad | C13: KFZ | D13: Kombi | E13: Bus | F13: Bus | G13: LKW | H13: Anh. | I13: KFZ | J13: / 15 min | K13: / 30 min | L13: / 1 Std. | M13: / 1 Std.
A14: 6:00-6:15 | J14: =SUMPRODUCT(B14:I14,$B$11:$I$11) -> 0
A15: 6:15-6:30 | J15: =SUMPRODUCT(B15:I15,$B$11:$I$11) -> 0 | K15: =J15+J14 -> 0
A16: 6:30-6:45 | J16: =SUMPRODUCT(B16:I16,$B$11:$I$11) -> 0
A17: 6:45-7:00 | J17: =SUMPRODUCT(B17:I17,$B$11:$I$11) -> 0 | K17: =J17+J16 -> 0 | L17: =SUM(J14:J17) -> 0 | M17: =SUM(C14:I17) -> 0
A18: 7:00-7:15 | B18: 0 | C18: 0 | D18: 0 | E18: 0 | F18: 0 | G18: 0 | H18: 0 | I18: 0 | J18: =SUMPRODUCT(B18:I18,$B$11:$I$11) -> 0
A19: 7:15-7:30 | B19: 0 | C19: 0 | D19: 1 | E19: 0 | F19: 0 | G19: 0 | H19: 0 | I19: 0 | J19: =SUMPRODUCT(B19:I19,$B$11:$I$11) -> 1 | K19: =J19+J18 -> 1
A20: 7:30-7:45 | B20: 0 | C20: 0 | D20: 2 | E20: 0 | F20: 0 | G20: 0 | H20: 0 | I20: 0 | J20: =SUMPRODUCT(B20:I20,$B$11:$I$11) -> 2
A21: 7:45-8:00 | B21: 0 | C21: 2 | D21: 0 | E21: 0 | F21: 0 | G21: 0 | H21: 0 | I21: 0 | J21: =SUMPRODUCT(B21:I21,$B$11:$I$11) -> 2 | K21: =J21+J20 -> 4 | L21: =SUM(J18:J21) -> 5 | M21: =SUM(C18:I21) -> 5
A22: 8:00-8:15 | B22: 0 | C22: 0 | D22: 0 | E22: 0 | F22: 0 | G22: 0 | H22: 0 | I22: 0 | J22: =SUMPRODUCT(B22:I22,$B$11:$I$11) -> 0
A23: 8:15-8:30 | B23: 0 | C23: 0 | D23: 0 | E23: 0 | F23: 0 | G23: 0 | H23: 0 | I23: 0 | J23: =SUMPRODUCT(B23:I23,$B$11:$I$11) -> 0 | K23: =J23+J22 -> 0
A24: 8:30-8:45 | B24: 0 | C24: 0 | D24: 0 | E24: 0 | F24: 0 | G24: 0 | H24: 0 | I24: 0 | J24: =SUMPRODUCT(B24:I24,$B$11:$I$11) -> 0
A25: 8:45-9:00 | B25: 0 | C25: 0 | D25: 2 | E25: 0 | F25: 0 | G25: 0 | H25: 0 | I25: 0 | J25: =SUMPRODUCT(B25:I25,$B$11:$I$11) -> 2 | K25: =J25+J24 -> 2 | L25: =SUM(J22:J25) -> 2 | M25: =SUM(C22:I25) -> 2
A26: 9:00-9:15 | B26: 0 | C26: 0 | D26: 2 | E26: 0 | F26: 0 | G26: 0 | H26: 0 | I26: 0 | J26: =SUMPRODUCT(B26:I26,$B$11:$I$11) -> 2
A27: 9:15-9:30 | B27: 0 | C27: 0 | D27: 0 | E27: 0 | F27: 0 | G27: 0 | H27: 0 | I27: 0 | J27: =SUMPRODUCT(B27:I27,$B$11:$I$11) -> 0 | K27: =J27+J26 -> 2
A28: 9:30-9:45 | B28: 0 | C28: 0 | D28: 0 | E28: 0 | F28: 0 | G28: 0 | H28: 0 | I28: 0 | J28: =SUMPRODUCT(B28:I28,$B$11:$I$11) -> 0
A29: 9:45-10:00 | B29: 0 | C29: 0 | D29: 1 | E29: 0 | F29: 0 | G29: 0 | H29: 0 | I29: 0 | J29: =SUMPRODUCT(B29:I29,$B$11:$I$11) -> 1 | K29: =J29+J28 -> 1 | L29: =SUM(J26:J29) -> 3 | M29: =SUM(C26:I29) -> 3
A30: 10:00-10:15 | B30: 0 | C30: 0 | D30: 2 | E30: 0 | F30: 0 | G30: 0 | H30: 0 | I30: 0 | J30: =SUMPRODUCT(B30:I30,$B$11:$I$11) -> 2
A31: 10:15-10:30 | B31: 0 | C31: 0 | D31: 3 | E31: 0 | F31: 0 | G31: 0 | H31: 0 | I31: 0 | J31: =SUMPRODUCT(B31:I31,$B$11:$I$11) -> 3 | K31: =J31+J30 -> 5
A32: 10:30-10:45 | B32: 0 | C32: 0 | D32: 2 | E32: 0 | F32: 0 | G32: 0 | H32: 0 | I32: 0 | J32: =SUMPRODUCT(B32:I32,$B$11:$I$11) -> 2
A33: 10:45-11:00 | B33: 0 | C33: 0 | D33: 4 | E33: 0 | F33: 0 | G33: 0 | H33: 0 | I33: 0 | J33: =SUMPRODUCT(B33:I33,$B$11:$I$11) -> 4 | K33: =J33+J32 -> 6 | L33: =SUM(J30:J33) -> 11 | M33: =SUM(C30:I33) -> 11
A34: 11:00-11:15 | B34: 0 | C34: 0 | D34: 4 | E34: 0 | F34: 0 | G34: 0 | H34: 0 | I34: 0 | J34: =SUMPRODUCT(B34:I34,$B$11:$I$11) -> 4
A35: 11:15-11:30 | B35: 0 | C35: 0 | D35: 0 | E35: 0 | F35: 0 | G35: 0 | H35: 0 | I35: 0 | J35: =SUMPRODUCT(B35:I35,$B$11:$I$11) -> 0 | K35: =J35+J34 -> 4
A36: 11:30-11:45 | B36: 0 | C36: 0 | D36: 3 | E36: 0 | F36: 0 | G36: 0 | H36: 0 | I36: 0 | J36: =SUMPRODUCT(B36:I36,$B$11:$I$11) -> 3
A37: 11:45-12:00 | B37: 0 | C37: 0 | D37: 2 | E37: 0 | F37: 0 | G37: 0 | H37: 0 | I37: 0 | J37: =SUMPRODUCT(B37:I37,$B$11:$I$11) -> 2 | K37: =J37+J36 -> 5 | L37: =SUM(J34:J37) -> 9 | M37: =SUM(C34:I37) -> 9
A38: 12:00-12:15 | B38: 0 | C38: 0 | D38: 5 | E38: 0 | F38: 0 | G38: 0 | H38: 0 | I38: 0 | J38: =SUMPRODUCT(B38:I38,$B$11:$I$11) -> 5
A39: 12:15-12:30 | B39: 0 | C39: 0 | D39: 4 | E39: 0 | F39: 0 | G39: 0 | H39: 0 | I39: 0 | J39: =SUMPRODUCT(B39:I39,$B$11:$I$11) -> 4 | K39: =J39+J38 -> 9
A40: 12:30-12:45 | B40: 0 | C40: 0 | D40: 2 | E40: 0 | F40: 0 | G40: 0 | H40: 0 | I40: 0 | J40: =SUMPRODUCT(B40:I40,$B$11:$I$11) -> 2
A41: 12:45-13:00 | B41: 0 | C41: 0 | D41: 10 | E41: 0 | F41: 0 | G41: 0 | H41: 0 | I41: 0 | J41: =SUMPRODUCT(B41:I41,$B$11:$I$11) -> 10 | K41: =J41+J40 -> 12 | L41: =SUM(J38:J41) -> 21 | M41: =SUM(C38:I41) -> 21
A42: 13:00-13:15 | B42: 0 | C42: 0 | D42: 1 | E42: 0 | F42: 0 | G42: 0 | H42: 0 | I42: 0 | J42: =SUMPRODUCT(B42:I42,$B$11:$I$11) -> 1
A43: 13:15-13:30 | B43: 0 | C43: 0 | D43: 5 | E43: 0 | F43: 0 | G43: 0 | H43: 0 | I43: 0 | J43: =SUMPRODUCT(B43:I43,$B$11:$I$11) -> 5 | K43: =J43+J42 -> 6
A44: 13:30-13:45 | B44: 0 | C44: 0 | D44: 2 | E44: 0 | F44: 0 | G44: 0 | H44: 0 | I44: 0 | J44: =SUMPRODUCT(B44:I44,$B$11:$I$11) -> 2
A45: 13:45-14:00 | B45: 0 | C45: 0 | D45: 2 | E45: 0 | F45: 0 | G45: 0 | H45: 0 | I45: 0 | J45: =SUMPRODUCT(B45:I45,$B$11:$I$11) -> 2 | K45: =J45+J44 -> 4 | L45: =SUM(J42:J45) -> 10 | M45: =SUM(C42:I45) -> 10
A46: 14:00-14:15 | B46: 0 | C46: 0 | D46: 5 | E46: 0 | F46: 0 | G46: 0 | H46: 0 | I46: 0 | J46: =SUMPRODUCT(B46:I46,$B$11:$I$11) -> 5
A47: 14:15-14:30 | B47: 0 | C47: 0 | D47: 0 | E47: 0 | F47: 0 | G47: 0 | H47: 0 | I47: 0 | J47: =SUMPRODUCT(B47:I47,$B$11:$I$11) -> 0 | K47: =J47+J46 -> 5
A48: 14:30-14:45 | B48: 1 | C48: 0 | D48: 2 | E48: 0 | F48: 0 | G48: 0 | H48: 0 | I48: 0 | J48: =SUMPRODUCT(B48:I48,$B$11:$I$11) -> 2.5
A49: 14:45-15:00 | B49: 0 | C49: 0 | D49: 4 | E49: 0 | F49: 0 | G49: 0 | H49: 0 | I49: 0 | J49: =SUMPRODUCT(B49:I49,$B$11:$I$11) -> 4 | K49: =J49+J48 -> 6.5 | L49: =SUM(J46:J49) -> 11.5 | M49: =SUM(C46:I49) -> 11
A50: 15:00-15:15 | B50: 0 | C50: 1 | D50: 3 | E50: 0 | F50: 0 | G50: 0 | H50: 0 | I50: 0 | J50: =SUMPRODUCT(B50:I50,$B$11:$I$11) -> 4
A51: 15:15-15:30 | B51: 1 | C51: 0 | D51: 3 | E51: 0 | F51: 0 | G51: 0 | H51: 0 | I51: 0 | J51: =SUMPRODUCT(B51:I51,$B$11:$I$11) -> 3.5 | K51: =J51+J50 -> 7.5
A52: 15:30-15:45 | B52: 0 | C52: 0 | D52: 4 | E52: 0 | F52: 0 | G52: 0 | H52: 0 | I52: 0 | J52: =SUMPRODUCT(B52:I52,$B$11:$I$11) -> 4
A53: 15:45-16:00 | B53: 0 | C53: 0 | D53: 5 | E53: 0 | F53: 0 | G53: 0 | H53: 0 | I53: 0 | J53: =SUMPRODUCT(B53:I53,$B$11:$I$11) -> 5 | K53: =J53+J52 -> 9 | L53: =SUM(J50:J53) -> 16.5 | M53: =SUM(C50:I53) -> 16
A54: 16:00-16:15 | B54: 0 | C54: 0 | D54: 7 | E54: 0 | F54: 0 | G54: 0 | H54: 0 | I54: 0 | J54: =SUMPRODUCT(B54:I54,$B$11:$I$11) -> 7
A55: 16:15-16:30 | B55: 0 | C55: 0 | D55: 3 | E55: 0 | F55: 0 | G55: 0 | H55: 0 | I55: 0 | J55: =SUMPRODUCT(B55:I55,$B$11:$I$11) -> 3 | K55: =J55+J54 -> 10
A56: 16:30-16:45 | B56: 1 | C56: 0 | D56: 4 | E56: 0 | F56: 0 | G56: 0 | H56: 0 | I56: 0 | J56: =SUMPRODUCT(B56:I56,$B$11:$I$11) -> 4.5
A57: 16:45-17:00 | B57: 0 | C57: 0 | D57: 5 | E57: 0 | F57: 0 | G57: 0 | H57: 0 | I57: 0 | J57: =SUMPRODUCT(B57:I57,$B$11:$I$11) -> 5 | K57: =J57+J56 -> 9.5 | L57: =SUM(J54:J57) -> 19.5 | M57: =SUM(C54:I57) -> 19
A58: 17:00-17:15 | B58: 0 | C58: 0 | D58: 6 | E58: 0 | F58: 0 | G58: 0 | H58: 0 | I58: 0 | J58: =SUMPRODUCT(B58:I58,$B$11:$I$11) -> 6
A59: 17:15-17:30 | B59: 1 | C59: 0 | D59: 4 | E59: 0 | F59: 0 | G59: 0 | H59: 0 | I59: 0 | J59: =SUMPRODUCT(B59:I59,$B$11:$I$11) -> 4.5 | K59: =J59+J58 -> 10.5
A60: 17:30-17:45 | B60: 0 | C60: 0 | D60: 1 | E60: 0 | F60: 0 | G60: 0 | H60: 0 | I60: 0 | J60: =SUMPRODUCT(B60:I60,$B$11:$I$11) -> 1
A61: 17:45-18:00 | B61: 0 | C61: 0 | D61: 7 | E61: 0 | F61: 0 | G61: 0 | H61: 0 | I61: 0 | J61: =SUMPRODUCT(B61:I61,$B$11:$I$11) -> 7 | K61: =J61+J60 -> 8 | L61: =SUM(J58:J61) -> 18.5 | M61: =SUM(C58:I61) -> 18
A62: 18:00-18:15 | B62: 0 | C62: 0 | D62: 1 | E62: 0 | F62: 0 | G62: 0 | H62: 0 | I62: 0 | J62: =SUMPRODUCT(B62:I62,$B$11:$I$11) -> 1
A63: 18:15-18:30 | B63: 0 | C63: 0 | D63: 2 | E63: 0 | F63: 0 | G63: 0 | H63: 0 | I63: 0 | J63: =SUMPRODUCT(B63:I63,$B$11:$I$11) -> 2 | K63: =J63+J62 -> 3
A64: 18:30-18:45 | B64: 0 | C64: 0 | D64: 3 | E64: 0 | F64: 0 | G64: 0 | H64: 0 | I64: 0 | J64: =SUMPRODUCT(B64:I64,$B$11:$I$11) -> 3
A65: 18:45-19:00 | B65: 1 | C65: 0 | D65: 1 | E65: 0 | F65: 0 | G65: 0 | H65: 0 | I65: 0 | J65: =SUMPRODUCT(B65:I65,$B$11:$I$11) -> 1.5 | K65: =J65+J64 -> 4.5 | L65: =SUM(J62:J65) -> 7.5 | M65: =SUM(C62:I65) -> 7
A66: 19:00-19:15 | J66: =SUMPRODUCT(B66:I66,$B$11:$I$11) -> 0
A67: 19:15-19:30 | J67: =SUMPRODUCT(B67:I67,$B$11:$I$11) -> 0 | K67: =J67+J66 -> 0
A68: 19:30-19:45 | J68: =SUMPRODUCT(B68:I68,$B$11:$I$11) -> 0
A69: 19:45-20:00 | J69: =SUMPRODUCT(B69:I69,$B$11:$I$11) -> 0 | K69: =J69+J68 -> 0 | L69: =SUM(J66:J69) -> 0 | M69: =SUM(C66:I69) -> 0
A70: SUMME : | B70: =SUM(B14:B69) -> 5 | C70: =SUM(C14:C69) -> 3 | D70: =SUM(D14:D69) -> 129 | E70: =SUM(E14:E69) -> 0 | F70: =SUM(F14:F69) -> 0 | G70: =SUM(G14:G69) -> 0 | H70: =SUM(H14:H69) -> 0 | I70: =SUM(I14:I69) -> 0 | J70: =SUM(J14:J69) -> 134.5

Sheet R5
A3: ICRA Schwap e.U.
A4: VERKEHRSZÄHLUNG - PKW-Einheiten
A5: Datum : | J5: Lfd. Nummer : | K5: 0
A6: ='Deckbl.'!I11 -> 44817 | J6: Wetter : | K6: ='Deckbl.'!I12 -> Sonnig 10-26°
B7: Verkehrszählung : | C7: ='Deckbl.'!C8 -> Karl-Wurmb-Straße / Fanny-von-Lehnert-Straße (Salzburg)
B8: Zählstelle : | I8: Sachbearbeiter : | J8: ICRA / Schwap
B9: Richtung : | C9: R5 | I9: Uhrzeit : | J9: ='Deckbl.'!C11 -> 7-19
B10: Bemerkung : | I10: Dateiname:
A11: Faktoren | B11: 0.5 | C11: 1 | D11: ='Faktoren PKW-E'!B16 -> 1 | E11: 1.5 | F11: 1.5 | G11: 1.5 | H11: 2 | I11: 1.5
C12: einsp. | D12: PKW | E12: Lin. | F12: Reis. | H12: LKW + | I12: sonst. | J12: PKW-E | K12: PKW-E | L12: PKW-E | M12: KFZ
A13: Zeit | B13: Rad | C13: KFZ | D13: Kombi | E13: Bus | F13: Bus | G13: LKW | H13: Anh. | I13: KFZ | J13: / 15 min | K13: / 30 min | L13: / 1 Std. | M13: / 1 Std.
A14: 6:00-6:15 | J14: =SUMPRODUCT(B14:I14,$B$11:$I$11) -> 0
A15: 6:15-6:30 | J15: =SUMPRODUCT(B15:I15,$B$11:$I$11) -> 0 | K15: =J15+J14 -> 0
A16: 6:30-6:45 | J16: =SUMPRODUCT(B16:I16,$B$11:$I$11) -> 0
A17: 6:45-7:00 | J17: =SUMPRODUCT(B17:I17,$B$11:$I$11) -> 0 | K17: =J17+J16 -> 0 | L17: =SUM(J14:J17) -> 0 | M17: =SUM(C14:I17) -> 0
A18: 7:00-7:15 | B18: 1 | C18: 0 | D18: 0 | E18: 0 | F18: 0 | G18: 0 | H18: 0 | I18: 0 | J18: =SUMPRODUCT(B18:I18,$B$11:$I$11) -> 0.5
A19: 7:15-7:30 | B19: 3 | C19: 0 | D19: 1 | E19: 0 | F19: 0 | G19: 0 | H19: 0 | I19: 0 | J19: =SUMPRODUCT(B19:I19,$B$11:$I$11) -> 2.5 | K19: =J19+J18 -> 3
A20: 7:30-7:45 | B20: 2 | C20: 0 | D20: 0 | E20: 0 | F20: 0 | G20: 0 | H20: 0 | I20: 0 | J20: =SUMPRODUCT(B20:I20,$B$11:$I$11) -> 1
A21: 7:45-8:00 | B21: 3 | C21: 0 | D21: 0 | E21: 0 | F21: 0 | G21: 0 | H21: 0 | I21: 0 | J21: =SUMPRODUCT(B21:I21,$B$11:$I$11) -> 1.5 | K21: =J21+J20 -> 2.5 | L21: =SUM(J18:J21) -> 5.5 | M21: =SUM(C18:I21) -> 1
A22: 8:00-8:15 | B22: 0 | C22: 0 | D22: 0 | E22: 0 | F22: 0 | G22: 0 | H22: 0 | I22: 0 | J22: =SUMPRODUCT(B22:I22,$B$11:$I$11) -> 0
A23: 8:15-8:30 | B23: 3 | C23: 1 | D23: 0 | E23: 0 | F23: 0 | G23: 0 | H23: 0 | I23: 0 | J23: =SUMPRODUCT(B23:I23,$B$11:$I$11) -> 2.5 | K23: =J23+J22 -> 2.5
A24: 8:30-8:45 | B24: 2 | C24: 0 | D24: 6 | E24: 0 | F24: 0 | G24: 0 | H24: 0 | I24: 0 | J24: =SUMPRODUCT(B24:I24,$B$11:$I$11) -> 7
A25: 8:45-9:00 | B25: 0 | C25: 0 | D25: 2 | E25: 0 | F25: 0 | G25: 0 | H25: 0 | I25: 0 | J25: =SUMPRODUCT(B25:I25,$B$11:$I$11) -> 2 | K25: =J25+J24 -> 9 | L25: =SUM(J22:J25) -> 11.5 | M25: =SUM(C22:I25) -> 9
A26: 9:00-9:15 | B26: 0 | C26: 0 | D26: 1 | E26: 0 | F26: 0 | G26: 0 | H26: 0 | I26: 0 | J26: =SUMPRODUCT(B26:I26,$B$11:$I$11) -> 1
A27: 9:15-9:30 | B27: 0 | C27: 0 | D27: 1 | E27: 0 | F27: 0 | G27: 0 | H27: 0 | I27: 0 | J27: =SUMPRODUCT(B27:I27,$B$11:$I$11) -> 1 | K27: =J27+J26 -> 2
A28: 9:30-9:45 | B28: 1 | C28: 0 | D28: 2 | E28: 0 | F28: 0 | G28: 0 | H28: 0 | I28: 0 | J28: =SUMPRODUCT(B28:I28,$B$11:$I$11) -> 2.5
A29: 9:45-10:00 | B29: 1 | C29: 1 | D29: 3 | E29: 0 | F29: 0 | G29: 0 | H29: 0 | I29: 0 | J29: =SUMPRODUCT(B29:I29,$B$11:$I$11) -> 4.5 | K29: =J29+J28 -> 7 | L29: =SUM(J26:J29) -> 9 | M29: =SUM(C26:I29) -> 8
A30: 10:00-10:15 | B30: 4 | C30: 0 | D30: 1 | E30: 0 | F30: 0 | G30: 0 | H30: 0 | I30: 0 | J30: =SUMPRODUCT(B30:I30,$B$11:$I$11) -> 3
A31: 10:15-10:30 | B31: 0 | C31: 0 | D31: 5 | E31: 0 | F31: 0 | G31: 0 | H31: 0 | I31: 0 | J31: =SUMPRODUCT(B31:I31,$B$11:$I$11) -> 5 | K31: =J31+J30 -> 8
A32: 10:30-10:45 | B32: 2 | C32: 0 | D32: 3 | E32: 0 | F32: 0 | G32: 0 | H32: 0 | I32: 0 | J32: =SUMPRODUCT(B32:I32,$B$11:$I$11) -> 4
A33: 10:45-11:00 | B33: 2 | C33: 0 | D33: 4 | E33: 0 | F33: 0 | G33: 0 | H33: 0 | I33: 0 | J33: =SUMPRODUCT(B33:I33,$B$11:$I$11) -> 5 | K33: =J33+J32 -> 9 | L33: =SUM(J30:J33) -> 17 | M33: =SUM(C30:I33) -> 13
A34: 11:00-11:15 | B34: 2 | C34: 0 | D34: 10 | E34: 0 | F34: 0 | G34: 0 | H34: 0 | I34: 0 | J34: =SUMPRODUCT(B34:I34,$B$11:$I$11) -> 11
A35: 11:15-11:30 | B35: 3 | C35: 0 | D35: 5 | E35: 0 | F35: 0 | G35: 0 | H35: 0 | I35: 0 | J35: =SUMPRODUCT(B35:I35,$B$11:$I$11) -> 6.5 | K35: =J35+J34 -> 17.5
A36: 11:30-11:45 | B36: 4 | C36: 0 | D36: 4 | E36: 0 | F36: 0 | G36: 0 | H36: 0 | I36: 0 | J36: =SUMPRODUCT(B36:I36,$B$11:$I$11) -> 6
A37: 11:45-12:00 | B37: 7 | C37: 0 | D37: 8 | E37: 0 | F37: 0 | G37: 0 | H37: 0 | I37: 0 | J37: =SUMPRODUCT(B37:I37,$B$11:$I$11) -> 11.5 | K37: =J37+J36 -> 17.5 | L37: =SUM(J34:J37) -> 35 | M37: =SUM(C34:I37) -> 27
A38: 12:00-12:15 | B38: 3 | C38: 0 | D38: 4 | E38: 0 | F38: 0 | G38: 0 | H38: 0 | I38: 0 | J38: =SUMPRODUCT(B38:I38,$B$11:$I$11) -> 5.5
A39: 12:15-12:30 | B39: 1 | C39: 0 | D39: 3 | E39: 0 | F39: 0 | G39: 0 | H39: 0 | I39: 0 | J39: =SUMPRODUCT(B39:I39,$B$11:$I$11) -> 3.5 | K39: =J39+J38 -> 9
A40: 12:30-12:45 | B40: 3 | C40: 0 | D40: 3 | E40: 0 | F40: 0 | G40: 0 | H40: 0 | I40: 0 | J40: =SUMPRODUCT(B40:I40,$B$11:$I$11) -> 4.5
A41: 12:45-13:00 | B41: 5 | C41: 0 | D41: 3 | E41: 0 | F41: 0 | G41: 0 | H41: 0 | I41: 0 | J41: =SUMPRODUCT(B41:I41,$B$11:$I$11) -> 5.5 | K41: =J41+J40 -> 10 | L41: =SUM(J38:J41) -> 19 | M41: =SUM(C38:I41) -> 13
A42: 13:00-13:15 | B42: 1 | C42: 0 | D42: 0 | E42: 0 | F42: 0 | G42: 0 | H42: 0 | I42: 0 | J42: =SUMPRODUCT(B42:I42,$B$11:$I$11) -> 0.5
A43: 13:15-13:30 | B43: 5 | C43: 0 | D43: 4 | E43: 0 | F43: 0 | G43: 0 | H43: 0 | I43: 0 | J43: =SUMPRODUCT(B43:I43,$B$11:$I$11) -> 6.5 | K43: =J43+J42 -> 7
A44: 13:30-13:45 | B44: 7 | C44: 0 | D44: 4 | E44: 0 | F44: 0 | G44: 0 | H44: 0 | I44: 0 | J44: =SUMPRODUCT(B44:I44,$B$11:$I$11) -> 7.5
A45: 13:45-14:00 | B45: 3 | C45: 0 | D45: 3 | E45: 0 | F45: 0 | G45: 0 | H45: 0 | I45: 0 | J45: =SUMPRODUCT(B45:I45,$B$11:$I$11) -> 4.5 | K45: =J45+J44 -> 12 | L45: =SUM(J42:J45) -> 19 | M45: =SUM(C42:I45) -> 11
A46: 14:00-14:15 | B46: 5 | C46: 0 | D46: 4 | E46: 0 | F46: 0 | G46: 0 | H46: 0 | I46: 0 | J46: =SUMPRODUCT(B46:I46,$B$11:$I$11) -> 6.5
A47: 14:15-14:30 | B47: 6 | C47: 0 | D47: 3 | E47: 0 | F47: 0 | G47: 0 | H47: 0 | I47: 0 | J47: =SUMPRODUCT(B47:I47,$B$11:$I$11) -> 6 | K47: =J47+J46 -> 12.5
A48: 14:30-14:45 | B48: 4 | C48: 1 | D48: 3 | E48: 0 | F48: 0 | G48: 0 | H48: 0 | I48: 0 | J48: =SUMPRODUCT(B48:I48,$B$11:$I$11) -> 6
A49: 14:45-15:00 | B49: 4 | C49: 0 | D49: 5 | E49: 0 | F49: 0 | G49: 0 | H49: 0 | I49: 0 | J49: =SUMPRODUCT(B49:I49,$B$11:$I$11) -> 7 | K49: =J49+J48 -> 13 | L49: =SUM(J46:J49) -> 25.5 | M49: =SUM(C46:I49) -> 16
A50: 15:00-15:15 | B50: 9 | C50: 1 | D50: 6 | E50: 0 | F50: 0 | G50: 0 | H50: 0 | I50: 0 | J50: =SUMPRODUCT(B50:I50,$B$11:$I$11) -> 11.5
A51: 15:15-15:30 | B51: 6 | C51: 0 | D51: 5 | E51: 0 | F51: 0 | G51: 0 | H51: 0 | I51: 0 | J51: =SUMPRODUCT(B51:I51,$B$11:$I$11) -> 8 | K51: =J51+J50 -> 19.5
A52: 15:30-15:45 | B52: 5 | C52: 0 | D52: 3 | E52: 0 | F52: 0 | G52: 0 | H52: 0 | I52: 0 | J52: =SUMPRODUCT(B52:I52,$B$11:$I$11) -> 5.5
A53: 15:45-16:00 | B53: 3 | C53: 0 | D53: 2 | E53: 0 | F53: 0 | G53: 0 | H53: 0 | I53: 0 | J53: =SUMPRODUCT(B53:I53,$B$11:$I$11) -> 3.5 | K53: =J53+J52 -> 9 | L53: =SUM(J50:J53) -> 28.5 | M53: =SUM(C50:I53) -> 17
A54: 16:00-16:15 | B54: 2 | C54: 0 | D54: 2 | E54: 0 | F54: 0 | G54: 0 | H54: 0 | I54: 0 | J54: =SUMPRODUCT(B54:I54,$B$11:$I$11) -> 3
A55: 16:15-16:30 | B55: 4 | C55: 0 | D55: 2 | E55: 0 | F55: 0 | G55: 0 | H55: 0 | I55: 0 | J55: =SUMPRODUCT(B55:I55,$B$11:$I$11) -> 4 | K55: =J55+J54 -> 7
A56: 16:30-16:45 | B56: 4 | C56: 0 | D56: 5 | E56: 0 | F56: 0 | G56: 0 | H56: 0 | I56: 0 | J56: =SUMPRODUCT(B56:I56,$B$11:$I$11) -> 7
A57: 16:45-17:00 | B57: 2 | C57: 0 | D57: 5 | E57: 0 | F57: 0 | G57: 0 | H57: 0 | I57: 0 | J57: =SUMPRODUCT(B57:I57,$B$11:$I$11) -> 6 | K57: =J57+J56 -> 13 | L57: =SUM(J54:J57) -> 20 | M57: =SUM(C54:I57) -> 14
A58: 17:00-17:15 | B58: 11 | C58: 0 | D58: 6 | E58: 0 | F58: 0 | G58: 0 | H58: 0 | I58: 0 | J58: =SUMPRODUCT(B58:I58,$B$11:$I$11) -> 11.5
A59: 17:15-17:30 | B59: 3 | C59: 1 | D59: 7 | E59: 0 | F59: 0 | G59: 0 | H59: 0 | I59: 0 | J59: =SUMPRODUCT(B59:I59,$B$11:$I$11) -> 9.5 | K59: =J59+J58 -> 21
A60: 17:30-17:45 | B60: 5 | C60: 0 | D60: 6 | E60: 0 | F60: 0 | G60: 0 | H60: 0 | I60: 0 | J60: =SUMPRODUCT(B60:I60,$B$11:$I$11) -> 8.5
A61: 17:45-18:00 | B61: 6 | C61: 0 | D61: 3 | E61: 0 | F61: 0 | G61: 0 | H61: 0 | I61: 0 | J61: =SUMPRODUCT(B61:I61,$B$11:$I$11) -> 6 | K61: =J61+J60 -> 14.5 | L61: =SUM(J58:J61) -> 35.5 | M61: =SUM(C58:I61) -> 23
A62: 18:00-18:15 | B62: 2 | C62: 0 | D62: 3 | E62: 0 | F62: 0 | G62: 0 | H62: 0 | I62: 0 | J62: =SUMPRODUCT(B62:I62,$B$11:$I$11) -> 4
A63: 18:15-18:30 | B63: 4 | C63: 0 | D63: 2 | E63: 0 | F63: 0 | G63: 0 | H63: 0 | I63: 0 | J63: =SUMPRODUCT(B63:I63,$B$11:$I$11) -> 4 | K63: =J63+J62 -> 8
A64: 18:30-18:45 | B64: 2 | C64: 0 | D64: 6 | E64: 0 | F64: 0 | G64: 0 | H64: 0 | I64: 0 | J64: =SUMPRODUCT(B64:I64,$B$11:$I$11) -> 7
A65: 18:45-19:00 | B65: 4 | C65: 0 | D65: 2 | E65: 0 | F65: 0 | G65: 0 | H65: 0 | I65: 0 | J65: =SUMPRODUCT(B65:I65,$B$11:$I$11) -> 4 | K65: =J65+J64 -> 11 | L65: =SUM(J62:J65) -> 19 | M65: =SUM(C62:I65) -> 13
A66: 19:00-19:15 | J66: =SUMPRODUCT(B66:I66,$B$11:$I$11) -> 0
A67: 19:15-19:30 | J67: =SUMPRODUCT(B67:I67,$B$11:$I$11) -> 0 | K67: =J67+J66 -> 0
A68: 19:30-19:45 | J68: =SUMPRODUCT(B68:I68,$B$11:$I$11) -> 0
A69: 19:45-20:00 | J69: =SUMPRODUCT(B69:I69,$B$11:$I$11) -> 0 | K69: =J69+J68 -> 0 | L69: =SUM(J66:J69) -> 0 | M69: =SUM(C66:I69) -> 0
A70: SUMME : | B70: =SUM(B14:B69) -> 159 | C70: =SUM(C14:C69) -> 5 | D70: =SUM(D14:D69) -> 160 | E70: =SUM(E14:E69) -> 0 | F70: =SUM(F14:F69) -> 0 | G70: =SUM(G14:G69) -> 0 | H70: =SUM(H14:H69) -> 0 | I70: =SUM(I14:I69) -> 0 | J70: =SUM(J14:J69) -> 244.5

Sheet R6
A3: ICRA Schwap e.U.
A4: VERKEHRSZÄHLUNG - PKW-Einheiten
A5: Datum : | J5: Lfd. Nummer : | K5: 0
A6: ='Deckbl.'!I11 -> 44817 | J6: Wetter : | K6: ='Deckbl.'!I12 -> Sonnig 10-26°
B7: Verkehrszählung : | C7: ='Deckbl.'!C8 -> Karl-Wurmb-Straße / Fanny-von-Lehnert-Straße (Salzburg)
B8: Zählstelle : | I8: Sachbearbeiter : | J8: ICRA / Schwap
B9: Richtung : | C9: R6 | I9: Uhrzeit : | J9: ='Deckbl.'!C11 -> 7-19
B10: Bemerkung : | I10: Dateiname:
A11: Faktoren | B11: 0.5 | C11: 1 | D11: ='Faktoren PKW-E'!B16 -> 1 | E11: 1.5 | F11: 1.5 | G11: 1.5 | H11: 2 | I11: 1.5
C12: einsp. | D12: PKW | E12: Lin. | F12: Reis. | H12: LKW + | I12: sonst. | J12: PKW-E | K12: PKW-E | L12: PKW-E | M12: KFZ
A13: Zeit | B13: Rad | C13: KFZ | D13: Kombi | E13: Bus | F13: Bus | G13: LKW | H13: Anh. | I13: KFZ | J13: / 15 min | K13: / 30 min | L13: / 1 Std. | M13: / 1 Std.
A14: 6:00-6:15 | J14: =SUMPRODUCT(B14:I14,$B$11:$I$11) -> 0
A15: 6:15-6:30 | J15: =SUMPRODUCT(B15:I15,$B$11:$I$11) -> 0 | K15: =J15+J14 -> 0
A16: 6:30-6:45 | J16: =SUMPRODUCT(B16:I16,$B$11:$I$11) -> 0
A17: 6:45-7:00 | J17: =SUMPRODUCT(B17:I17,$B$11:$I$11) -> 0 | K17: =J17+J16 -> 0 | L17: =SUM(J14:J17) -> 0 | M17: =SUM(C14:I17) -> 0
A18: 7:00-7:15 | B18: 0 | C18: 0 | D18: 0 | E18: 0 | F18: 0 | G18: 0 | H18: 0 | I18: 0 | J18: =SUMPRODUCT(B18:I18,$B$11:$I$11) -> 0
A19: 7:15-7:30 | B19: 0 | C19: 0 | D19: 0 | E19: 0 | F19: 0 | G19: 0 | H19: 0 | I19: 0 | J19: =SUMPRODUCT(B19:I19,$B$11:$I$11) -> 0 | K19: =J19+J18 -> 0
A20: 7:30-7:45 | B20: 0 | C20: 0 | D20: 0 | E20: 0 | F20: 0 | G20: 0 | H20: 0 | I20: 0 | J20: =SUMPRODUCT(B20:I20,$B$11:$I$11) -> 0
A21: 7:45-8:00 | B21: 0 | C21: 0 | D21: 0 | E21: 0 | F21: 0 | G21: 0 | H21: 0 | I21: 0 | J21: =SUMPRODUCT(B21:I21,$B$11:$I$11) -> 0 | K21: =J21+J20 -> 0 | L21: =SUM(J18:J21) -> 0 | M21: =SUM(C18:I21) -> 0
A22: 8:00-8:15 | B22: 0 | C22: 0 | D22: 0 | E22: 0 | F22: 0 | G22: 0 | H22: 0 | I22: 0 | J22: =SUMPRODUCT(B22:I22,$B$11:$I$11) -> 0
A23: 8:15-8:30 | B23: 0 | C23: 0 | D23: 0 | E23: 0 | F23: 0 | G23: 0 | H23: 0 | I23: 0 | J23: =SUMPRODUCT(B23:I23,$B$11:$I$11) -> 0 | K23: =J23+J22 -> 0
A24: 8:30-8:45 | B24: 0 | C24: 0 | D24: 1 | E24: 0 | F24: 0 | G24: 0 | H24: 0 | I24: 0 | J24: =SUMPRODUCT(B24:I24,$B$11:$I$11) -> 1
A25: 8:45-9:00 | B25: 0 | C25: 0 | D25: 0 | E25: 0 | F25: 0 | G25: 0 | H25: 0 | I25: 0 | J25: =SUMPRODUCT(B25:I25,$B$11:$I$11) -> 0 | K25: =J25+J24 -> 1 | L25: =SUM(J22:J25) -> 1 | M25: =SUM(C22:I25) -> 1
A26: 9:00-9:15 | B26: 0 | C26: 0 | D26: 0 | E26: 0 | F26: 0 | G26: 0 | H26: 0 | I26: 0 | J26: =SUMPRODUCT(B26:I26,$B$11:$I$11) -> 0
A27: 9:15-9:30 | B27: 0 | C27: 0 | D27: 1 | E27: 0 | F27: 0 | G27: 0 | H27: 0 | I27: 0 | J27: =SUMPRODUCT(B27:I27,$B$11:$I$11) -> 1 | K27: =J27+J26 -> 1
A28: 9:30-9:45 | B28: 0 | C28: 1 | D28: 0 | E28: 0 | F28: 0 | G28: 0 | H28: 0 | I28: 0 | J28: =SUMPRODUCT(B28:I28,$B$11:$I$11) -> 1
A29: 9:45-10:00 | B29: 0 | C29: 0 | D29: 0 | E29: 0 | F29: 0 | G29: 0 | H29: 0 | I29: 0 | J29: =SUMPRODUCT(B29:I29,$B$11:$I$11) -> 0 | K29: =J29+J28 -> 1 | L29: =SUM(J26:J29) -> 2 | M29: =SUM(C26:I29) -> 2
A30: 10:00-10:15 | B30: 0 | C30: 0 | D30: 0 | E30: 0 | F30: 0 | G30: 0 | H30: 0 | I30: 0 | J30: =SUMPRODUCT(B30:I30,$B$11:$I$11) -> 0
A31: 10:15-10:30 | B31: 0 | C31: 0 | D31: 0 | E31: 0 | F31: 0 | G31: 0 | H31: 0 | I31: 0 | J31: =SUMPRODUCT(B31:I31,$B$11:$I$11) -> 0 | K31: =J31+J30 -> 0
A32: 10:30-10:45 | B32: 0 | C32: 0 | D32: 0 | E32: 0 | F32: 0 | G32: 0 | H32: 0 | I32: 0 | J32: =SUMPRODUCT(B32:I32,$B$11:$I$11) -> 0
A33: 10:45-11:00 | B33: 1 | C33: 0 | D33: 0 | E33: 0 | F33: 0 | G33: 0 | H33: 0 | I33: 0 | J33: =SUMPRODUCT(B33:I33,$B$11:$I$11) -> 0.5 | K33: =J33+J32 -> 0.5 | L33: =SUM(J30:J33) -> 0.5 | M33: =SUM(C30:I33) -> 0
A34: 11:00-11:15 | B34: 0 | C34: 0 | D34: 0 | E34: 0 | F34: 0 | G34: 0 | H34: 0 | I34: 0 | J34: =SUMPRODUCT(B34:I34,$B$11:$I$11) -> 0
A35: 11:15-11:30 | B35: 0 | C35: 0 | D35: 0 | E35: 0 | F35: 0 | G35: 0 | H35: 0 | I35: 0 | J35: =SUMPRODUCT(B35:I35,$B$11:$I$11) -> 0 | K35: =J35+J34 -> 0
A36: 11:30-11:45 | B36: 0 | C36: 0 | D36: 0 | E36: 0 | F36: 0 | G36: 0 | H36: 0 | I36: 0 | J36: =SUMPRODUCT(B36:I36,$B$11:$I$11) -> 0
A37: 11:45-12:00 | B37: 0 | C37: 0 | D37: 0 | E37: 0 | F37: 0 | G37: 0 | H37: 0 | I37: 0 | J37: =SUMPRODUCT(B37:I37,$B$11:$I$11) -> 0 | K37: =J37+J36 -> 0 | L37: =SUM(J34:J37) -> 0 | M37: =SUM(C34:I37) -> 0
A38: 12:00-12:15 | B38: 0 | C38: 0 | D38: 0 | E38: 0 | F38: 0 | G38: 0 | H38: 0 | I38: 0 | J38: =SUMPRODUCT(B38:I38,$B$11:$I$11) -> 0
A39: 12:15-12:30 | B39: 0 | C39: 0 | D39: 0 | E39: 0 | F39: 0 | G39: 0 | H39: 0 | I39: 0 | J39: =SUMPRODUCT(B39:I39,$B$11:$I$11) -> 0 | K39: =J39+J38 -> 0
A40: 12:30-12:45 | B40: 0 | C40: 0 | D40: 0 | E40: 0 | F40: 0 | G40: 0 | H40: 0 | I40: 0 | J40: =SUMPRODUCT(B40:I40,$B$11:$I$11) -> 0
A41: 12:45-13:00 | B41: 0 | C41: 0 | D41: 0 | E41: 0 | F41: 0 | G41: 0 | H41: 0 | I41: 0 | J41: =SUMPRODUCT(B41:I41,$B$11:$I$11) -> 0 | K41: =J41+J40 -> 0 | L41: =SUM(J38:J41) -> 0 | M41: =SUM(C38:I41) -> 0
A42: 13:00-13:15 | B42: 0 | C42: 0 | D42: 1 | E42: 0 | F42: 0 | G42: 0 | H42: 0 | I42: 0 | J42: =SUMPRODUCT(B42:I42,$B$11:$I$11) -> 1
A43: 13:15-13:30 | B43: 0 | C43: 0 | D43: 0 | E43: 0 | F43: 0 | G43: 0 | H43: 0 | I43: 0 | J43: =SUMPRODUCT(B43:I43,$B$11:$I$11) -> 0 | K43: =J43+J42 -> 1
A44: 13:30-13:45 | B44: 0 | C44: 0 | D44: 1 | E44: 0 | F44: 0 | G44: 0 | H44: 0 | I44: 0 | J44: =SUMPRODUCT(B44:I44,$B$11:$I$11) -> 1
A45: 13:45-14:00 | B45: 1 | C45: 0 | D45: 0 | E45: 0 | F45: 0 | G45: 0 | H45: 0 | I45: 0 | J45: =SUMPRODUCT(B45:I45,$B$11:$I$11) -> 0.5 | K45: =J45+J44 -> 1.5 | L45: =SUM(J42:J45) -> 2.5 | M45: =SUM(C42:I45) -> 2
A46: 14:00-14:15 | B46: 0 | C46: 0 | D46: 0 | E46: 0 | F46: 0 | G46: 0 | H46: 0 | I46: 0 | J46: =SUMPRODUCT(B46:I46,$B$11:$I$11) -> 0
A47: 14:15-14:30 | B47: 0 | C47: 0 | D47: 0 | E47: 0 | F47: 0 | G47: 0 | H47: 0 | I47: 0 | J47: =SUMPRODUCT(B47:I47,$B$11:$I$11) -> 0 | K47: =J47+J46 -> 0
A48: 14:30-14:45 | B48: 0 | C48: 0 | D48: 0 | E48: 0 | F48: 0 | G48: 0 | H48: 0 | I48: 0 | J48: =SUMPRODUCT(B48:I48,$B$11:$I$11) -> 0
A49: 14:45-15:00 | B49: 0 | C49: 0 | D49: 0 | E49: 0 | F49: 0 | G49: 0 | H49: 0 | I49: 0 | J49: =SUMPRODUCT(B49:I49,$B$11:$I$11) -> 0 | K49: =J49+J48 -> 0 | L49: =SUM(J46:J49) -> 0 | M49: =SUM(C46:I49) -> 0
A50: 15:00-15:15 | B50: 0 | C50: 0 | D50: 0 | E50: 0 | F50: 0 | G50: 0 | H50: 0 | I50: 0 | J50: =SUMPRODUCT(B50:I50,$B$11:$I$11) -> 0
A51: 15:15-15:30 | B51: 0 | C51: 0 | D51: 0 | E51: 0 | F51: 0 | G51: 0 | H51: 0 | I51: 0 | J51: =SUMPRODUCT(B51:I51,$B$11:$I$11) -> 0 | K51: =J51+J50 -> 0
A52: 15:30-15:45 | B52: 0 | C52: 0 | D52: 0 | E52: 0 | F52: 0 | G52: 0 | H52: 0 | I52: 0 | J52: =SUMPRODUCT(B52:I52,$B$11:$I$11) -> 0
A53: 15:45-16:00 | B53: 0 | C53: 0 | D53: 0 | E53: 0 | F53: 0 | G53: 0 | H53: 0 | I53: 0 | J53: =SUMPRODUCT(B53:I53,$B$11:$I$11) -> 0 | K53: =J53+J52 -> 0 | L53: =SUM(J50:J53) -> 0 | M53: =SUM(C50:I53) -> 0
A54: 16:00-16:15 | B54: 1 | C54: 0 | D54: 0 | E54: 0 | F54: 0 | G54: 0 | H54: 0 | I54: 0 | J54: =SUMPRODUCT(B54:I54,$B$11:$I$11) -> 0.5
A55: 16:15-16:30 | B55: 0 | C55: 0 | D55: 0 | E55: 0 | F55: 0 | G55: 0 | H55: 0 | I55: 0 | J55: =SUMPRODUCT(B55:I55,$B$11:$I$11) -> 0 | K55: =J55+J54 -> 0.5
A56: 16:30-16:45 | B56: 0 | C56: 0 | D56: 0 | E56: 0 | F56: 0 | G56: 0 | H56: 0 | I56: 0 | J56: =SUMPRODUCT(B56:I56,$B$11:$I$11) -> 0
A57: 16:45-17:00 | B57: 0 | C57: 0 | D57: 1 | E57: 0 | F57: 0 | G57: 0 | H57: 0 | I57: 0 | J57: =SUMPRODUCT(B57:I57,$B$11:$I$11) -> 1 | K57: =J57+J56 -> 1 | L57: =SUM(J54:J57) -> 1.5 | M57: =SUM(C54:I57) -> 1
A58: 17:00-17:15 | B58: 0 | C58: 0 | D58: 0 | E58: 0 | F58: 0 | G58: 0 | H58: 0 | I58: 0 | J58: =SUMPRODUCT(B58:I58,$B$11:$I$11) -> 0
A59: 17:15-17:30 | B59: 0 | C59: 0 | D59: 0 | E59: 0 | F59: 0 | G59: 0 | H59: 0 | I59: 0 | J59: =SUMPRODUCT(B59:I59,$B$11:$I$11) -> 0 | K59: =J59+J58 -> 0
A60: 17:30-17:45 | B60: 0 | C60: 0 | D60: 0 | E60: 0 | F60: 0 | G60: 0 | H60: 0 | I60: 0 | J60: =SUMPRODUCT(B60:I60,$B$11:$I$11) -> 0
A61: 17:45-18:00 | B61: 0 | C61: 0 | D61: 0 | E61: 0 | F61: 0 | G61: 0 | H61: 0 | I61: 0 | J61: =SUMPRODUCT(B61:I61,$B$11:$I$11) -> 0 | K61: =J61+J60 -> 0 | L61: =SUM(J58:J61) -> 0 | M61: =SUM(C58:I61) -> 0
A62: 18:00-18:15 | B62: 0 | C62: 0 | D62: 0 | E62: 0 | F62: 0 | G62: 0 | H62: 0 | I62: 0 | J62: =SUMPRODUCT(B62:I62,$B$11:$I$11) -> 0
A63: 18:15-18:30 | B63: 0 | C63: 0 | D63: 1 | E63: 0 | F63: 0 | G63: 0 | H63: 0 | I63: 0 | J63: =SUMPRODUCT(B63:I63,$B$11:$I$11) -> 1 | K63: =J63+J62 -> 1
A64: 18:30-18:45 | B64: 0 | C64: 0 | D64: 0 | E64: 0 | F64: 0 | G64: 0 | H64: 0 | I64: 0 | J64: =SUMPRODUCT(B64:I64,$B$11:$I$11) -> 0
A65: 18:45-19:00 | B65: 0 | C65: 0 | D65: 1 | E65: 0 | F65: 0 | G65: 0 | H65: 0 | I65: 0 | J65: =SUMPRODUCT(B65:I65,$B$11:$I$11) -> 1 | K65: =J65+J64 -> 1 | L65: =SUM(J62:J65) -> 2 | M65: =SUM(C62:I65) -> 2
A66: 19:00-19:15 | J66: =SUMPRODUCT(B66:I66,$B$11:$I$11) -> 0
A67: 19:15-19:30 | J67: =SUMPRODUCT(B67:I67,$B$11:$I$11) -> 0 | K67: =J67+J66 -> 0
A68: 19:30-19:45 | J68: =SUMPRODUCT(B68:I68,$B$11:$I$11) -> 0
A69: 19:45-20:00 | J69: =SUMPRODUCT(B69:I69,$B$11:$I$11) -> 0 | K69: =J69+J68 -> 0 | L69: =SUM(J66:J69) -> 0 | M69: =SUM(C66:I69) -> 0
A70: SUMME : | B70: =SUM(B14:B69) -> 3 | C70: =SUM(C14:C69) -> 1 | D70: =SUM(D14:D69) -> 7 | E70: =SUM(E14:E69) -> 0 | F70: =SUM(F14:F69) -> 0 | G70: =SUM(G14:G69) -> 0 | H70: =SUM(H14:H69) -> 0 | I70: =SUM(I14:I69) -> 0 | J70: =SUM(J14:J69) -> 9.5

Sheet R7
A3: ICRA Schwap e.U.
A4: VERKEHRSZÄHLUNG - PKW-Einheiten
A5: Datum : | J5: Lfd. Nummer : | K5: 0
A6: ='Deckbl.'!I11 -> 44817 | J6: Wetter : | K6: ='Deckbl.'!I12 -> Sonnig 10-26°
B7: Verkehrszählung : | C7: ='Deckbl.'!C8 -> Karl-Wurmb-Straße / Fanny-von-Lehnert-Straße (Salzburg)
B8: Zählstelle : | I8: Sachbearbeiter : | J8: ICRA / Schwap
B9: Richtung : | C9: R7 | I9: Uhrzeit : | J9: ='Deckbl.'!C11 -> 7-19
B10: Bemerkung : | I10: Dateiname:
A11: Faktoren | B11: 0.5 | C11: 1 | D11: ='Faktoren PKW-E'!B16 -> 1 | E11: 1.5 | F11: 1.5 | G11: 1.5 | H11: 2 | I11: 1.5
C12: einsp. | D12: PKW | E12: Lin. | F12: Reis. | H12: LKW + | I12: sonst. | J12: PKW-E | K12: PKW-E | L12: PKW-E | M12: KFZ
A13: Zeit | B13: Rad | C13: KFZ | D13: Kombi | E13: Bus | F13: Bus | G13: LKW | H13: Anh. | I13: KFZ | J13: / 15 min | K13: / 30 min | L13: / 1 Std. | M13: / 1 Std.
A14: 6:00-6:15 | J14: =SUMPRODUCT(B14:I14,$B$11:$I$11) -> 0
A15: 6:15-6:30 | J15: =SUMPRODUCT(B15:I15,$B$11:$I$11) -> 0 | K15: =J15+J14 -> 0
A16: 6:30-6:45 | J16: =SUMPRODUCT(B16:I16,$B$11:$I$11) -> 0
A17: 6:45-7:00 | J17: =SUMPRODUCT(B17:I17,$B$11:$I$11) -> 0 | K17: =J17+J16 -> 0 | L17: =SUM(J14:J17) -> 0 | M17: =SUM(C14:I17) -> 0
A18: 7:00-7:15 | B18: 0 | C18: 0 | D18: 4 | E18: 0 | F18: 0 | G18: 0 | H18: 0 | I18: 0 | J18: =SUMPRODUCT(B18:I18,$B$11:$I$11) -> 4
A19: 7:15-7:30 | B19: 0 | C19: 0 | D19: 8 | E19: 1 | F19: 0 | G19: 0 | H19: 0 | I19: 0 | J19: =SUMPRODUCT(B19:I19,$B$11:$I$11) -> 9.5 | K19: =J19+J18 -> 13.5
A20: 7:30-7:45 | B20: 0 | C20: 0 | D20: 5 | E20: 0 | F20: 0 | G20: 0 | H20: 0 | I20: 0 | J20: =SUMPRODUCT(B20:I20,$B$11:$I$11) -> 5
A21: 7:45-8:00 | B21: 0 | C21: 0 | D21: 10 | E21: 1 | F21: 0 | G21: 0 | H21: 0 | I21: 0 | J21: =SUMPRODUCT(B21:I21,$B$11:$I$11) -> 11.5 | K21: =J21+J20 -> 16.5 | L21: =SUM(J18:J21) -> 30 | M21: =SUM(C18:I21) -> 29
A22: 8:00-8:15 | B22: 1 | C22: 1 | D22: 9 | E22: 0 | F22: 0 | G22: 0 | H22: 0 | I22: 0 | J22: =SUMPRODUCT(B22:I22,$B$11:$I$11) -> 10.5
A23: 8:15-8:30 | B23: 2 | C23: 0 | D23: 7 | E23: 1 | F23: 1 | G23: 0 | H23: 0 | I23: 0 | J23: =SUMPRODUCT(B23:I23,$B$11:$I$11) -> 11 | K23: =J23+J22 -> 21.5
A24: 8:30-8:45 | B24: 0 | C24: 0 | D24: 8 | E24: 1 | F24: 0 | G24: 0 | H24: 0 | I24: 0 | J24: =SUMPRODUCT(B24:I24,$B$11:$I$11) -> 9.5
A25: 8:45-9:00 | B25: 0 | C25: 0 | D25: 11 | E25: 1 | F25: 0 | G25: 0 | H25: 0 | I25: 0 | J25: =SUMPRODUCT(B25:I25,$B$11:$I$11) -> 12.5 | K25: =J25+J24 -> 22 | L25: =SUM(J22:J25) -> 43.5 | M25: =SUM(C22:I25) -> 40
A26: 9:00-9:15 | B26: 0 | C26: 1 | D26: 7 | E26: 1 | F26: 0 | G26: 0 | H26: 0 | I26: 0 | J26: =SUMPRODUCT(B26:I26,$B$11:$I$11) -> 9.5
A27: 9:15-9:30 | B27: 0 | C27: 1 | D27: 7 | E27: 2 | F27: 0 | G27: 0 | H27: 0 | I27: 0 | J27: =SUMPRODUCT(B27:I27,$B$11:$I$11) -> 11 | K27: =J27+J26 -> 20.5
A28: 9:30-9:45 | B28: 0 | C28: 0 | D28: 8 | E28: 0 | F28: 0 | G28: 0 | H28: 0 | I28: 0 | J28: =SUMPRODUCT(B28:I28,$B$11:$I$11) -> 8
A29: 9:45-10:00 | B29: 0 | C29: 0 | D29: 12 | E29: 1 | F29: 0 | G29: 0 | H29: 0 | I29: 0 | J29: =SUMPRODUCT(B29:I29,$B$11:$I$11) -> 13.5 | K29: =J29+J28 -> 21.5 | L29: =SUM(J26:J29) -> 42 | M29: =SUM(C26:I29) -> 40
A30: 10:00-10:15 | B30: 0 | C30: 0 | D30: 17 | E30: 0 | F30: 0 | G30: 0 | H30: 0 | I30: 0 | J30: =SUMPRODUCT(B30:I30,$B$11:$I$11) -> 17
A31: 10:15-10:30 | B31: 1 | C31: 0 | D31: 14 | E31: 1 | F31: 0 | G31: 1 | H31: 0 | I31: 0 | J31: =SUMPRODUCT(B31:I31,$B$11:$I$11) -> 17.5 | K31: =J31+J30 -> 34.5
A32: 10:30-10:45 | B32: 0 | C32: 0 | D32: 13 | E32: 0 | F32: 0 | G32: 0 | H32: 0 | I32: 0 | J32: =SUMPRODUCT(B32:I32,$B$11:$I$11) -> 13
A33: 10:45-11:00 | B33: 0 | C33: 2 | D33: 7 | E33: 1 | F33: 0 | G33: 0 | H33: 0 | I33: 0 | J33: =SUMPRODUCT(B33:I33,$B$11:$I$11) -> 10.5 | K33: =J33+J32 -> 23.5 | L33: =SUM(J30:J33) -> 58 | M33: =SUM(C30:I33) -> 56
A34: 11:00-11:15 | B34: 0 | C34: 0 | D34: 14 | E34: 1 | F34: 0 | G34: 1 | H34: 0 | I34: 0 | J34: =SUMPRODUCT(B34:I34,$B$11:$I$11) -> 17
A35: 11:15-11:30 | B35: 0 | C35: 0 | D35: 8 | E35: 1 | F35: 0 | G35: 0 | H35: 0 | I35: 0 | J35: =SUMPRODUCT(B35:I35,$B$11:$I$11) -> 9.5 | K35: =J35+J34 -> 26.5
A36: 11:30-11:45 | B36: 0 | C36: 1 | D36: 11 | E36: 0 | F36: 0 | G36: 0 | H36: 0 | I36: 0 | J36: =SUMPRODUCT(B36:I36,$B$11:$I$11) -> 12
A37: 11:45-12:00 | B37: 0 | C37: 0 | D37: 13 | E37: 1 | F37: 0 | G37: 0 | H37: 0 | I37: 0 | J37: =SUMPRODUCT(B37:I37,$B$11:$I$11) -> 14.5 | K37: =J37+J36 -> 26.5 | L37: =SUM(J34:J37) -> 53 | M37: =SUM(C34:I37) -> 51
A38: 12:00-12:15 | B38: 0 | C38: 0 | D38: 11 | E38: 0 | F38: 0 | G38: 0 | H38: 0 | I38: 0 | J38: =SUMPRODUCT(B38:I38,$B$11:$I$11) -> 11
A39: 12:15-12:30 | B39: 0 | C39: 0 | D39: 7 | E39: 1 | F39: 0 | G39: 0 | H39: 0 | I39: 0 | J39: =SUMPRODUCT(B39:I39,$B$11:$I$11) -> 8.5 | K39: =J39+J38 -> 19.5
A40: 12:30-12:45 | B40: 1 | C40: 0 | D40: 5 | E40: 1 | F40: 0 | G40: 0 | H40: 0 | I40: 0 | J40: =SUMPRODUCT(B40:I40,$B$11:$I$11) -> 7
A41: 12:45-13:00 | B41: 3 | C41: 0 | D41: 9 | E41: 1 | F41: 0 | G41: 0 | H41: 0 | I41: 0 | J41: =SUMPRODUCT(B41:I41,$B$11:$I$11) -> 12 | K41: =J41+J40 -> 19 | L41: =SUM(J38:J41) -> 38.5 | M41: =SUM(C38:I41) -> 35
A42: 13:00-13:15 | B42: 0 | C42: 0 | D42: 10 | E42: 1 | F42: 0 | G42: 0 | H42: 0 | I42: 0 | J42: =SUMPRODUCT(B42:I42,$B$11:$I$11) -> 11.5
A43: 13:15-13:30 | B43: 1 | C43: 0 | D43: 11 | E43: 1 | F43: 0 | G43: 0 | H43: 0 | I43: 0 | J43: =SUMPRODUCT(B43:I43,$B$11:$I$11) -> 13 | K43: =J43+J42 -> 24.5
A44: 13:30-13:45 | B44: 0 | C44: 0 | D44: 16 | E44: 0 | F44: 0 | G44: 0 | H44: 0 | I44: 0 | J44: =SUMPRODUCT(B44:I44,$B$11:$I$11) -> 16
A45: 13:45-14:00 | B45: 0 | C45: 2 | D45: 5 | E45: 1 | F45: 0 | G45: 0 | H45: 0 | I45: 0 | J45: =SUMPRODUCT(B45:I45,$B$11:$I$11) -> 8.5 | K45: =J45+J44 -> 24.5 | L45: =SUM(J42:J45) -> 49 | M45: =SUM(C42:I45) -> 47
A46: 14:00-14:15 | B46: 0 | C46: 0 | D46: 7 | E46: 0 | F46: 0 | G46: 0 | H46: 0 | I46: 0 | J46: =SUMPRODUCT(B46:I46,$B$11:$I$11) -> 7
A47: 14:15-14:30 | B47: 0 | C47: 0 | D47: 7 | E47: 1 | F47: 0 | G47: 0 | H47: 0 | I47: 0 | J47: =SUMPRODUCT(B47:I47,$B$11:$I$11) -> 8.5 | K47: =J47+J46 -> 15.5
A48: 14:30-14:45 | B48: 0 | C48: 1 | D48: 13 | E48: 0 | F48: 0 | G48: 0 | H48: 0 | I48: 0 | J48: =SUMPRODUCT(B48:I48,$B$11:$I$11) -> 14
A49: 14:45-15:00 | B49: 1 | C49: 0 | D49: 13 | E49: 2 | F49: 0 | G49: 0 | H49: 0 | I49: 0 | J49: =SUMPRODUCT(B49:I49,$B$11:$I$11) -> 16.5 | K49: =J49+J48 -> 30.5 | L49: =SUM(J46:J49) -> 46 | M49: =SUM(C46:I49) -> 44
A50: 15:00-15:15 | B50: 0 | C50: 0 | D50: 11 | E50: 0 | F50: 0 | G50: 0 | H50: 0 | I50: 0 | J50: =SUMPRODUCT(B50:I50,$B$11:$I$11) -> 11
A51: 15:15-15:30 | B51: 1 | C51: 0 | D51: 6 | E51: 1 | F51: 0 | G51: 0 | H51: 0 | I51: 0 | J51: =SUMPRODUCT(B51:I51,$B$11:$I$11) -> 8 | K51: =J51+J50 -> 19
A52: 15:30-15:45 | B52: 0 | C52: 0 | D52: 9 | E52: 0 | F52: 0 | G52: 0 | H52: 0 | I52: 0 | J52: =SUMPRODUCT(B52:I52,$B$11:$I$11) -> 9
A53: 15:45-16:00 | B53: 0 | C53: 0 | D53: 6 | E53: 1 | F53: 0 | G53: 0 | H53: 0 | I53: 0 | J53: =SUMPRODUCT(B53:I53,$B$11:$I$11) -> 7.5 | K53: =J53+J52 -> 16.5 | L53: =SUM(J50:J53) -> 35.5 | M53: =SUM(C50:I53) -> 34
A54: 16:00-16:15 | B54: 0 | C54: 0 | D54: 5 | E54: 0 | F54: 0 | G54: 0 | H54: 0 | I54: 0 | J54: =SUMPRODUCT(B54:I54,$B$11:$I$11) -> 5
A55: 16:15-16:30 | B55: 0 | C55: 0 | D55: 6 | E55: 1 | F55: 0 | G55: 0 | H55: 0 | I55: 0 | J55: =SUMPRODUCT(B55:I55,$B$11:$I$11) -> 7.5 | K55: =J55+J54 -> 12.5
A56: 16:30-16:45 | B56: 0 | C56: 0 | D56: 10 | E56: 1 | F56: 0 | G56: 0 | H56: 0 | I56: 0 | J56: =SUMPRODUCT(B56:I56,$B$11:$I$11) -> 11.5
A57: 16:45-17:00 | B57: 0 | C57: 0 | D57: 10 | E57: 1 | F57: 0 | G57: 0 | H57: 0 | I57: 0 | J57: =SUMPRODUCT(B57:I57,$B$11:$I$11) -> 11.5 | K57: =J57+J56 -> 23 | L57: =SUM(J54:J57) -> 35.5 | M57: =SUM(C54:I57) -> 34
A58: 17:00-17:15 | B58: 0 | C58: 0 | D58: 6 | E58: 1 | F58: 0 | G58: 0 | H58: 0 | I58: 0 | J58: =SUMPRODUCT(B58:I58,$B$11:$I$11) -> 7.5
A59: 17:15-17:30 | B59: 0 | C59: 0 | D59: 9 | E59: 1 | F59: 0 | G59: 0 | H59: 0 | I59: 0 | J59: =SUMPRODUCT(B59:I59,$B$11:$I$11) -> 10.5 | K59: =J59+J58 -> 18
A60: 17:30-17:45 | B60: 0 | C60: 0 | D60: 8 | E60: 0 | F60: 0 | G60: 0 | H60: 0 | I60: 0 | J60: =SUMPRODUCT(B60:I60,$B$11:$I$11) -> 8
A61: 17:45-18:00 | B61: 0 | C61: 0 | D61: 8 | E61: 1 | F61: 0 | G61: 0 | H61: 0 | I61: 0 | J61: =SUMPRODUCT(B61:I61,$B$11:$I$11) -> 9.5 | K61: =J61+J60 -> 17.5 | L61: =SUM(J58:J61) -> 35.5 | M61: =SUM(C58:I61) -> 34
A62: 18:00-18:15 | B62: 0 | C62: 0 | D62: 7 | E62: 1 | F62: 0 | G62: 0 | H62: 0 | I62: 0 | J62: =SUMPRODUCT(B62:I62,$B$11:$I$11) -> 8.5
A63: 18:15-18:30 | B63: 0 | C63: 0 | D63: 7 | E63: 1 | F63: 0 | G63: 0 | H63: 0 | I63: 0 | J63: =SUMPRODUCT(B63:I63,$B$11:$I$11) -> 8.5 | K63: =J63+J62 -> 17
A64: 18:30-18:45 | B64: 0 | C64: 0 | D64: 4 | E64: 0 | F64: 0 | G64: 0 | H64: 0 | I64: 0 | J64: =SUMPRODUCT(B64:I64,$B$11:$I$11) -> 4
A65: 18:45-19:00 | B65: 1 | C65: 0 | D65: 7 | E65: 1 | F65: 0 | G65: 0 | H65: 0 | I65: 0 | J65: =SUMPRODUCT(B65:I65,$B$11:$I$11) -> 9 | K65: =J65+J64 -> 13 | L65: =SUM(J62:J65) -> 30 | M65: =SUM(C62:I65) -> 28
A66: 19:00-19:15 | J66: =SUMPRODUCT(B66:I66,$B$11:$I$11) -> 0
A67: 19:15-19:30 | J67: =SUMPRODUCT(B67:I67,$B$11:$I$11) -> 0 | K67: =J67+J66 -> 0
A68: 19:30-19:45 | J68: =SUMPRODUCT(B68:I68,$B$11:$I$11) -> 0
A69: 19:45-20:00 | J69: =SUMPRODUCT(B69:I69,$B$11:$I$11) -> 0 | K69: =J69+J68 -> 0 | L69: =SUM(J66:J69) -> 0 | M69: =SUM(C66:I69) -> 0
A70: SUMME : | B70: =SUM(B14:B69) -> 12 | C70: =SUM(C14:C69) -> 9 | D70: =SUM(D14:D69) -> 426 | E70: =SUM(E14:E69) -> 34 | F70: =SUM(F14:F69) -> 1 | G70: =SUM(G14:G69) -> 2 | H70: =SUM(H14:H69) -> 0 | I70: =SUM(I14:I69) -> 0 | J70: =SUM(J14:J69) -> 496.5

Sheet R8
A3: ICRA Schwap e.U.
A4: VERKEHRSZÄHLUNG - PKW-Einheiten
A5: Datum : | J5: Lfd. Nummer : | K5: 0
A6: ='Deckbl.'!I11 -> 44817 | J6: Wetter : | K6: ='Deckbl.'!I12 -> Sonnig 10-26°
B7: Verkehrszählung : | C7: ='Deckbl.'!C8 -> Karl-Wurmb-Straße / Fanny-von-Lehnert-Straße (Salzburg)
B8: Zählstelle : | I8: Sachbearbeiter : | J8: ICRA / Schwap
B9: Richtung : | C9: R8 | I9: Uhrzeit : | J9: ='Deckbl.'!C11 -> 7-19
B10: Bemerkung : | I10: Dateiname:
A11: Faktoren | B11: 0.5 | C11: 1 | D11: ='Faktoren PKW-E'!B16 -> 1 | E11: 1.5 | F11: 1.5 | G11: 1.5 | H11: 2 | I11: 1.5
C12: einsp. | D12: PKW | E12: Lin. | F12: Reis. | H12: LKW + | I12: sonst. | J12: PKW-E | K12: PKW-E | L12: PKW-E | M12: KFZ
A13: Zeit | B13: Rad | C13: KFZ | D13: Kombi | E13: Bus | F13: Bus | G13: LKW | H13: Anh. | I13: KFZ | J13: / 15 min | K13: / 30 min | L13: / 1 Std. | M13: / 1 Std.
A14: 6:00-6:15 | J14: =SUMPRODUCT(B14:I14,$B$11:$I$11) -> 0
A15: 6:15-6:30 | J15: =SUMPRODUCT(B15:I15,$B$11:$I$11) -> 0 | K15: =J15+J14 -> 0
A16: 6:30-6:45 | J16: =SUMPRODUCT(B16:I16,$B$11:$I$11) -> 0
A17: 6:45-7:00 | J17: =SUMPRODUCT(B17:I17,$B$11:$I$11) -> 0 | K17: =J17+J16 -> 0 | L17: =SUM(J14:J17) -> 0 | M17: =SUM(C14:I17) -> 0
A18: 7:00-7:15 | B18: 0 | C18: 2 | D18: 29 | E18: 1 | F18: 0 | G18: 0 | H18: 1 | I18: 0 | J18: =SUMPRODUCT(B18:I18,$B$11:$I$11) -> 34.5
A19: 7:15-7:30 | B19: 0 | C19: 2 | D19: 33 | E19: 1 | F19: 0 | G19: 0 | H19: 0 | I19: 0 | J19: =SUMPRODUCT(B19:I19,$B$11:$I$11) -> 36.5 | K19: =J19+J18 -> 71
A20: 7:30-7:45 | B20: 1 | C20: 1 | D20: 32 | E20: 6 | F20: 1 | G20: 1 | H20: 0 | I20: 0 | J20: =SUMPRODUCT(B20:I20,$B$11:$I$11) -> 45.5
A21: 7:45-8:00 | B21: 6 | C21: 5 | D21: 45 | E21: 3 | F21: 1 | G21: 0 | H21: 0 | I21: 0 | J21: =SUMPRODUCT(B21:I21,$B$11:$I$11) -> 59 | K21: =J21+J20 -> 104.5 | L21: =SUM(J18:J21) -> 175.5 | M21: =SUM(C18:I21) -> 164
A22: 8:00-8:15 | B22: 1 | C22: 0 | D22: 40 | E22: 2 | F22: 0 | G22: 1 | H22: 0 | I22: 0 | J22: =SUMPRODUCT(B22:I22,$B$11:$I$11) -> 45
A23: 8:15-8:30 | B23: 0 | C23: 3 | D23: 37 | E23: 3 | F23: 0 | G23: 1 | H23: 0 | I23: 0 | J23: =SUMPRODUCT(B23:I23,$B$11:$I$11) -> 46 | K23: =J23+J22 -> 91
A24: 8:30-8:45 | B24: 0 | C24: 3 | D24: 41 | E24: 2 | F24: 0 | G24: 0 | H24: 0 | I24: 0 | J24: =SUMPRODUCT(B24:I24,$B$11:$I$11) -> 47
A25: 8:45-9:00 | B25: 0 | C25: 3 | D25: 35 | E25: 3 | F25: 0 | G25: 2 | H25: 0 | I25: 0 | J25: =SUMPRODUCT(B25:I25,$B$11:$I$11) -> 45.5 | K25: =J25+J24 -> 92.5 | L25: =SUM(J22:J25) -> 183.5 | M25: =SUM(C22:I25) -> 176
A26: 9:00-9:15 | B26: 0 | C26: 6 | D26: 29 | E26: 5 | F26: 0 | G26: 0 | H26: 0 | I26: 0 | J26: =SUMPRODUCT(B26:I26,$B$11:$I$11) -> 42.5
A27: 9:15-9:30 | B27: 1 | C27: 12 | D27: 42 | E27: 4 | F27: 0 | G27: 2 | H27: 0 | I27: 0 | J27: =SUMPRODUCT(B27:I27,$B$11:$I$11) -> 63.5 | K27: =J27+J26 -> 106
A28: 9:30-9:45 | B28: 1 | C28: 14 | D28: 31 | E28: 2 | F28: 0 | G28: 1 | H28: 0 | I28: 0 | J28: =SUMPRODUCT(B28:I28,$B$11:$I$11) -> 50
A29: 9:45-10:00 | B29: 2 | C29: 1 | D29: 37 | E29: 2 | F29: 0 | G29: 0 | H29: 0 | I29: 0 | J29: =SUMPRODUCT(B29:I29,$B$11:$I$11) -> 42 | K29: =J29+J28 -> 92 | L29: =SUM(J26:J29) -> 198 | M29: =SUM(C26:I29) -> 188
A30: 10:00-10:15 | B30: 2 | C30: 2 | D30: 34 | E30: 3 | F30: 0 | G30: 0 | H30: 0 | I30: 0 | J30: =SUMPRODUCT(B30:I30,$B$11:$I$11) -> 41.5
A31: 10:15-10:30 | B31: 1 | C31: 2 | D31: 38 | E31: 3 | F31: 0 | G31: 0 | H31: 0 | I31: 0 | J31: =SUMPRODUCT(B31:I31,$B$11:$I$11) -> 45 | K31: =J31+J30 -> 86.5
A32: 10:30-10:45 | B32: 0 | C32: 1 | D32: 37 | E32: 1 | F32: 1 | G32: 0 | H32: 1 | I32: 0 | J32: =SUMPRODUCT(B32:I32,$B$11:$I$11) -> 43
A33: 10:45-11:00 | B33: 1 | C33: 2 | D33: 33 | E33: 3 | F33: 1 | G33: 0 | H33: 0 | I33: 0 | J33: =SUMPRODUCT(B33:I33,$B$11:$I$11) -> 41.5 | K33: =J33+J32 -> 84.5 | L33: =SUM(J30:J33) -> 171 | M33: =SUM(C30:I33) -> 162
A34: 11:00-11:15 | B34: 1 | C34: 1 | D34: 37 | E34: 2 | F34: 0 | G34: 0 | H34: 0 | I34: 0 | J34: =SUMPRODUCT(B34:I34,$B$11:$I$11) -> 41.5
A35: 11:15-11:30 | B35: 0 | C35: 2 | D35: 39 | E35: 5 | F35: 0 | G35: 0 | H35: 0 | I35: 0 | J35: =SUMPRODUCT(B35:I35,$B$11:$I$11) -> 48.5 | K35: =J35+J34 -> 90
A36: 11:30-11:45 | B36: 2 | C36: 1 | D36: 22 | E36: 3 | F36: 0 | G36: 0 | H36: 0 | I36: 0 | J36: =SUMPRODUCT(B36:I36,$B$11:$I$11) -> 28.5
A37: 11:45-12:00 | B37: 1 | C37: 0 | D37: 39 | E37: 2 | F37: 0 | G37: 0 | H37: 0 | I37: 1 | J37: =SUMPRODUCT(B37:I37,$B$11:$I$11) -> 44 | K37: =J37+J36 -> 72.5 | L37: =SUM(J34:J37) -> 162.5 | M37: =SUM(C34:I37) -> 154
A38: 12:00-12:15 | B38: 1 | C38: 2 | D38: 36 | E38: 2 | F38: 0 | G38: 0 | H38: 0 | I38: 0 | J38: =SUMPRODUCT(B38:I38,$B$11:$I$11) -> 41.5
A39: 12:15-12:30 | B39: 2 | C39: 2 | D39: 32 | E39: 2 | F39: 0 | G39: 1 | H39: 0 | I39: 0 | J39: =SUMPRODUCT(B39:I39,$B$11:$I$11) -> 39.5 | K39: =J39+J38 -> 81
A40: 12:30-12:45 | B40: 2 | C40: 2 | D40: 33 | E40: 1 | F40: 0 | G40: 0 | H40: 0 | I40: 0 | J40: =SUMPRODUCT(B40:I40,$B$11:$I$11) -> 37.5
A41: 12:45-13:00 | B41: 3 | C41: 3 | D41: 48 | E41: 3 | F41: 0 | G41: 1 | H41: 0 | I41: 0 | J41: =SUMPRODUCT(B41:I41,$B$11:$I$11) -> 58.5 | K41: =J41+J40 -> 96 | L41: =SUM(J38:J41) -> 177 | M41: =SUM(C38:I41) -> 168
A42: 13:00-13:15 | B42: 1 | C42: 3 | D42: 45 | E42: 3 | F42: 0 | G42: 2 | H42: 0 | I42: 0 | J42: =SUMPRODUCT(B42:I42,$B$11:$I$11) -> 56
A43: 13:15-13:30 | B43: 0 | C43: 2 | D43: 36 | E43: 1 | F43: 0 | G43: 0 | H43: 0 | I43: 0 | J43: =SUMPRODUCT(B43:I43,$B$11:$I$11) -> 39.5 | K43: =J43+J42 -> 95.5
A44: 13:30-13:45 | B44: 5 | C44: 5 | D44: 42 | E44: 2 | F44: 1 | G44: 1 | H44: 0 | I44: 0 | J44: =SUMPRODUCT(B44:I44,$B$11:$I$11) -> 55.5
A45: 13:45-14:00 | B45: 2 | C45: 2 | D45: 36 | E45: 0 | F45: 0 | G45: 1 | H45: 0 | I45: 0 | J45: =SUMPRODUCT(B45:I45,$B$11:$I$11) -> 40.5 | K45: =J45+J44 -> 96 | L45: =SUM(J42:J45) -> 191.5 | M45: =SUM(C42:I45) -> 182
A46: 14:00-14:15 | B46: 2 | C46: 3 | D46: 43 | E46: 4 | F46: 0 | G46: 0 | H46: 0 | I46: 0 | J46: =SUMPRODUCT(B46:I46,$B$11:$I$11) -> 53
A47: 14:15-14:30 | B47: 2 | C47: 0 | D47: 39 | E47: 3 | F47: 0 | G47: 1 | H47: 0 | I47: 0 | J47: =SUMPRODUCT(B47:I47,$B$11:$I$11) -> 46 | K47: =J47+J46 -> 99
A48: 14:30-14:45 | B48: 0 | C48: 2 | D48: 49 | E48: 1 | F48: 0 | G48: 1 | H48: 0 | I48: 0 | J48: =SUMPRODUCT(B48:I48,$B$11:$I$11) -> 54
A49: 14:45-15:00 | B49: 0 | C49: 3 | D49: 35 | E49: 2 | F49: 0 | G49: 1 | H49: 0 | I49: 0 | J49: =SUMPRODUCT(B49:I49,$B$11:$I$11) -> 42.5 | K49: =J49+J48 -> 96.5 | L49: =SUM(J46:J49) -> 195.5 | M49: =SUM(C46:I49) -> 187
A50: 15:00-15:15 | B50: 1 | C50: 2 | D50: 40 | E50: 4 | F50: 0 | G50: 0 | H50: 0 | I50: 1 | J50: =SUMPRODUCT(B50:I50,$B$11:$I$11) -> 50
A51: 15:15-15:30 | B51: 1 | C51: 5 | D51: 44 | E51: 3 | F51: 1 | G51: 2 | H51: 0 | I51: 0 | J51: =SUMPRODUCT(B51:I51,$B$11:$I$11) -> 58.5 | K51: =J51+J50 -> 108.5
A52: 15:30-15:45 | B52: 0 | C52: 2 | D52: 37 | E52: 1 | F52: 0 | G52: 0 | H52: 0 | I52: 0 | J52: =SUMPRODUCT(B52:I52,$B$11:$I$11) -> 40.5
A53: 15:45-16:00 | B53: 1 | C53: 0 | D53: 58 | E53: 2 | F53: 0 | G53: 1 | H53: 0 | I53: 0 | J53: =SUMPRODUCT(B53:I53,$B$11:$I$11) -> 63 | K53: =J53+J52 -> 103.5 | L53: =SUM(J50:J53) -> 212 | M53: =SUM(C50:I53) -> 203
A54: 16:00-16:15 | B54: 1 | C54: 0 | D54: 58 | E54: 3 | F54: 0 | G54: 1 | H54: 0 | I54: 0 | J54: =SUMPRODUCT(B54:I54,$B$11:$I$11) -> 64.5
A55: 16:15-16:30 | B55: 0 | C55: 4 | D55: 45 | E55: 1 | F55: 0 | G55: 0 | H55: 0 | I55: 0 | J55: =SUMPRODUCT(B55:I55,$B$11:$I$11) -> 50.5 | K55: =J55+J54 -> 115
A56: 16:30-16:45 | B56: 0 | C56: 0 | D56: 46 | E56: 3 | F56: 0 | G56: 0 | H56: 0 | I56: 0 | J56: =SUMPRODUCT(B56:I56,$B$11:$I$11) -> 50.5
A57: 16:45-17:00 | B57: 3 | C57: 4 | D57: 57 | E57: 1 | F57: 0 | G57: 0 | H57: 0 | I57: 0 | J57: =SUMPRODUCT(B57:I57,$B$11:$I$11) -> 64 | K57: =J57+J56 -> 114.5 | L57: =SUM(J54:J57) -> 229.5 | M57: =SUM(C54:I57) -> 223
A58: 17:00-17:15 | B58: 2 | C58: 3 | D58: 55 | E58: 3 | F58: 0 | G58: 0 | H58: 0 | I58: 0 | J58: =SUMPRODUCT(B58:I58,$B$11:$I$11) -> 63.5
A59: 17:15-17:30 | B59: 3 | C59: 5 | D59: 56 | E59: 1 | F59: 0 | G59: 0 | H59: 1 | I59: 0 | J59: =SUMPRODUCT(B59:I59,$B$11:$I$11) -> 66 | K59: =J59+J58 -> 129.5
A60: 17:30-17:45 | B60: 0 | C60: 7 | D60: 38 | E60: 0 | F60: 0 | G60: 0 | H60: 0 | I60: 0 | J60: =SUMPRODUCT(B60:I60,$B$11:$I$11) -> 45
A61: 17:45-18:00 | B61: 1 | C61: 0 | D61: 51 | E61: 4 | F61: 0 | G61: 0 | H61: 0 | I61: 0 | J61: =SUMPRODUCT(B61:I61,$B$11:$I$11) -> 57.5 | K61: =J61+J60 -> 102.5 | L61: =SUM(J58:J61) -> 232 | M61: =SUM(C58:I61) -> 224
A62: 18:00-18:15 | B62: 4 | C62: 3 | D62: 43 | E62: 4 | F62: 0 | G62: 0 | H62: 0 | I62: 0 | J62: =SUMPRODUCT(B62:I62,$B$11:$I$11) -> 54
A63: 18:15-18:30 | B63: 3 | C63: 5 | D63: 52 | E63: 2 | F63: 0 | G63: 0 | H63: 0 | I63: 0 | J63: =SUMPRODUCT(B63:I63,$B$11:$I$11) -> 61.5 | K63: =J63+J62 -> 115.5
A64: 18:30-18:45 | B64: 0 | C64: 4 | D64: 42 | E64: 0 | F64: 1 | G64: 0 | H64: 0 | I64: 0 | J64: =SUMPRODUCT(B64:I64,$B$11:$I$11) -> 47.5
A65: 18:45-19:00 | B65: 1 | C65: 2 | D65: 29 | E65: 2 | F65: 0 | G65: 0 | H65: 0 | I65: 0 | J65: =SUMPRODUCT(B65:I65,$B$11:$I$11) -> 34.5 | K65: =J65+J64 -> 82 | L65: =SUM(J62:J65) -> 197.5 | M65: =SUM(C62:I65) -> 189
A66: 19:00-19:15 | J66: =SUMPRODUCT(B66:I66,$B$11:$I$11) -> 0
A67: 19:15-19:30 | J67: =SUMPRODUCT(B67:I67,$B$11:$I$11) -> 0 | K67: =J67+J66 -> 0
A68: 19:30-19:45 | J68: =SUMPRODUCT(B68:I68,$B$11:$I$11) -> 0
A69: 19:45-20:00 | J69: =SUMPRODUCT(B69:I69,$B$11:$I$11) -> 0 | K69: =J69+J68 -> 0 | L69: =SUM(J66:J69) -> 0 | M69: =SUM(C66:I69) -> 0
A70: SUMME : | B70: =SUM(B14:B69) -> 61 | C70: =SUM(C14:C69) -> 138 | D70: =SUM(D14:D69) -> 1935 | E70: =SUM(E14:E69) -> 114 | F70: =SUM(F14:F69) -> 7 | G70: =SUM(G14:G69) -> 21 | H70: =SUM(H14:H69) -> 3 | I70: =SUM(I14:I69) -> 2 | J70: =SUM(J14:J69) -> 2325.5

Sheet R9
A3: ICRA Schwap e.U.
A4: VERKEHRSZÄHLUNG - PKW-Einheiten
A5: Datum : | J5: Lfd. Nummer : | K5: 0
A6: ='Deckbl.'!I11 -> 44817 | J6: Wetter : | K6: ='Deckbl.'!I12 -> Sonnig 10-26°
B7: Verkehrszählung : | C7: ='Deckbl.'!C8 -> Karl-Wurmb-Straße / Fanny-von-Lehnert-Straße (Salzburg)
B8: Zählstelle : | I8: Sachbearbeiter : | J8: ICRA / Schwap
B9: Richtung : | C9: R9 | I9: Uhrzeit : | J9: ='Deckbl.'!C11 -> 7-19
B10: Bemerkung : | I10: Dateiname:
A11: Faktoren | B11: 0.5 | C11: 1 | D11: ='Faktoren PKW-E'!B16 -> 1 | E11: 1.5 | F11: 1.5 | G11: 1.5 | H11: 2 | I11: 1.5
C12: einsp. | D12: PKW | E12: Lin. | F12: Reis. | H12: LKW + | I12: sonst. | J12: PKW-E | K12: PKW-E | L12: PKW-E | M12: KFZ
A13: Zeit | B13: Rad | C13: KFZ | D13: Kombi | E13: Bus | F13: Bus | G13: LKW | H13: Anh. | I13: KFZ | J13: / 15 min | K13: / 30 min | L13: / 1 Std. | M13: / 1 Std.
A14: 6:00-6:15 | J14: =SUMPRODUCT(B14:I14,$B$11:$I$11) -> 0
A15: 6:15-6:30 | J15: =SUMPRODUCT(B15:I15,$B$11:$I$11) -> 0 | K15: =J15+J14 -> 0
A16: 6:30-6:45 | J16: =SUMPRODUCT(B16:I16,$B$11:$I$11) -> 0
A17: 6:45-7:00 | J17: =SUMPRODUCT(B17:I17,$B$11:$I$11) -> 0 | K17: =J17+J16 -> 0 | L17: =SUM(J14:J17) -> 0 | M17: =SUM(C14:I17) -> 0
A18: 7:00-7:15 | B18: 2 | C18: 0 | D18: 8 | E18: 0 | F18: 0 | G18: 0 | H18: 0 | I18: 0 | J18: =SUMPRODUCT(B18:I18,$B$11:$I$11) -> 9
A19: 7:15-7:30 | B19: 1 | C19: 1 | D19: 4 | E19: 0 | F19: 0 | G19: 0 | H19: 0 | I19: 0 | J19: =SUMPRODUCT(B19:I19,$B$11:$I$11) -> 5.5 | K19: =J19+J18 -> 14.5
A20: 7:30-7:45 | B20: 2 | C20: 1 | D20: 6 | E20: 0 | F20: 0 | G20: 1 | H20: 0 | I20: 0 | J20: =SUMPRODUCT(B20:I20,$B$11:$I$11) -> 9.5
A21: 7:45-8:00 | B21: 0 | C21: 0 | D21: 9 | E21: 0 | F21: 0 | G21: 0 | H21: 0 | I21: 0 | J21: =SUMPRODUCT(B21:I21,$B$11:$I$11) -> 9 | K21: =J21+J20 -> 18.5 | L21: =SUM(J18:J21) -> 33 | M21: =SUM(C18:I21) -> 30
A22: 8:00-8:15 | B22: 1 | C22: 0 | D22: 9 | E22: 0 | F22: 0 | G22: 0 | H22: 0 | I22: 0 | J22: =SUMPRODUCT(B22:I22,$B$11:$I$11) -> 9.5
A23: 8:15-8:30 | B23: 0 | C23: 2 | D23: 10 | E23: 0 | F23: 0 | G23: 0 | H23: 0 | I23: 0 | J23: =SUMPRODUCT(B23:I23,$B$11:$I$11) -> 12 | K23: =J23+J22 -> 21.5
A24: 8:30-8:45 | B24: 2 | C24: 0 | D24: 7 | E24: 0 | F24: 0 | G24: 0 | H24: 0 | I24: 0 | J24: =SUMPRODUCT(B24:I24,$B$11:$I$11) -> 8
A25: 8:45-9:00 | B25: 1 | C25: 0 | D25: 5 | E25: 0 | F25: 0 | G25: 0 | H25: 0 | I25: 0 | J25: =SUMPRODUCT(B25:I25,$B$11:$I$11) -> 5.5 | K25: =J25+J24 -> 13.5 | L25: =SUM(J22:J25) -> 35 | M25: =SUM(C22:I25) -> 33
A26: 9:00-9:15 | B26: 0 | C26: 0 | D26: 14 | E26: 0 | F26: 0 | G26: 0 | H26: 0 | I26: 0 | J26: =SUMPRODUCT(B26:I26,$B$11:$I$11) -> 14
A27: 9:15-9:30 | B27: 0 | C27: 1 | D27: 3 | E27: 0 | F27: 0 | G27: 0 | H27: 0 | I27: 0 | J27: =SUMPRODUCT(B27:I27,$B$11:$I$11) -> 4 | K27: =J27+J26 -> 18
A28: 9:30-9:45 | B28: 1 | C28: 1 | D28: 5 | E28: 0 | F28: 0 | G28: 0 | H28: 0 | I28: 0 | J28: =SUMPRODUCT(B28:I28,$B$11:$I$11) -> 6.5
A29: 9:45-10:00 | B29: 2 | C29: 0 | D29: 2 | E29: 0 | F29: 0 | G29: 1 | H29: 0 | I29: 0 | J29: =SUMPRODUCT(B29:I29,$B$11:$I$11) -> 4.5 | K29: =J29+J28 -> 11 | L29: =SUM(J26:J29) -> 29 | M29: =SUM(C26:I29) -> 27
A30: 10:00-10:15 | B30: 0 | C30: 0 | D30: 6 | E30: 0 | F30: 0 | G30: 0 | H30: 0 | I30: 0 | J30: =SUMPRODUCT(B30:I30,$B$11:$I$11) -> 6
A31: 10:15-10:30 | B31: 0 | C31: 0 | D31: 2 | E31: 0 | F31: 0 | G31: 0 | H31: 0 | I31: 0 | J31: =SUMPRODUCT(B31:I31,$B$11:$I$11) -> 2 | K31: =J31+J30 -> 8
A32: 10:30-10:45 | B32: 0 | C32: 0 | D32: 6 | E32: 0 | F32: 0 | G32: 1 | H32: 0 | I32: 0 | J32: =SUMPRODUCT(B32:I32,$B$11:$I$11) -> 7.5
A33: 10:45-11:00 | B33: 1 | C33: 0 | D33: 4 | E33: 0 | F33: 0 | G33: 1 | H33: 0 | I33: 0 | J33: =SUMPRODUCT(B33:I33,$B$11:$I$11) -> 6 | K33: =J33+J32 -> 13.5 | L33: =SUM(J30:J33) -> 21.5 | M33: =SUM(C30:I33) -> 20
A34: 11:00-11:15 | B34: 0 | C34: 0 | D34: 8 | E34: 0 | F34: 0 | G34: 0 | H34: 0 | I34: 0 | J34: =SUMPRODUCT(B34:I34,$B$11:$I$11) -> 8
A35: 11:15-11:30 | B35: 3 | C35: 0 | D35: 11 | E35: 0 | F35: 0 | G35: 0 | H35: 0 | I35: 0 | J35: =SUMPRODUCT(B35:I35,$B$11:$I$11) -> 12.5 | K35: =J35+J34 -> 20.5
A36: 11:30-11:45 | B36: 0 | C36: 0 | D36: 4 | E36: 0 | F36: 0 | G36: 0 | H36: 0 | I36: 0 | J36: =SUMPRODUCT(B36:I36,$B$11:$I$11) -> 4
A37: 11:45-12:00 | B37: 1 | C37: 0 | D37: 8 | E37: 0 | F37: 0 | G37: 0 | H37: 0 | I37: 0 | J37: =SUMPRODUCT(B37:I37,$B$11:$I$11) -> 8.5 | K37: =J37+J36 -> 12.5 | L37: =SUM(J34:J37) -> 33 | M37: =SUM(C34:I37) -> 31
A38: 12:00-12:15 | B38: 0 | C38: 0 | D38: 5 | E38: 0 | F38: 0 | G38: 0 | H38: 0 | I38: 0 | J38: =SUMPRODUCT(B38:I38,$B$11:$I$11) -> 5
A39: 12:15-12:30 | B39: 2 | C39: 0 | D39: 9 | E39: 0 | F39: 0 | G39: 0 | H39: 0 | I39: 0 | J39: =SUMPRODUCT(B39:I39,$B$11:$I$11) -> 10 | K39: =J39+J38 -> 15
A40: 12:30-12:45 | B40: 1 | C40: 0 | D40: 9 | E40: 0 | F40: 0 | G40: 0 | H40: 0 | I40: 0 | J40: =SUMPRODUCT(B40:I40,$B$11:$I$11) -> 9.5
A41: 12:45-13:00 | B41: 1 | C41: 0 | D41: 4 | E41: 0 | F41: 0 | G41: 0 | H41: 0 | I41: 0 | J41: =SUMPRODUCT(B41:I41,$B$11:$I$11) -> 4.5 | K41: =J41+J40 -> 14 | L41: =SUM(J38:J41) -> 29 | M41: =SUM(C38:I41) -> 27
A42: 13:00-13:15 | B42: 0 | C42: 0 | D42: 1 | E42: 0 | F42: 0 | G42: 0 | H42: 0 | I42: 0 | J42: =SUMPRODUCT(B42:I42,$B$11:$I$11) -> 1
A43: 13:15-13:30 | B43: 0 | C43: 0 | D43: 3 | E43: 0 | F43: 0 | G43: 0 | H43: 0 | I43: 0 | J43: =SUMPRODUCT(B43:I43,$B$11:$I$11) -> 3 | K43: =J43+J42 -> 4
A44: 13:30-13:45 | B44: 3 | C44: 0 | D44: 2 | E44: 0 | F44: 0 | G44: 0 | H44: 0 | I44: 0 | J44: =SUMPRODUCT(B44:I44,$B$11:$I$11) -> 3.5
A45: 13:45-14:00 | B45: 1 | C45: 0 | D45: 7 | E45: 0 | F45: 0 | G45: 0 | H45: 0 | I45: 0 | J45: =SUMPRODUCT(B45:I45,$B$11:$I$11) -> 7.5 | K45: =J45+J44 -> 11 | L45: =SUM(J42:J45) -> 15 | M45: =SUM(C42:I45) -> 13
A46: 14:00-14:15 | B46: 0 | C46: 0 | D46: 8 | E46: 0 | F46: 0 | G46: 0 | H46: 0 | I46: 0 | J46: =SUMPRODUCT(B46:I46,$B$11:$I$11) -> 8
A47: 14:15-14:30 | B47: 1 | C47: 0 | D47: 4 | E47: 0 | F47: 0 | G47: 0 | H47: 0 | I47: 0 | J47: =SUMPRODUCT(B47:I47,$B$11:$I$11) -> 4.5 | K47: =J47+J46 -> 12.5
A48: 14:30-14:45 | B48: 0 | C48: 0 | D48: 2 | E48: 0 | F48: 0 | G48: 0 | H48: 0 | I48: 0 | J48: =SUMPRODUCT(B48:I48,$B$11:$I$11) -> 2
A49: 14:45-15:00 | B49: 2 | C49: 0 | D49: 3 | E49: 0 | F49: 0 | G49: 0 | H49: 0 | I49: 0 | J49: =SUMPRODUCT(B49:I49,$B$11:$I$11) -> 4 | K49: =J49+J48 -> 6 | L49: =SUM(J46:J49) -> 18.5 | M49: =SUM(C46:I49) -> 17
A50: 15:00-15:15 | B50: 0 | C50: 0 | D50: 1 | E50: 0 | F50: 0 | G50: 0 | H50: 0 | I50: 0 | J50: =SUMPRODUCT(B50:I50,$B$11:$I$11) -> 1
A51: 15:15-15:30 | B51: 1 | C51: 0 | D51: 5 | E51: 0 | F51: 0 | G51: 0 | H51: 0 | I51: 0 | J51: =SUMPRODUCT(B51:I51,$B$11:$I$11) -> 5.5 | K51: =J51+J50 -> 6.5
A52: 15:30-15:45 | B52: 3 | C52: 0 | D52: 2 | E52: 0 | F52: 0 | G52: 0 | H52: 0 | I52: 0 | J52: =SUMPRODUCT(B52:I52,$B$11:$I$11) -> 3.5
A53: 15:45-16:00 | B53: 1 | C53: 0 | D53: 5 | E53: 0 | F53: 0 | G53: 0 | H53: 0 | I53: 0 | J53: =SUMPRODUCT(B53:I53,$B$11:$I$11) -> 5.5 | K53: =J53+J52 -> 9 | L53: =SUM(J50:J53) -> 15.5 | M53: =SUM(C50:I53) -> 13
A54: 16:00-16:15 | B54: 5 | C54: 0 | D54: 5 | E54: 0 | F54: 0 | G54: 0 | H54: 0 | I54: 0 | J54: =SUMPRODUCT(B54:I54,$B$11:$I$11) -> 7.5
A55: 16:15-16:30 | B55: 1 | C55: 0 | D55: 0 | E55: 0 | F55: 0 | G55: 0 | H55: 0 | I55: 0 | J55: =SUMPRODUCT(B55:I55,$B$11:$I$11) -> 0.5 | K55: =J55+J54 -> 8
A56: 16:30-16:45 | B56: 0 | C56: 0 | D56: 6 | E56: 0 | F56: 0 | G56: 0 | H56: 0 | I56: 0 | J56: =SUMPRODUCT(B56:I56,$B$11:$I$11) -> 6
A57: 16:45-17:00 | B57: 2 | C57: 0 | D57: 6 | E57: 0 | F57: 0 | G57: 0 | H57: 0 | I57: 0 | J57: =SUMPRODUCT(B57:I57,$B$11:$I$11) -> 7 | K57: =J57+J56 -> 13 | L57: =SUM(J54:J57) -> 21 | M57: =SUM(C54:I57) -> 17
A58: 17:00-17:15 | B58: 1 | C58: 0 | D58: 5 | E58: 0 | F58: 1 | G58: 0 | H58: 0 | I58: 0 | J58: =SUMPRODUCT(B58:I58,$B$11:$I$11) -> 7
A59: 17:15-17:30 | B59: 3 | C59: 0 | D59: 5 | E59: 0 | F59: 0 | G59: 0 | H59: 0 | I59: 0 | J59: =SUMPRODUCT(B59:I59,$B$11:$I$11) -> 6.5 | K59: =J59+J58 -> 13.5
A60: 17:30-17:45 | B60: 1 | C60: 0 | D60: 6 | E60: 0 | F60: 0 | G60: 0 | H60: 0 | I60: 0 | J60: =SUMPRODUCT(B60:I60,$B$11:$I$11) -> 6.5
A61: 17:45-18:00 | B61: 1 | C61: 0 | D61: 5 | E61: 0 | F61: 0 | G61: 0 | H61: 0 | I61: 0 | J61: =SUMPRODUCT(B61:I61,$B$11:$I$11) -> 5.5 | K61: =J61+J60 -> 12 | L61: =SUM(J58:J61) -> 25.5 | M61: =SUM(C58:I61) -> 22
A62: 18:00-18:15 | B62: 0 | C62: 0 | D62: 5 | E62: 0 | F62: 0 | G62: 0 | H62: 0 | I62: 0 | J62: =SUMPRODUCT(B62:I62,$B$11:$I$11) -> 5
A63: 18:15-18:30 | B63: 1 | C63: 0 | D63: 2 | E63: 0 | F63: 0 | G63: 0 | H63: 0 | I63: 0 | J63: =SUMPRODUCT(B63:I63,$B$11:$I$11) -> 2.5 | K63: =J63+J62 -> 7.5
A64: 18:30-18:45 | B64: 2 | C64: 0 | D64: 4 | E64: 0 | F64: 0 | G64: 0 | H64: 0 | I64: 0 | J64: =SUMPRODUCT(B64:I64,$B$11:$I$11) -> 5
A65: 18:45-19:00 | B65: 2 | C65: 0 | D65: 8 | E65: 0 | F65: 0 | G65: 0 | H65: 0 | I65: 0 | J65: =SUMPRODUCT(B65:I65,$B$11:$I$11) -> 9 | K65: =J65+J64 -> 14 | L65: =SUM(J62:J65) -> 21.5 | M65: =SUM(C62:I65) -> 19
A66: 19:00-19:15 | J66: =SUMPRODUCT(B66:I66,$B$11:$I$11) -> 0
A67: 19:15-19:30 | J67: =SUMPRODUCT(B67:I67,$B$11:$I$11) -> 0 | K67: =J67+J66 -> 0
A68: 19:30-19:45 | J68: =SUMPRODUCT(B68:I68,$B$11:$I$11) -> 0
A69: 19:45-20:00 | J69: =SUMPRODUCT(B69:I69,$B$11:$I$11) -> 0 | K69: =J69+J68 -> 0 | L69: =SUM(J66:J69) -> 0 | M69: =SUM(C66:I69) -> 0
A70: SUMME : | B70: =SUM(B14:B69) -> 52 | C70: =SUM(C14:C69) -> 6 | D70: =SUM(D14:D69) -> 258 | E70: =SUM(E14:E69) -> 0 | F70: =SUM(F14:F69) -> 1 | G70: =SUM(G14:G69) -> 4 | H70: =SUM(H14:H69) -> 0 | I70: =SUM(I14:I69) -> 0 | J70: =SUM(J14:J69) -> 297.5

Sheet R10
A3: ICRA Schwap e.U.
A4: VERKEHRSZÄHLUNG - PKW-Einheiten
A5: Datum : | J5: Lfd. Nummer : | K5: 0
A6: ='Deckbl.'!I11 -> 44817 | J6: Wetter : | K6: ='Deckbl.'!I12 -> Sonnig 10-26°
B7: Verkehrszählung : | C7: ='Deckbl.'!C8 -> Karl-Wurmb-Straße / Fanny-von-Lehnert-Straße (Salzburg)
B8: Zählstelle : | I8: Sachbearbeiter : | J8: ICRA / Schwap
B9: Richtung : | C9: R10 | I9: Uhrzeit : | J9: ='Deckbl.'!C11 -> 7-19
B10: Bemerkung : | I10: Dateiname:
A11: Faktoren | B11: 0.5 | C11: 1 | D11: ='Faktoren PKW-E'!B16 -> 1 | E11: 1.5 | F11: 1.5 | G11: 1.5 | H11: 2 | I11: 1.5
C12: einsp. | D12: PKW | E12: Lin. | F12: Reis. | H12: LKW + | I12: sonst. | J12: PKW-E | K12: PKW-E | L12: PKW-E | M12: KFZ
A13: Zeit | B13: Rad | C13: KFZ | D13: Kombi | E13: Bus | F13: Bus | G13: LKW | H13: Anh. | I13: KFZ | J13: / 15 min | K13: / 30 min | L13: / 1 Std. | M13: / 1 Std.
A14: 6:00-6:15 | J14: =SUMPRODUCT(B14:I14,$B$11:$I$11) -> 0
A15: 6:15-6:30 | J15: =SUMPRODUCT(B15:I15,$B$11:$I$11) -> 0 | K15: =J15+J14 -> 0
A16: 6:30-6:45 | J16: =SUMPRODUCT(B16:I16,$B$11:$I$11) -> 0
A17: 6:45-7:00 | J17: =SUMPRODUCT(B17:I17,$B$11:$I$11) -> 0 | K17: =J17+J16 -> 0 | L17: =SUM(J14:J17) -> 0 | M17: =SUM(C14:I17) -> 0
A18: 7:00-7:15 | B18: 1 | C18: 0 | D18: 0 | E18: 0 | F18: 0 | G18: 0 | H18: 0 | I18: 0 | J18: =SUMPRODUCT(B18:I18,$B$11:$I$11) -> 0.5
A19: 7:15-7:30 | B19: 0 | C19: 0 | D19: 0 | E19: 0 | F19: 0 | G19: 0 | H19: 0 | I19: 0 | J19: =SUMPRODUCT(B19:I19,$B$11:$I$11) -> 0 | K19: =J19+J18 -> 0.5
A20: 7:30-7:45 | B20: 1 | C20: 0 | D20: 1 | E20: 0 | F20: 0 | G20: 0 | H20: 0 | I20: 0 | J20: =SUMPRODUCT(B20:I20,$B$11:$I$11) -> 1.5
A21: 7:45-8:00 | B21: 0 | C21: 0 | D21: 0 | E21: 0 | F21: 0 | G21: 0 | H21: 0 | I21: 0 | J21: =SUMPRODUCT(B21:I21,$B$11:$I$11) -> 0 | K21: =J21+J20 -> 1.5 | L21: =SUM(J18:J21) -> 2 | M21: =SUM(C18:I21) -> 1
A22: 8:00-8:15 | B22: 2 | C22: 0 | D22: 0 | E22: 0 | F22: 0 | G22: 0 | H22: 0 | I22: 0 | J22: =SUMPRODUCT(B22:I22,$B$11:$I$11) -> 1
A23: 8:15-8:30 | B23: 0 | C23: 0 | D23: 1 | E23: 0 | F23: 0 | G23: 0 | H23: 0 | I23: 0 | J23: =SUMPRODUCT(B23:I23,$B$11:$I$11) -> 1 | K23: =J23+J22 -> 2
A24: 8:30-8:45 | B24: 0 | C24: 0 | D24: 0 | E24: 0 | F24: 0 | G24: 0 | H24: 0 | I24: 0 | J24: =SUMPRODUCT(B24:I24,$B$11:$I$11) -> 0
A25: 8:45-9:00 | B25: 1 | C25: 0 | D25: 0 | E25: 0 | F25: 0 | G25: 0 | H25: 0 | I25: 0 | J25: =SUMPRODUCT(B25:I25,$B$11:$I$11) -> 0.5 | K25: =J25+J24 -> 0.5 | L25: =SUM(J22:J25) -> 2.5 | M25: =SUM(C22:I25) -> 1
A26: 9:00-9:15 | B26: 0 | C26: 0 | D26: 0 | E26: 0 | F26: 0 | G26: 0 | H26: 0 | I26: 0 | J26: =SUMPRODUCT(B26:I26,$B$11:$I$11) -> 0
A27: 9:15-9:30 | B27: 0 | C27: 0 | D27: 1 | E27: 0 | F27: 0 | G27: 0 | H27: 0 | I27: 0 | J27: =SUMPRODUCT(B27:I27,$B$11:$I$11) -> 1 | K27: =J27+J26 -> 1
A28: 9:30-9:45 | B28: 1 | C28: 0 | D28: 0 | E28: 0 | F28: 0 | G28: 0 | H28: 0 | I28: 0 | J28: =SUMPRODUCT(B28:I28,$B$11:$I$11) -> 0.5
A29: 9:45-10:00 | B29: 0 | C29: 0 | D29: 0 | E29: 0 | F29: 0 | G29: 0 | H29: 0 | I29: 0 | J29: =SUMPRODUCT(B29:I29,$B$11:$I$11) -> 0 | K29: =J29+J28 -> 0.5 | L29: =SUM(J26:J29) -> 1.5 | M29: =SUM(C26:I29) -> 1
A30: 10:00-10:15 | B30: 0 | C30: 0 | D30: 1 | E30: 0 | F30: 0 | G30: 0 | H30: 0 | I30: 0 | J30: =SUMPRODUCT(B30:I30,$B$11:$I$11) -> 1
A31: 10:15-10:30 | B31: 0 | C31: 0 | D31: 0 | E31: 0 | F31: 0 | G31: 0 | H31: 0 | I31: 0 | J31: =SUMPRODUCT(B31:I31,$B$11:$I$11) -> 0 | K31: =J31+J30 -> 1
A32: 10:30-10:45 | B32: 0 | C32: 0 | D32: 1 | E32: 0 | F32: 0 | G32: 0 | H32: 0 | I32: 0 | J32: =SUMPRODUCT(B32:I32,$B$11:$I$11) -> 1
A33: 10:45-11:00 | B33: 1 | C33: 0 | D33: 1 | E33: 0 | F33: 0 | G33: 0 | H33: 0 | I33: 0 | J33: =SUMPRODUCT(B33:I33,$B$11:$I$11) -> 1.5 | K33: =J33+J32 -> 2.5 | L33: =SUM(J30:J33) -> 3.5 | M33: =SUM(C30:I33) -> 3
A34: 11:00-11:15 | B34: 0 | C34: 0 | D34: 0 | E34: 0 | F34: 0 | G34: 0 | H34: 0 | I34: 0 | J34: =SUMPRODUCT(B34:I34,$B$11:$I$11) -> 0
A35: 11:15-11:30 | B35: 0 | C35: 0 | D35: 0 | E35: 0 | F35: 0 | G35: 0 | H35: 0 | I35: 0 | J35: =SUMPRODUCT(B35:I35,$B$11:$I$11) -> 0 | K35: =J35+J34 -> 0
A36: 11:30-11:45 | B36: 0 | C36: 0 | D36: 0 | E36: 0 | F36: 0 | G36: 0 | H36: 0 | I36: 0 | J36: =SUMPRODUCT(B36:I36,$B$11:$I$11) -> 0
A37: 11:45-12:00 | B37: 0 | C37: 0 | D37: 0 | E37: 0 | F37: 0 | G37: 0 | H37: 0 | I37: 0 | J37: =SUMPRODUCT(B37:I37,$B$11:$I$11) -> 0 | K37: =J37+J36 -> 0 | L37: =SUM(J34:J37) -> 0 | M37: =SUM(C34:I37) -> 0
A38: 12:00-12:15 | B38: 0 | C38: 0 | D38: 0 | E38: 0 | F38: 0 | G38: 0 | H38: 0 | I38: 0 | J38: =SUMPRODUCT(B38:I38,$B$11:$I$11) -> 0
A39: 12:15-12:30 | B39: 0 | C39: 0 | D39: 0 | E39: 0 | F39: 0 | G39: 0 | H39: 0 | I39: 0 | J39: =SUMPRODUCT(B39:I39,$B$11:$I$11) -> 0 | K39: =J39+J38 -> 0
A40: 12:30-12:45 | B40: 0 | C40: 0 | D40: 0 | E40: 0 | F40: 0 | G40: 0 | H40: 0 | I40: 0 | J40: =SUMPRODUCT(B40:I40,$B$11:$I$11) -> 0
A41: 12:45-13:00 | B41: 0 | C41: 0 | D41: 0 | E41: 0 | F41: 0 | G41: 0 | H41: 0 | I41: 0 | J41: =SUMPRODUCT(B41:I41,$B$11:$I$11) -> 0 | K41: =J41+J40 -> 0 | L41: =SUM(J38:J41) -> 0 | M41: =SUM(C38:I41) -> 0
A42: 13:00-13:15 | B42: 0 | C42: 0 | D42: 0 | E42: 0 | F42: 0 | G42: 0 | H42: 0 | I42: 0 | J42: =SUMPRODUCT(B42:I42,$B$11:$I$11) -> 0
A43: 13:15-13:30 | B43: 0 | C43: 0 | D43: 0 | E43: 0 | F43: 0 | G43: 0 | H43: 0 | I43: 0 | J43: =SUMPRODUCT(B43:I43,$B$11:$I$11) -> 0 | K43: =J43+J42 -> 0
A44: 13:30-13:45 | B44: 0 | C44: 0 | D44: 0 | E44: 0 | F44: 0 | G44: 0 | H44: 0 | I44: 0 | J44: =SUMPRODUCT(B44:I44,$B$11:$I$11) -> 0
A45: 13:45-14:00 | B45: 0 | C45: 0 | D45: 0 | E45: 0 | F45: 0 | G45: 0 | H45: 0 | I45: 0 | J45: =SUMPRODUCT(B45:I45,$B$11:$I$11) -> 0 | K45: =J45+J44 -> 0 | L45: =SUM(J42:J45) -> 0 | M45: =SUM(C42:I45) -> 0
A46: 14:00-14:15 | B46: 0 | C46: 0 | D46: 0 | E46: 0 | F46: 0 | G46: 0 | H46: 0 | I46: 0 | J46: =SUMPRODUCT(B46:I46,$B$11:$I$11) -> 0
A47: 14:15-14:30 | B47: 0 | C47: 0 | D47: 0 | E47: 0 | F47: 0 | G47: 0 | H47: 0 | I47: 0 | J47: =SUMPRODUCT(B47:I47,$B$11:$I$11) -> 0 | K47: =J47+J46 -> 0
A48: 14:30-14:45 | B48: 0 | C48: 0 | D48: 0 | E48: 0 | F48: 0 | G48: 0 | H48: 0 | I48: 0 | J48: =SUMPRODUCT(B48:I48,$B$11:$I$11) -> 0
A49: 14:45-15:00 | B49: 0 | C49: 0 | D49: 0 | E49: 0 | F49: 0 | G49: 0 | H49: 0 | I49: 0 | J49: =SUMPRODUCT(B49:I49,$B$11:$I$11) -> 0 | K49: =J49+J48 -> 0 | L49: =SUM(J46:J49) -> 0 | M49: =SUM(C46:I49) -> 0
A50: 15:00-15:15 | B50: 0 | C50: 0 | D50: 0 | E50: 0 | F50: 0 | G50: 0 | H50: 0 | I50: 0 | J50: =SUMPRODUCT(B50:I50,$B$11:$I$11) -> 0
A51: 15:15-15:30 | B51: 0 | C51: 0 | D51: 0 | E51: 0 | F51: 0 | G51: 0 | H51: 0 | I51: 0 | J51: =SUMPRODUCT(B51:I51,$B$11:$I$11) -> 0 | K51: =J51+J50 -> 0
A52: 15:30-15:45 | B52: 0 | C52: 0 | D52: 0 | E52: 0 | F52: 0 | G52: 0 | H52: 0 | I52: 0 | J52: =SUMPRODUCT(B52:I52,$B$11:$I$11) -> 0
A53: 15:45-16:00 | B53: 0 | C53: 0 | D53: 0 | E53: 0 | F53: 0 | G53: 0 | H53: 0 | I53: 0 | J53: =SUMPRODUCT(B53:I53,$B$11:$I$11) -> 0 | K53: =J53+J52 -> 0 | L53: =SUM(J50:J53) -> 0 | M53: =SUM(C50:I53) -> 0
A54: 16:00-16:15 | B54: 0 | C54: 0 | D54: 0 | E54: 0 | F54: 0 | G54: 0 | H54: 0 | I54: 0 | J54: =SUMPRODUCT(B54:I54,$B$11:$I$11) -> 0
A55: 16:15-16:30 | B55: 0 | C55: 0 | D55: 0 | E55: 0 | F55: 0 | G55: 0 | H55: 0 | I55: 0 | J55: =SUMPRODUCT(B55:I55,$B$11:$I$11) -> 0 | K55: =J55+J54 -> 0
A56: 16:30-16:45 | B56: 0 | C56: 0 | D56: 1 | E56: 0 | F56: 0 | G56: 0 | H56: 0 | I56: 0 | J56: =SUMPRODUCT(B56:I56,$B$11:$I$11) -> 1
A57: 16:45-17:00 | B57: 0 | C57: 0 | D57: 0 | E57: 0 | F57: 0 | G57: 0 | H57: 0 | I57: 0 | J57: =SUMPRODUCT(B57:I57,$B$11:$I$11) -> 0 | K57: =J57+J56 -> 1 | L57: =SUM(J54:J57) -> 1 | M57: =SUM(C54:I57) -> 1
A58: 17:00-17:15 | B58: 0 | C58: 0 | D58: 0 | E58: 0 | F58: 0 | G58: 0 | H58: 0 | I58: 0 | J58: =SUMPRODUCT(B58:I58,$B$11:$I$11) -> 0
A59: 17:15-17:30 | B59: 0 | C59: 0 | D59: 0 | E59: 0 | F59: 0 | G59: 0 | H59: 0 | I59: 0 | J59: =SUMPRODUCT(B59:I59,$B$11:$I$11) -> 0 | K59: =J59+J58 -> 0
A60: 17:30-17:45 | B60: 0 | C60: 0 | D60: 0 | E60: 0 | F60: 0 | G60: 0 | H60: 0 | I60: 0 | J60: =SUMPRODUCT(B60:I60,$B$11:$I$11) -> 0
A61: 17:45-18:00 | B61: 0 | C61: 0 | D61: 0 | E61: 0 | F61: 0 | G61: 0 | H61: 0 | I61: 0 | J61: =SUMPRODUCT(B61:I61,$B$11:$I$11) -> 0 | K61: =J61+J60 -> 0 | L61: =SUM(J58:J61) -> 0 | M61: =SUM(C58:I61) -> 0
A62: 18:00-18:15 | B62: 0 | C62: 0 | D62: 0 | E62: 0 | F62: 0 | G62: 0 | H62: 0 | I62: 0 | J62: =SUMPRODUCT(B62:I62,$B$11:$I$11) -> 0
A63: 18:15-18:30 | B63: 0 | C63: 0 | D63: 0 | E63: 0 | F63: 0 | G63: 0 | H63: 0 | I63: 0 | J63: =SUMPRODUCT(B63:I63,$B$11:$I$11) -> 0 | K63: =J63+J62 -> 0
A64: 18:30-18:45 | B64: 0 | C64: 0 | D64: 0 | E64: 0 | F64: 0 | G64: 0 | H64: 0 | I64: 0 | J64: =SUMPRODUCT(B64:I64,$B$11:$I$11) -> 0
A65: 18:45-19:00 | B65: 0 | C65: 0 | D65: 0 | E65: 0 | F65: 0 | G65: 0 | H65: 0 | I65: 0 | J65: =SUMPRODUCT(B65:I65,$B$11:$I$11) -> 0 | K65: =J65+J64 -> 0 | L65: =SUM(J62:J65) -> 0 | M65: =SUM(C62:I65) -> 0
A66: 19:00-19:15 | J66: =SUMPRODUCT(B66:I66,$B$11:$I$11) -> 0
A67: 19:15-19:30 | J67: =SUMPRODUCT(B67:I67,$B$11:$I$11) -> 0 | K67: =J67+J66 -> 0
A68: 19:30-19:45 | J68: =SUMPRODUCT(B68:I68,$B$11:$I$11) -> 0
A69: 19:45-20:00 | J69: =SUMPRODUCT(B69:I69,$B$11:$I$11) -> 0 | K69: =J69+J68 -> 0 | L69: =SUM(J66:J69) -> 0 | M69: =SUM(C66:I69) -> 0
A70: SUMME : | B70: =SUM(B14:B69) -> 7 | C70: =SUM(C14:C69) -> 0 | D70: =SUM(D14:D69) -> 7 | E70: =SUM(E14:E69) -> 0 | F70: =SUM(F14:F69) -> 0 | G70: =SUM(G14:G69) -> 0 | H70: =SUM(H14:H69) -> 0 | I70: =SUM(I14:I69) -> 0 | J70: =SUM(J14:J69) -> 10.5

Sheet R11
A3: ICRA Schwap e.U.
A4: VERKEHRSZÄHLUNG - PKW-Einheiten
A5: Datum : | J5: Lfd. Nummer : | K5: 0
A6: ='Deckbl.'!I11 -> 44817 | J6: Wetter : | K6: ='Deckbl.'!I12 -> Sonnig 10-26°
B7: Verkehrszählung : | C7: ='Deckbl.'!C8 -> Karl-Wurmb-Straße / Fanny-von-Lehnert-Straße (Salzburg)
B8: Zählstelle : | I8: Sachbearbeiter : | J8: ICRA / Schwap
B9: Richtung : | C9: R11 | I9: Uhrzeit : | J9: ='Deckbl.'!C11 -> 7-19
B10: Bemerkung : | I10: Dateiname:
A11: Faktoren | B11: 0.5 | C11: 1 | D11: ='Faktoren PKW-E'!B16 -> 1 | E11: 1.5 | F11: 1.5 | G11: 1.5 | H11: 2 | I11: 1.5
C12: einsp. | D12: PKW | E12: Lin. | F12: Reis. | H12: LKW + | I12: sonst. | J12: PKW-E | K12: PKW-E | L12: PKW-E | M12: KFZ
A13: Zeit | B13: Rad | C13: KFZ | D13: Kombi | E13: Bus | F13: Bus | G13: LKW | H13: Anh. | I13: KFZ | J13: / 15 min | K13: / 30 min | L13: / 1 Std. | M13: / 1 Std.
A14: 6:00-6:15 | J14: =SUMPRODUCT(B14:I14,$B$11:$I$11) -> 0
A15: 6:15-6:30 | J15: =SUMPRODUCT(B15:I15,$B$11:$I$11) -> 0 | K15: =J15+J14 -> 0
A16: 6:30-6:45 | J16: =SUMPRODUCT(B16:I16,$B$11:$I$11) -> 0
A17: 6:45-7:00 | J17: =SUMPRODUCT(B17:I17,$B$11:$I$11) -> 0 | K17: =J17+J16 -> 0 | L17: =SUM(J14:J17) -> 0 | M17: =SUM(C14:I17) -> 0
A18: 7:00-7:15 | B18: 6 | C18: 0 | D18: 0 | E18: 0 | F18: 0 | G18: 0 | H18: 0 | I18: 0 | J18: =SUMPRODUCT(B18:I18,$B$11:$I$11) -> 3
A19: 7:15-7:30 | B19: 6 | C19: 0 | D19: 0 | E19: 0 | F19: 0 | G19: 0 | H19: 0 | I19: 0 | J19: =SUMPRODUCT(B19:I19,$B$11:$I$11) -> 3 | K19: =J19+J18 -> 6
A20: 7:30-7:45 | B20: 3 | C20: 1 | D20: 2 | E20: 0 | F20: 0 | G20: 0 | H20: 0 | I20: 0 | J20: =SUMPRODUCT(B20:I20,$B$11:$I$11) -> 4.5
A21: 7:45-8:00 | B21: 8 | C21: 0 | D21: 0 | E21: 0 | F21: 0 | G21: 0 | H21: 0 | I21: 0 | J21: =SUMPRODUCT(B21:I21,$B$11:$I$11) -> 4 | K21: =J21+J20 -> 8.5 | L21: =SUM(J18:J21) -> 14.5 | M21: =SUM(C18:I21) -> 3
A22: 8:00-8:15 | B22: 7 | C22: 0 | D22: 0 | E22: 0 | F22: 0 | G22: 0 | H22: 0 | I22: 0 | J22: =SUMPRODUCT(B22:I22,$B$11:$I$11) -> 3.5
A23: 8:15-8:30 | B23: 5 | C23: 0 | D23: 0 | E23: 0 | F23: 0 | G23: 0 | H23: 0 | I23: 0 | J23: =SUMPRODUCT(B23:I23,$B$11:$I$11) -> 2.5 | K23: =J23+J22 -> 6
A24: 8:30-8:45 | B24: 1 | C24: 0 | D24: 0 | E24: 0 | F24: 0 | G24: 0 | H24: 0 | I24: 0 | J24: =SUMPRODUCT(B24:I24,$B$11:$I$11) -> 0.5
A25: 8:45-9:00 | B25: 4 | C25: 0 | D25: 0 | E25: 0 | F25: 0 | G25: 0 | H25: 0 | I25: 0 | J25: =SUMPRODUCT(B25:I25,$B$11:$I$11) -> 2 | K25: =J25+J24 -> 2.5 | L25: =SUM(J22:J25) -> 8.5 | M25: =SUM(C22:I25) -> 0
A26: 9:00-9:15 | B26: 8 | C26: 0 | D26: 0 | E26: 0 | F26: 0 | G26: 0 | H26: 0 | I26: 0 | J26: =SUMPRODUCT(B26:I26,$B$11:$I$11) -> 4
A27: 9:15-9:30 | B27: 4 | C27: 0 | D27: 1 | E27: 0 | F27: 0 | G27: 0 | H27: 0 | I27: 0 | J27: =SUMPRODUCT(B27:I27,$B$11:$I$11) -> 3 | K27: =J27+J26 -> 7
A28: 9:30-9:45 | B28: 8 | C28: 0 | D28: 0 | E28: 0 | F28: 0 | G28: 0 | H28: 0 | I28: 0 | J28: =SUMPRODUCT(B28:I28,$B$11:$I$11) -> 4
A29: 9:45-10:00 | B29: 3 | C29: 0 | D29: 0 | E29: 0 | F29: 0 | G29: 0 | H29: 0 | I29: 0 | J29: =SUMPRODUCT(B29:I29,$B$11:$I$11) -> 1.5 | K29: =J29+J28 -> 5.5 | L29: =SUM(J26:J29) -> 12.5 | M29: =SUM(C26:I29) -> 1
A30: 10:00-10:15 | B30: 1 | C30: 0 | D30: 0 | E30: 0 | F30: 0 | G30: 0 | H30: 0 | I30: 0 | J30: =SUMPRODUCT(B30:I30,$B$11:$I$11) -> 0.5
A31: 10:15-10:30 | B31: 4 | C31: 0 | D31: 1 | E31: 0 | F31: 0 | G31: 0 | H31: 0 | I31: 0 | J31: =SUMPRODUCT(B31:I31,$B$11:$I$11) -> 3 | K31: =J31+J30 -> 3.5
A32: 10:30-10:45 | B32: 4 | C32: 0 | D32: 0 | E32: 0 | F32: 0 | G32: 0 | H32: 0 | I32: 0 | J32: =SUMPRODUCT(B32:I32,$B$11:$I$11) -> 2
A33: 10:45-11:00 | B33: 3 | C33: 0 | D33: 3 | E33: 0 | F33: 0 | G33: 0 | H33: 0 | I33: 0 | J33: =SUMPRODUCT(B33:I33,$B$11:$I$11) -> 4.5 | K33: =J33+J32 -> 6.5 | L33: =SUM(J30:J33) -> 10 | M33: =SUM(C30:I33) -> 4
A34: 11:00-11:15 | B34: 1 | C34: 0 | D34: 2 | E34: 0 | F34: 0 | G34: 0 | H34: 0 | I34: 0 | J34: =SUMPRODUCT(B34:I34,$B$11:$I$11) -> 2.5
A35: 11:15-11:30 | B35: 1 | C35: 0 | D35: 1 | E35: 0 | F35: 0 | G35: 0 | H35: 0 | I35: 0 | J35: =SUMPRODUCT(B35:I35,$B$11:$I$11) -> 1.5 | K35: =J35+J34 -> 4
A36: 11:30-11:45 | B36: 5 | C36: 0 | D36: 1 | E36: 0 | F36: 0 | G36: 0 | H36: 0 | I36: 0 | J36: =SUMPRODUCT(B36:I36,$B$11:$I$11) -> 3.5
A37: 11:45-12:00 | B37: 9 | C37: 0 | D37: 0 | E37: 0 | F37: 0 | G37: 0 | H37: 0 | I37: 0 | J37: =SUMPRODUCT(B37:I37,$B$11:$I$11) -> 4.5 | K37: =J37+J36 -> 8 | L37: =SUM(J34:J37) -> 12 | M37: =SUM(C34:I37) -> 4
A38: 12:00-12:15 | B38: 3 | C38: 0 | D38: 1 | E38: 0 | F38: 0 | G38: 0 | H38: 0 | I38: 0 | J38: =SUMPRODUCT(B38:I38,$B$11:$I$11) -> 2.5
A39: 12:15-12:30 | B39: 0 | C39: 0 | D39: 1 | E39: 0 | F39: 0 | G39: 0 | H39: 0 | I39: 0 | J39: =SUMPRODUCT(B39:I39,$B$11:$I$11) -> 1 | K39: =J39+J38 -> 3.5
A40: 12:30-12:45 | B40: 1 | C40: 0 | D40: 1 | E40: 0 | F40: 0 | G40: 0 | H40: 0 | I40: 0 | J40: =SUMPRODUCT(B40:I40,$B$11:$I$11) -> 1.5
A41: 12:45-13:00 | B41: 4 | C41: 0 | D41: 0 | E41: 0 | F41: 0 | G41: 0 | H41: 0 | I41: 0 | J41: =SUMPRODUCT(B41:I41,$B$11:$I$11) -> 2 | K41: =J41+J40 -> 3.5 | L41: =SUM(J38:J41) -> 7 | M41: =SUM(C38:I41) -> 3
A42: 13:00-13:15 | B42: 3 | C42: 0 | D42: 0 | E42: 0 | F42: 0 | G42: 0 | H42: 0 | I42: 0 | J42: =SUMPRODUCT(B42:I42,$B$11:$I$11) -> 1.5
A43: 13:15-13:30 | B43: 1 | C43: 0 | D43: 1 | E43: 0 | F43: 0 | G43: 0 | H43: 0 | I43: 0 | J43: =SUMPRODUCT(B43:I43,$B$11:$I$11) -> 1.5 | K43: =J43+J42 -> 3
A44: 13:30-13:45 | B44: 1 | C44: 0 | D44: 1 | E44: 0 | F44: 0 | G44: 0 | H44: 0 | I44: 0 | J44: =SUMPRODUCT(B44:I44,$B$11:$I$11) -> 1.5
A45: 13:45-14:00 | B45: 2 | C45: 0 | D45: 2 | E45: 0 | F45: 0 | G45: 0 | H45: 0 | I45: 0 | J45: =SUMPRODUCT(B45:I45,$B$11:$I$11) -> 3 | K45: =J45+J44 -> 4.5 | L45: =SUM(J42:J45) -> 7.5 | M45: =SUM(C42:I45) -> 4
A46: 14:00-14:15 | B46: 1 | C46: 0 | D46: 0 | E46: 0 | F46: 0 | G46: 0 | H46: 0 | I46: 0 | J46: =SUMPRODUCT(B46:I46,$B$11:$I$11) -> 0.5
A47: 14:15-14:30 | B47: 5 | C47: 0 | D47: 0 | E47: 0 | F47: 0 | G47: 0 | H47: 0 | I47: 0 | J47: =SUMPRODUCT(B47:I47,$B$11:$I$11) -> 2.5 | K47: =J47+J46 -> 3
A48: 14:30-14:45 | B48: 5 | C48: 0 | D48: 1 | E48: 0 | F48: 0 | G48: 0 | H48: 0 | I48: 0 | J48: =SUMPRODUCT(B48:I48,$B$11:$I$11) -> 3.5
A49: 14:45-15:00 | B49: 2 | C49: 0 | D49: 0 | E49: 0 | F49: 0 | G49: 0 | H49: 0 | I49: 0 | J49: =SUMPRODUCT(B49:I49,$B$11:$I$11) -> 1 | K49: =J49+J48 -> 4.5 | L49: =SUM(J46:J49) -> 7.5 | M49: =SUM(C46:I49) -> 1
A50: 15:00-15:15 | B50: 1 | C50: 0 | D50: 1 | E50: 0 | F50: 0 | G50: 0 | H50: 0 | I50: 0 | J50: =SUMPRODUCT(B50:I50,$B$11:$I$11) -> 1.5
A51: 15:15-15:30 | B51: 2 | C51: 0 | D51: 1 | E51: 0 | F51: 0 | G51: 0 | H51: 0 | I51: 0 | J51: =SUMPRODUCT(B51:I51,$B$11:$I$11) -> 2 | K51: =J51+J50 -> 3.5
A52: 15:30-15:45 | B52: 3 | C52: 0 | D52: 0 | E52: 0 | F52: 0 | G52: 0 | H52: 0 | I52: 0 | J52: =SUMPRODUCT(B52:I52,$B$11:$I$11) -> 1.5
A53: 15:45-16:00 | B53: 4 | C53: 0 | D53: 2 | E53: 0 | F53: 0 | G53: 0 | H53: 0 | I53: 0 | J53: =SUMPRODUCT(B53:I53,$B$11:$I$11) -> 4 | K53: =J53+J52 -> 5.5 | L53: =SUM(J50:J53) -> 9 | M53: =SUM(C50:I53) -> 4
A54: 16:00-16:15 | B54: 2 | C54: 0 | D54: 0 | E54: 0 | F54: 0 | G54: 0 | H54: 0 | I54: 0 | J54: =SUMPRODUCT(B54:I54,$B$11:$I$11) -> 1
A55: 16:15-16:30 | B55: 1 | C55: 0 | D55: 0 | E55: 0 | F55: 0 | G55: 0 | H55: 0 | I55: 0 | J55: =SUMPRODUCT(B55:I55,$B$11:$I$11) -> 0.5 | K55: =J55+J54 -> 1.5
A56: 16:30-16:45 | B56: 2 | C56: 0 | D56: 1 | E56: 0 | F56: 0 | G56: 0 | H56: 0 | I56: 0 | J56: =SUMPRODUCT(B56:I56,$B$11:$I$11) -> 2
A57: 16:45-17:00 | B57: 2 | C57: 0 | D57: 3 | E57: 0 | F57: 0 | G57: 0 | H57: 0 | I57: 0 | J57: =SUMPRODUCT(B57:I57,$B$11:$I$11) -> 4 | K57: =J57+J56 -> 6 | L57: =SUM(J54:J57) -> 7.5 | M57: =SUM(C54:I57) -> 4
A58: 17:00-17:15 | B58: 2 | C58: 0 | D58: 1 | E58: 0 | F58: 0 | G58: 0 | H58: 0 | I58: 0 | J58: =SUMPRODUCT(B58:I58,$B$11:$I$11) -> 2
A59: 17:15-17:30 | B59: 6 | C59: 0 | D59: 1 | E59: 0 | F59: 0 | G59: 0 | H59: 0 | I59: 0 | J59: =SUMPRODUCT(B59:I59,$B$11:$I$11) -> 4 | K59: =J59+J58 -> 6
A60: 17:30-17:45 | B60: 1 | C60: 0 | D60: 2 | E60: 0 | F60: 0 | G60: 0 | H60: 0 | I60: 0 | J60: =SUMPRODUCT(B60:I60,$B$11:$I$11) -> 2.5
A61: 17:45-18:00 | B61: 2 | C61: 0 | D61: 2 | E61: 0 | F61: 0 | G61: 0 | H61: 0 | I61: 0 | J61: =SUMPRODUCT(B61:I61,$B$11:$I$11) -> 3 | K61: =J61+J60 -> 5.5 | L61: =SUM(J58:J61) -> 11.5 | M61: =SUM(C58:I61) -> 6
A62: 18:00-18:15 | B62: 5 | C62: 0 | D62: 4 | E62: 0 | F62: 0 | G62: 0 | H62: 0 | I62: 0 | J62: =SUMPRODUCT(B62:I62,$B$11:$I$11) -> 6.5
A63: 18:15-18:30 | B63: 1 | C63: 0 | D63: 1 | E63: 0 | F63: 0 | G63: 0 | H63: 0 | I63: 0 | J63: =SUMPRODUCT(B63:I63,$B$11:$I$11) -> 1.5 | K63: =J63+J62 -> 8
A64: 18:30-18:45 | B64: 5 | C64: 0 | D64: 2 | E64: 0 | F64: 0 | G64: 0 | H64: 0 | I64: 0 | J64: =SUMPRODUCT(B64:I64,$B$11:$I$11) -> 4.5
A65: 18:45-19:00 | B65: 1 | C65: 0 | D65: 4 | E65: 0 | F65: 0 | G65: 0 | H65: 0 | I65: 0 | J65: =SUMPRODUCT(B65:I65,$B$11:$I$11) -> 4.5 | K65: =J65+J64 -> 9 | L65: =SUM(J62:J65) -> 17 | M65: =SUM(C62:I65) -> 11
A66: 19:00-19:15 | J66: =SUMPRODUCT(B66:I66,$B$11:$I$11) -> 0
A67: 19:15-19:30 | J67: =SUMPRODUCT(B67:I67,$B$11:$I$11) -> 0 | K67: =J67+J66 -> 0
A68: 19:30-19:45 | J68: =SUMPRODUCT(B68:I68,$B$11:$I$11) -> 0
A69: 19:45-20:00 | J69: =SUMPRODUCT(B69:I69,$B$11:$I$11) -> 0 | K69: =J69+J68 -> 0 | L69: =SUM(J66:J69) -> 0 | M69: =SUM(C66:I69) -> 0
A70: SUMME : | B70: =SUM(B14:B69) -> 159 | C70: =SUM(C14:C69) -> 1 | D70: =SUM(D14:D69) -> 44 | E70: =SUM(E14:E69) -> 0 | F70: =SUM(F14:F69) -> 0 | G70: =SUM(G14:G69) -> 0 | H70: =SUM(H14:H69) -> 0 | I70: =SUM(I14:I69) -> 0 | J70: =SUM(J14:J69) -> 124.5

Sheet R12
A3: ICRA Schwap e.U.
A4: VERKEHRSZÄHLUNG - PKW-Einheiten
A5: Datum : | J5: Lfd. Nummer : | K5: 0
A6: ='Deckbl.'!I11 -> 44817 | J6: Wetter : | K6: ='Deckbl.'!I12 -> Sonnig 10-26°
B7: Verkehrszählung : | C7: ='Deckbl.'!C8 -> Karl-Wurmb-Straße / Fanny-von-Lehnert-Straße (Salzburg)
B8: Zählstelle : | I8: Sachbearbeiter : | J8: ICRA / Schwap
B9: Richtung : | C9: R12 | I9: Uhrzeit : | J9: ='Deckbl.'!C11 -> 7-19
B10: Bemerkung : | I10: Dateiname:
A11: Faktoren | B11: 0.5 | C11: 1 | D11: ='Faktoren PKW-E'!B16 -> 1 | E11: 1.5 | F11: 1.5 | G11: 1.5 | H11: 2 | I11: 1.5
C12: einsp. | D12: PKW | E12: Lin. | F12: Reis. | H12: LKW + | I12: sonst. | J12: PKW-E | K12: PKW-E | L12: PKW-E | M12: KFZ
A13: Zeit | B13: Rad | C13: KFZ | D13: Kombi | E13: Bus | F13: Bus | G13: LKW | H13: Anh. | I13: KFZ | J13: / 15 min | K13: / 30 min | L13: / 1 Std. | M13: / 1 Std.
A14: 6:00-6:15 | J14: =SUMPRODUCT(B14:I14,$B$11:$I$11) -> 0
A15: 6:15-6:30 | J15: =SUMPRODUCT(B15:I15,$B$11:$I$11) -> 0 | K15: =J15+J14 -> 0
A16: 6:30-6:45 | J16: =SUMPRODUCT(B16:I16,$B$11:$I$11) -> 0
A17: 6:45-7:00 | J17: =SUMPRODUCT(B17:I17,$B$11:$I$11) -> 0 | K17: =J17+J16 -> 0 | L17: =SUM(J14:J17) -> 0 | M17: =SUM(C14:I17) -> 0
A18: 7:00-7:15 | B18: 0 | C18: 0 | D18: 1 | E18: 0 | F18: 0 | G18: 0 | H18: 0 | I18: 0 | J18: =SUMPRODUCT(B18:I18,$B$11:$I$11) -> 1
A19: 7:15-7:30 | B19: 0 | C19: 0 | D19: 3 | E19: 0 | F19: 0 | G19: 0 | H19: 0 | I19: 0 | J19: =SUMPRODUCT(B19:I19,$B$11:$I$11) -> 3 | K19: =J19+J18 -> 4
A20: 7:30-7:45 | B20: 0 | C20: 0 | D20: 7 | E20: 0 | F20: 0 | G20: 0 | H20: 0 | I20: 1 | J20: =SUMPRODUCT(B20:I20,$B$11:$I$11) -> 8.5
A21: 7:45-8:00 | B21: 0 | C21: 0 | D21: 8 | E21: 0 | F21: 0 | G21: 0 | H21: 0 | I21: 0 | J21: =SUMPRODUCT(B21:I21,$B$11:$I$11) -> 8 | K21: =J21+J20 -> 16.5 | L21: =SUM(J18:J21) -> 20.5 | M21: =SUM(C18:I21) -> 20
A22: 8:00-8:15 | B22: 0 | C22: 0 | D22: 1 | E22: 0 | F22: 0 | G22: 0 | H22: 0 | I22: 0 | J22: =SUMPRODUCT(B22:I22,$B$11:$I$11) -> 1
A23: 8:15-8:30 | B23: 0 | C23: 0 | D23: 2 | E23: 0 | F23: 0 | G23: 0 | H23: 0 | I23: 0 | J23: =SUMPRODUCT(B23:I23,$B$11:$I$11) -> 2 | K23: =J23+J22 -> 3
A24: 8:30-8:45 | B24: 0 | C24: 0 | D24: 3 | E24: 0 | F24: 0 | G24: 1 | H24: 0 | I24: 0 | J24: =SUMPRODUCT(B24:I24,$B$11:$I$11) -> 4.5
A25: 8:45-9:00 | B25: 3 | C25: 0 | D25: 3 | E25: 0 | F25: 0 | G25: 0 | H25: 0 | I25: 0 | J25: =SUMPRODUCT(B25:I25,$B$11:$I$11) -> 4.5 | K25: =J25+J24 -> 9 | L25: =SUM(J22:J25) -> 12 | M25: =SUM(C22:I25) -> 10
A26: 9:00-9:15 | B26: 0 | C26: 0 | D26: 2 | E26: 0 | F26: 0 | G26: 0 | H26: 0 | I26: 0 | J26: =SUMPRODUCT(B26:I26,$B$11:$I$11) -> 2
A27: 9:15-9:30 | B27: 0 | C27: 0 | D27: 2 | E27: 0 | F27: 0 | G27: 0 | H27: 0 | I27: 0 | J27: =SUMPRODUCT(B27:I27,$B$11:$I$11) -> 2 | K27: =J27+J26 -> 4
A28: 9:30-9:45 | B28: 0 | C28: 0 | D28: 3 | E28: 0 | F28: 0 | G28: 0 | H28: 0 | I28: 0 | J28: =SUMPRODUCT(B28:I28,$B$11:$I$11) -> 3
A29: 9:45-10:00 | B29: 0 | C29: 0 | D29: 2 | E29: 0 | F29: 0 | G29: 0 | H29: 0 | I29: 0 | J29: =SUMPRODUCT(B29:I29,$B$11:$I$11) -> 2 | K29: =J29+J28 -> 5 | L29: =SUM(J26:J29) -> 9 | M29: =SUM(C26:I29) -> 9
A30: 10:00-10:15 | B30: 0 | C30: 0 | D30: 3 | E30: 0 | F30: 0 | G30: 0 | H30: 0 | I30: 0 | J30: =SUMPRODUCT(B30:I30,$B$11:$I$11) -> 3
A31: 10:15-10:30 | B31: 0 | C31: 0 | D31: 3 | E31: 0 | F31: 0 | G31: 0 | H31: 0 | I31: 0 | J31: =SUMPRODUCT(B31:I31,$B$11:$I$11) -> 3 | K31: =J31+J30 -> 6
A32: 10:30-10:45 | B32: 0 | C32: 0 | D32: 4 | E32: 0 | F32: 0 | G32: 0 | H32: 0 | I32: 0 | J32: =SUMPRODUCT(B32:I32,$B$11:$I$11) -> 4
A33: 10:45-11:00 | B33: 0 | C33: 0 | D33: 3 | E33: 0 | F33: 0 | G33: 0 | H33: 0 | I33: 0 | J33: =SUMPRODUCT(B33:I33,$B$11:$I$11) -> 3 | K33: =J33+J32 -> 7 | L33: =SUM(J30:J33) -> 13 | M33: =SUM(C30:I33) -> 13
A34: 11:00-11:15 | B34: 0 | C34: 0 | D34: 1 | E34: 0 | F34: 0 | G34: 2 | H34: 0 | I34: 0 | J34: =SUMPRODUCT(B34:I34,$B$11:$I$11) -> 4
A35: 11:15-11:30 | B35: 0 | C35: 0 | D35: 3 | E35: 0 | F35: 0 | G35: 0 | H35: 0 | I35: 0 | J35: =SUMPRODUCT(B35:I35,$B$11:$I$11) -> 3 | K35: =J35+J34 -> 7
A36: 11:30-11:45 | B36: 0 | C36: 1 | D36: 5 | E36: 0 | F36: 0 | G36: 0 | H36: 0 | I36: 0 | J36: =SUMPRODUCT(B36:I36,$B$11:$I$11) -> 6
A37: 11:45-12:00 | B37: 0 | C37: 0 | D37: 2 | E37: 0 | F37: 0 | G37: 0 | H37: 0 | I37: 0 | J37: =SUMPRODUCT(B37:I37,$B$11:$I$11) -> 2 | K37: =J37+J36 -> 8 | L37: =SUM(J34:J37) -> 15 | M37: =SUM(C34:I37) -> 14
A38: 12:00-12:15 | B38: 0 | C38: 0 | D38: 4 | E38: 0 | F38: 0 | G38: 0 | H38: 0 | I38: 0 | J38: =SUMPRODUCT(B38:I38,$B$11:$I$11) -> 4
A39: 12:15-12:30 | B39: 0 | C39: 1 | D39: 5 | E39: 0 | F39: 0 | G39: 0 | H39: 0 | I39: 0 | J39: =SUMPRODUCT(B39:I39,$B$11:$I$11) -> 6 | K39: =J39+J38 -> 10
A40: 12:30-12:45 | B40: 0 | C40: 0 | D40: 4 | E40: 0 | F40: 0 | G40: 0 | H40: 0 | I40: 0 | J40: =SUMPRODUCT(B40:I40,$B$11:$I$11) -> 4
A41: 12:45-13:00 | B41: 0 | C41: 0 | D41: 6 | E41: 0 | F41: 0 | G41: 0 | H41: 0 | I41: 0 | J41: =SUMPRODUCT(B41:I41,$B$11:$I$11) -> 6 | K41: =J41+J40 -> 10 | L41: =SUM(J38:J41) -> 20 | M41: =SUM(C38:I41) -> 20
A42: 13:00-13:15 | B42: 1 | C42: 0 | D42: 2 | E42: 0 | F42: 0 | G42: 0 | H42: 0 | I42: 0 | J42: =SUMPRODUCT(B42:I42,$B$11:$I$11) -> 2.5
A43: 13:15-13:30 | B43: 1 | C43: 0 | D43: 2 | E43: 0 | F43: 0 | G43: 0 | H43: 0 | I43: 0 | J43: =SUMPRODUCT(B43:I43,$B$11:$I$11) -> 2.5 | K43: =J43+J42 -> 5
A44: 13:30-13:45 | B44: 0 | C44: 0 | D44: 3 | E44: 0 | F44: 0 | G44: 0 | H44: 0 | I44: 0 | J44: =SUMPRODUCT(B44:I44,$B$11:$I$11) -> 3
A45: 13:45-14:00 | B45: 0 | C45: 0 | D45: 6 | E45: 0 | F45: 0 | G45: 0 | H45: 0 | I45: 0 | J45: =SUMPRODUCT(B45:I45,$B$11:$I$11) -> 6 | K45: =J45+J44 -> 9 | L45: =SUM(J42:J45) -> 14 | M45: =SUM(C42:I45) -> 13
A46: 14:00-14:15 | B46: 0 | C46: 0 | D46: 1 | E46: 0 | F46: 0 | G46: 1 | H46: 0 | I46: 0 | J46: =SUMPRODUCT(B46:I46,$B$11:$I$11) -> 2.5
A47: 14:15-14:30 | B47: 0 | C47: 0 | D47: 2 | E47: 0 | F47: 0 | G47: 0 | H47: 0 | I47: 0 | J47: =SUMPRODUCT(B47:I47,$B$11:$I$11) -> 2 | K47: =J47+J46 -> 4.5
A48: 14:30-14:45 | B48: 0 | C48: 1 | D48: 4 | E48: 0 | F48: 0 | G48: 0 | H48: 0 | I48: 0 | J48: =SUMPRODUCT(B48:I48,$B$11:$I$11) -> 5
A49: 14:45-15:00 | B49: 0 | C49: 0 | D49: 5 | E49: 0 | F49: 0 | G49: 0 | H49: 0 | I49: 0 | J49: =SUMPRODUCT(B49:I49,$B$11:$I$11) -> 5 | K49: =J49+J48 -> 10 | L49: =SUM(J46:J49) -> 14.5 | M49: =SUM(C46:I49) -> 14
A50: 15:00-15:15 | B50: 0 | C50: 0 | D50: 8 | E50: 0 | F50: 0 | G50: 0 | H50: 0 | I50: 0 | J50: =SUMPRODUCT(B50:I50,$B$11:$I$11) -> 8
A51: 15:15-15:30 | B51: 0 | C51: 0 | D51: 6 | E51: 0 | F51: 0 | G51: 0 | H51: 0 | I51: 0 | J51: =SUMPRODUCT(B51:I51,$B$11:$I$11) -> 6 | K51: =J51+J50 -> 14
A52: 15:30-15:45 | B52: 1 | C52: 1 | D52: 5 | E52: 0 | F52: 0 | G52: 0 | H52: 0 | I52: 0 | J52: =SUMPRODUCT(B52:I52,$B$11:$I$11) -> 6.5
A53: 15:45-16:00 | B53: 1 | C53: 0 | D53: 4 | E53: 0 | F53: 0 | G53: 0 | H53: 0 | I53: 0 | J53: =SUMPRODUCT(B53:I53,$B$11:$I$11) -> 4.5 | K53: =J53+J52 -> 11 | L53: =SUM(J50:J53) -> 25 | M53: =SUM(C50:I53) -> 24
A54: 16:00-16:15 | B54: 0 | C54: 0 | D54: 2 | E54: 0 | F54: 0 | G54: 0 | H54: 0 | I54: 0 | J54: =SUMPRODUCT(B54:I54,$B$11:$I$11) -> 2
A55: 16:15-16:30 | B55: 1 | C55: 0 | D55: 9 | E55: 0 | F55: 0 | G55: 1 | H55: 0 | I55: 1 | J55: =SUMPRODUCT(B55:I55,$B$11:$I$11) -> 12.5 | K55: =J55+J54 -> 14.5
A56: 16:30-16:45 | B56: 0 | C56: 1 | D56: 7 | E56: 0 | F56: 0 | G56: 0 | H56: 0 | I56: 0 | J56: =SUMPRODUCT(B56:I56,$B$11:$I$11) -> 8
A57: 16:45-17:00 | B57: 0 | C57: 0 | D57: 5 | E57: 0 | F57: 0 | G57: 0 | H57: 0 | I57: 0 | J57: =SUMPRODUCT(B57:I57,$B$11:$I$11) -> 5 | K57: =J57+J56 -> 13 | L57: =SUM(J54:J57) -> 27.5 | M57: =SUM(C54:I57) -> 26
A58: 17:00-17:15 | B58: 0 | C58: 0 | D58: 10 | E58: 0 | F58: 0 | G58: 0 | H58: 0 | I58: 0 | J58: =SUMPRODUCT(B58:I58,$B$11:$I$11) -> 10
A59: 17:15-17:30 | B59: 0 | C59: 1 | D59: 1 | E59: 0 | F59: 0 | G59: 0 | H59: 0 | I59: 0 | J59: =SUMPRODUCT(B59:I59,$B$11:$I$11) -> 2 | K59: =J59+J58 -> 12
A60: 17:30-17:45 | B60: 0 | C60: 0 | D60: 4 | E60: 0 | F60: 0 | G60: 0 | H60: 0 | I60: 0 | J60: =SUMPRODUCT(B60:I60,$B$11:$I$11) -> 4
A61: 17:45-18:00 | B61: 0 | C61: 0 | D61: 3 | E61: 0 | F61: 0 | G61: 0 | H61: 0 | I61: 0 | J61: =SUMPRODUCT(B61:I61,$B$11:$I$11) -> 3 | K61: =J61+J60 -> 7 | L61: =SUM(J58:J61) -> 19 | M61: =SUM(C58:I61) -> 19
A62: 18:00-18:15 | B62: 0 | C62: 0 | D62: 2 | E62: 0 | F62: 0 | G62: 0 | H62: 0 | I62: 0 | J62: =SUMPRODUCT(B62:I62,$B$11:$I$11) -> 2
A63: 18:15-18:30 | B63: 0 | C63: 0 | D63: 6 | E63: 0 | F63: 0 | G63: 0 | H63: 0 | I63: 0 | J63: =SUMPRODUCT(B63:I63,$B$11:$I$11) -> 6 | K63: =J63+J62 -> 8
A64: 18:30-18:45 | B64: 0 | C64: 0 | D64: 4 | E64: 0 | F64: 0 | G64: 0 | H64: 0 | I64: 0 | J64: =SUMPRODUCT(B64:I64,$B$11:$I$11) -> 4
A65: 18:45-19:00 | B65: 0 | C65: 0 | D65: 3 | E65: 0 | F65: 0 | G65: 0 | H65: 0 | I65: 0 | J65: =SUMPRODUCT(B65:I65,$B$11:$I$11) -> 3 | K65: =J65+J64 -> 7 | L65: =SUM(J62:J65) -> 15 | M65: =SUM(C62:I65) -> 15
A66: 19:00-19:15 | J66: =SUMPRODUCT(B66:I66,$B$11:$I$11) -> 0
A67: 19:15-19:30 | J67: =SUMPRODUCT(B67:I67,$B$11:$I$11) -> 0 | K67: =J67+J66 -> 0
A68: 19:30-19:45 | J68: =SUMPRODUCT(B68:I68,$B$11:$I$11) -> 0
A69: 19:45-20:00 | J69: =SUMPRODUCT(B69:I69,$B$11:$I$11) -> 0 | K69: =J69+J68 -> 0 | L69: =SUM(J66:J69) -> 0 | M69: =SUM(C66:I69) -> 0
A70: SUMME : | B70: =SUM(B14:B69) -> 8 | C70: =SUM(C14:C69) -> 6 | D70: =SUM(D14:D69) -> 184 | E70: =SUM(E14:E69) -> 0 | F70: =SUM(F14:F69) -> 0 | G70: =SUM(G14:G69) -> 5 | H70: =SUM(H14:H69) -> 0 | I70: =SUM(I14:I69) -> 2 | J70: =SUM(J14:J69) -> 204.5

Sheet FG
A3: ICRA Schwap e.U.
A4: VERKEHRSZÄHLUNG – Fußgänger/Radfahrer
A5: Datum : | B5: ='Deckbl.'!I11 -> 44817 | J5: Lfd. Nummer : | K5: ='Deckbl.'!C10 -> 0
J6: Wetter : | K6: ='Deckbl.'!I12 -> Sonnig 10-26°
B7: Verkehrszählung : | C7: ='Deckbl.'!C8 -> Karl-Wurmb-Straße / Fanny-von-Lehnert-Straße (Salzburg)
B8: Zählstelle : | I8: Sachbearbeiter : | J8: ICRA / Schwap
B9: Richtung : | I9: Uhrzeit : | J9: ='Deckbl.'!C11 -> 7-19
B10: Bemerkung : | I10: Dateiname:
B11: A | D11: B | F11: C | H11: D | J11: FG/R | K11: FG/R | L11: FG/R
A12: Zeit | B12: FG | C12: Rad | D12: FG | E12: Rad | F12: FG | G12: Rad | H12: FG | I12: Rad | J12: / 15 min | K12: / 30 min | L12: / 1 Std.
A13: 6:00-6:15 | J13: =SUM(B13:I13) -> 0
A14: 6:15-6:30 | J14: =SUM(B14:I14) -> 0 | K14: =J14+J13 -> 0
A15: 6:30-6:45 | J15: =SUM(B15:I15) -> 0
A16: 6:45-7:00 | J16: =SUM(B16:I16) -> 0 | K16: =J16+J15 -> 0 | L16: =SUM(J13:J16) -> 0
A17: 7:00-7:15 | B17: 20 | D17: 12 | F17: 12 | H17: 17 | J17: =SUM(B17:I17) -> 61
A18: 7:15-7:30 | B18: 33 | D18: 14 | F18: 31 | H18: 66 | J18: =SUM(B18:I18) -> 144 | K18: =J18+J17 -> 205
A19: 7:30-7:45 | B19: 48 | D19: 9 | F19: 41 | H19: 21 | J19: =SUM(B19:I19) -> 119
A20: 7:45-8:00 | B20: 46 | D20: 26 | F20: 53 | H20: 13 | J20: =SUM(B20:I20) -> 138 | K20: =J20+J19 -> 257 | L20: =SUM(J17:J20) -> 462
A21: 8:00-8:15 | B21: 18 | D21: 22 | F21: 23 | H21: 15 | J21: =SUM(B21:I21) -> 78
A22: 8:15-8:30 | B22: 21 | D22: 14 | F22: 20 | H22: 10 | J22: =SUM(B22:I22) -> 65 | K22: =J22+J21 -> 143
A23: 8:30-8:45 | B23: 28 | D23: 56 | F23: 17 | H23: 17 | J23: =SUM(B23:I23) -> 118
A24: 8:45-9:00 | B24: 25 | D24: 22 | F24: 13 | H24: 20 | J24: =SUM(B24:I24) -> 80 | K24: =J24+J23 -> 198 | L24: =SUM(J21:J24) -> 341
A25: 9:00-9:15 | B25: 9 | D25: 41 | F25: 23 | H25: 17 | J25: =SUM(B25:I25) -> 90
A26: 9:15-9:30 | B26: 19 | D26: 40 | F26: 14 | H26: 13 | J26: =SUM(B26:I26) -> 86 | K26: =J26+J25 -> 176
A27: 9:30-9:45 | B27: 12 | D27: 31 | F27: 19 | H27: 6 | J27: =SUM(B27:I27) -> 68
A28: 9:45-10:00 | B28: 22 | D28: 42 | F28: 20 | H28: 10 | J28: =SUM(B28:I28) -> 94 | K28: =J28+J27 -> 162 | L28: =SUM(J25:J28) -> 338
A29: 10:00-10:15 | B29: 27 | D29: 60 | F29: 22 | H29: 16 | J29: =SUM(B29:I29) -> 125
A30: 10:15-10:30 | B30: 19 | D30: 15 | F30: 30 | H30: 17 | J30: =SUM(B30:I30) -> 81 | K30: =J30+J29 -> 206
A31: 10:30-10:45 | B31: 20 | D31: 28 | F31: 27 | H31: 24 | J31: =SUM(B31:I31) -> 99
A32: 10:45-11:00 | B32: 27 | D32: 19 | F32: 27 | H32: 13 | J32: =SUM(B32:I32) -> 86 | K32: =J32+J31 -> 185 | L32: =SUM(J29:J32) -> 391
A33: 11:00-11:15 | B33: 19 | D33: 14 | F33: 25 | H33: 20 | J33: =SUM(B33:I33) -> 78
A34: 11:15-11:30 | B34: 12 | D34: 13 | F34: 28 | H34: 13 | J34: =SUM(B34:I34) -> 66 | K34: =J34+J33 -> 144
A35: 11:30-11:45 | B35: 39 | D35: 32 | F35: 68 | H35: 65 | J35: =SUM(B35:I35) -> 204
A36: 11:45-12:00 | B36: 61 | D36: 39 | F36: 103 | H36: 41 | J36: =SUM(B36:I36) -> 244 | K36: =J36+J35 -> 448 | L36: =SUM(J33:J36) -> 592
A37: 12:00-12:15 | B37: 38 | D37: 18 | F37: 54 | H37: 4 | J37: =SUM(B37:I37) -> 114
A38: 12:15-12:30 | B38: 31 | D38: 13 | F38: 42 | H38: 11 | J38: =SUM(B38:I38) -> 97 | K38: =J38+J37 -> 211
A39: 12:30-12:45 | B39: 36 | D39: 28 | F39: 29 | H39: 3 | J39: =SUM(B39:I39) -> 96
A40: 12:45-13:00 | B40: 29 | D40: 9 | F40: 21 | H40: 12 | J40: =SUM(B40:I40) -> 71 | K40: =J40+J39 -> 167 | L40: =SUM(J37:J40) -> 378
A41: 13:00-13:15 | B41: 13 | D41: 24 | F41: 30 | H41: 6 | J41: =SUM(B41:I41) -> 73
A42: 13:15-13:30 | B42: 18 | D42: 18 | F42: 30 | H42: 13 | J42: =SUM(B42:I42) -> 79 | K42: =J42+J41 -> 152
A43: 13:30-13:45 | B43: 20 | D43: 16 | F43: 17 | H43: 10 | J43: =SUM(B43:I43) -> 63
A44: 13:45-14:00 | B44: 22 | D44: 24 | F44: 25 | H44: 8 | J44: =SUM(B44:I44) -> 79 | K44: =J44+J43 -> 142 | L44: =SUM(J41:J44) -> 294
A45: 14:00-14:15 | B45: 31 | D45: 29 | F45: 17 | H45: 5 | J45: =SUM(B45:I45) -> 82
A46: 14:15-14:30 | B46: 11 | D46: 15 | F46: 8 | H46: 3 | J46: =SUM(B46:I46) -> 37 | K46: =J46+J45 -> 119
A47: 14:30-14:45 | B47: 15 | D47: 14 | F47: 28 | H47: 6 | J47: =SUM(B47:I47) -> 63
A48: 14:45-15:00 | B48: 26 | D48: 16 | F48: 14 | H48: 1 | J48: =SUM(B48:I48) -> 57 | K48: =J48+J47 -> 120 | L48: =SUM(J45:J48) -> 239
A49: 15:00-15:15 | B49: 44 | D49: 31 | F49: 23 | H49: 4 | J49: =SUM(B49:I49) -> 102
A50: 15:15-15:30 | B50: 16 | D50: 15 | F50: 23 | H50: 8 | J50: =SUM(B50:I50) -> 62 | K50: =J50+J49 -> 164
A51: 15:30-15:45 | B51: 22 | D51: 18 | F51: 21 | H51: 20 | J51: =SUM(B51:I51) -> 81
A52: 15:45-16:00 | B52: 39 | D52: 18 | F52: 34 | H52: 13 | J52: =SUM(B52:I52) -> 104 | K52: =J52+J51 -> 185 | L52: =SUM(J49:J52) -> 349
A53: 16:00-16:15 | B53: 39 | D53: 35 | F53: 22 | H53: 21 | J53: =SUM(B53:I53) -> 117
A54: 16:15-16:30 | B54: 39 | D54: 29 | F54: 36 | H54: 11 | J54: =SUM(B54:I54) -> 115 | K54: =J54+J53 -> 232
A55: 16:30-16:45 | B55: 36 | D55: 31 | F55: 39 | H55: 24 | J55: =SUM(B55:I55) -> 130
A56: 16:45-17:00 | B56: 55 | D56: 67 | F56: 36 | H56: 11 | J56: =SUM(B56:I56) -> 169 | K56: =J56+J55 -> 299 | L56: =SUM(J53:J56) -> 531
A57: 17:00-17:15 | B57: 51 | D57: 30 | F57: 46 | H57: 11 | J57: =SUM(B57:I57) -> 138
A58: 17:15-17:30 | B58: 22 | D58: 46 | F58: 22 | H58: 10 | J58: =SUM(B58:I58) -> 100 | K58: =J58+J57 -> 238
A59: 17:30-17:45 | B59: 25 | D59: 55 | F59: 31 | H59: 9 | J59: =SUM(B59:I59) -> 120
A60: 17:45-18:00 | B60: 55 | D60: 54 | F60: 16 | H60: 24 | J60: =SUM(B60:I60) -> 149 | K60: =J60+J59 -> 269 | L60: =SUM(J57:J60) -> 507
A61: 18:00-18:15 | B61: 14 | D61: 30 | F61: 15 | H61: 8 | J61: =SUM(B61:I61) -> 67
A62: 18:15-18:30 | B62: 30 | D62: 28 | F62: 10 | H62: 11 | J62: =SUM(B62:I62) -> 79 | K62: =J62+J61 -> 146
A63: 18:30-18:45 | B63: 19 | D63: 80 | F63: 26 | H63: 16 | J63: =SUM(B63:I63) -> 141
A64: 18:45-19:00 | B64: 18 | D64: 38 | F64: 29 | H64: 29 | J64: =SUM(B64:I64) -> 114 | K64: =J64+J63 -> 255 | L64: =SUM(J61:J64) -> 401
A65: 19:00-19:15 | J65: =SUM(B65:I65) -> 0
A66: 19:15-19:30 | J66: =SUM(B66:I66) -> 0 | K66: =J66+J65 -> 0
A67: 19:30-19:45 | J67: =SUM(B67:I67) -> 0
A68: 19:45-20:00 | J68: =SUM(B68:I68) -> 0 | K68: =J68+J67 -> 0 | L68: =SUM(J65:J68) -> 0
A69: SUMME : | B69: =SUM(B13:B68) -> 1339 | D69: =SUM(D13:D68) -> 1378 | F69: =SUM(F13:F68) -> 1360 | H69: =SUM(H13:H68) -> 746 | J69: =SUM(B69:I69) -> 4823

Sheet Faktoren PKW-E
A1: Faktoren für Umrechnung PKW-Einheiten nach RVS 03.05.11
A3: Rad | B3: 0.5
A4: einsp. KFZ | B4: 1
A5: PKW / Kombi | B5: 1
A6: Linienbus | B6: 1.5
A7: Reisebus | B7: 1.5
A8: LKW | B8: 1.5
A9: LKW mit Anhänger | B9: 2
A10: sonstige KFZ / Traktoren | B10: 1.5
A12: Faktoren für Umrechnung PKW-Einheiten nach RVS 03.05.31 (VLSA)
A14: Rad | B14: 0.3
A15: Motorrad | B15: 0.5
A16: PKW | B16: 1
A17: Lkw, Bus Traktor | B17: 2
A18: Gelenkbus, Sattelschlepper | B18: 3
A19: Lkw mit Anh. oder Traktor mit Anh. | B19: 4
