Workbook

Sheet Deckbl.
A5: www.verkehrszählung.at
B8: Verkehrszählungsort : | C8: B122 / Badhaller Straße / Holznerweg (Bad Hall)
B10: Lfd. Nummer :
B11: Zählzeit : | C11: 7-19 Uhr | H11: Datum : | I11: 45944
B12: Sachbearbeiter : | C12: Schwap | H12: Wetter : | I12: 9-14 ° sonnig
B14: Anmerkungen :

Sheet R1
A3: ICRA Schwap e.U.
A4: VERKEHRSZÄHLUNG - PKW-Einheiten
A5: Datum : | J5: Lfd. Nummer : | K5: 0
A6: =Deckbl.!I11 -> 45944 | J6: Wetter : | K6: =Deckbl.!I12 -> 9-14 ° sonnig
B7: Verkehrszählung : | C7: =Deckbl.!C8 -> B122 / Badhaller Straße / Holznerweg (Bad Hall)
B8: Zählstelle : | I8: Sachbearbeiter : | J8: ICRA / Schwap
B9: Richtung : | C9: R1 | I9: Uhrzeit : | J9: =Deckbl.!C11 -> 7-19 Uhr
B10: Bemerkung :
A11: Faktoren | B11: 0.3 | C11: 0.5 | D11: 1 | E11: 2 | F11: 2 | G11: 2 | H11: 3 | I11: 2
C12: einsp. | D12: PKW | E12: Linien- | F12: Reise- | G12: LKW | H12: LKW + | I12: Traktor | J12: PKW-E | K12: PKW-E | L12: PKW-E | M12: KFZ
A13: Zeit | B13: Rad | C13: KFZ | D13: Kombi | E13: bus | F13: bus | H13: Anh. | I13: Sonst. | J13: / 15 min | K13: / 30 min | L13: / 1 Std. | M13: / 1 Std.
A14: 5:00-5:15 | J14: =SUMPRODUCT(B14:I14,$B$11:$I$11) -> 0
A15: 5:15-5:30 | J15: =SUMPRODUCT(B15:I15,$B$11:$I$11) -> 0 | K15: =J15+J14 -> 0
A16: 5:30-5:45 | J16: =SUMPRODUCT(B16:I16,$B$11:$I$11) -> 0
A17: 5:45-6:00 | J17: =SUMPRODUCT(B17:I17,$B$11:$I$11) -> 0 | K17: =J17+J16 -> 0 | L17: =SUM(J14:J17) -> 0 | M17: =SUM(C14:I17) -> 0
A18: 6:00-6:15 | J18: =SUMPRODUCT(B18:I18,$B$11:$I$11) -> 0
A19: 6:15-6:30 | J19: =SUMPRODUCT(B19:I19,$B$11:$I$11) -> 0 | K19: =J19+J18 -> 0
A20: 6:30-6:45 | J20: =SUMPRODUCT(B20:I20,$B$11:$I$11) -> 0
A21: 6:45-7:00 | J21: =SUMPRODUCT(B21:I21,$B$11:$I$11) -> 0 | K21: =J21+J20 -> 0 | L21: =SUM(J18:J21) -> 0 | M21: =SUM(C18:I21) -> 0
A22: 7:00-7:15 | B22: 0 | C22: 0 | D22: 6 | E22: 0 | F22: 0 | G22: 0 | H22: 0 | I22: 0 | J22: =SUMPRODUCT(B22:I22,$B$11:$I$11) -> 6
A23: 7:15-7:30 | B23: 0 | C23: 0 | D23: 4 | E23: 0 | F23: 0 | G23: 0 | H23: 0 | I23: 0 | J23: =SUMPRODUCT(B23:I23,$B$11:$I$11) -> 4 | K23: =J23+J22 -> 10
A24: 7:30-7:45 | B24: 0 | C24: 0 | D24: 9 | E24: 1 | F24: 0 | G24: 1 | H24: 0 | I24: 0 | J24: =SUMPRODUCT(B24:I24,$B$11:$I$11) -> 13
A25: 7:45-8:00 | B25: 0 | C25: 0 | D25: 9 | E25: 0 | F25: 0 | G25: 0 | H25: 0 | I25: 0 | J25: =SUMPRODUCT(B25:I25,$B$11:$I$11) -> 9 | K25: =J25+J24 -> 22 | L25: =SUM(J22:J25) -> 32 | M25: =SUM(C22:I25) -> 30
A26: 8:00-8:15 | B26: 0 | C26: 0 | D26: 4 | E26: 0 | F26: 0 | G26: 0 | H26: 0 | I26: 0 | J26: =SUMPRODUCT(B26:I26,$B$11:$I$11) -> 4
A27: 8:15-8:30 | B27: 0 | C27: 0 | D27: 4 | E27: 0 | F27: 0 | G27: 0 | H27: 0 | I27: 0 | J27: =SUMPRODUCT(B27:I27,$B$11:$I$11) -> 4 | K27: =J27+J26 -> 8
A28: 8:30-8:45 | B28: 0 | C28: 0 | D28: 10 | E28: 0 | F28: 0 | G28: 0 | H28: 0 | I28: 0 | J28: =SUMPRODUCT(B28:I28,$B$11:$I$11) -> 10
A29: 8:45-9:00 | B29: 0 | C29: 0 | D29: 13 | E29: 0 | F29: 0 | G29: 0 | H29: 0 | I29: 0 | J29: =SUMPRODUCT(B29:I29,$B$11:$I$11) -> 13 | K29: =J29+J28 -> 23 | L29: =SUM(J26:J29) -> 31 | M29: =SUM(C26:I29) -> 31
A30: 9:00-9:15 | B30: 0 | C30: 0 | D30: 9 | E30: 0 | F30: 0 | G30: 0 | H30: 0 | I30: 0 | J30: =SUMPRODUCT(B30:I30,$B$11:$I$11) -> 9
A31: 9:15-9:30 | B31: 0 | C31: 0 | D31: 11 | E31: 0 | F31: 0 | G31: 0 | H31: 0 | I31: 0 | J31: =SUMPRODUCT(B31:I31,$B$11:$I$11) -> 11 | K31: =J31+J30 -> 20
A32: 9:30-9:45 | B32: 0 | C32: 0 | D32: 10 | E32: 0 | F32: 0 | G32: 1 | H32: 0 | I32: 0 | J32: =SUMPRODUCT(B32:I32,$B$11:$I$11) -> 12
A33: 9:45-10:00 | B33: 0 | C33: 0 | D33: 11 | E33: 0 | F33: 0 | G33: 0 | H33: 0 | I33: 0 | J33: =SUMPRODUCT(B33:I33,$B$11:$I$11) -> 11 | K33: =J33+J32 -> 23 | L33: =SUM(J30:J33) -> 43 | M33: =SUM(C30:I33) -> 42
A34: 10:00-10:15 | B34: 0 | C34: 0 | D34: 14 | E34: 0 | F34: 0 | G34: 0 | H34: 0 | I34: 0 | J34: =SUMPRODUCT(B34:I34,$B$11:$I$11) -> 14
A35: 10:15-10:30 | B35: 0 | C35: 0 | D35: 10 | E35: 0 | F35: 0 | G35: 0 | H35: 0 | I35: 0 | J35: =SUMPRODUCT(B35:I35,$B$11:$I$11) -> 10 | K35: =J35+J34 -> 24
A36: 10:30-10:45 | B36: 0 | C36: 0 | D36: 0 | E36: 0 | F36: 0 | G36: 0 | H36: 0 | I36: 0 | J36: =SUMPRODUCT(B36:I36,$B$11:$I$11) -> 0
A37: 10:45-11:00 | B37: 0 | C37: 0 | D37: 4 | E37: 0 | F37: 0 | G37: 0 | H37: 0 | I37: 1 | J37: =SUMPRODUCT(B37:I37,$B$11:$I$11) -> 6 | K37: =J37+J36 -> 6 | L37: =SUM(J34:J37) -> 30 | M37: =SUM(C34:I37) -> 29
A38: 11:00-11:15 | B38: 0 | C38: 0 | D38: 10 | E38: 0 | F38: 0 | G38: 0 | H38: 0 | I38: 0 | J38: =SUMPRODUCT(B38:I38,$B$11:$I$11) -> 10
A39: 11:15-11:30 | B39: 0 | C39: 0 | D39: 5 | E39: 0 | F39: 0 | G39: 0 | H39: 0 | I39: 0 | J39: =SUMPRODUCT(B39:I39,$B$11:$I$11) -> 5 | K39: =J39+J38 -> 15
A40: 11:30-11:45 | B40: 0 | C40: 0 | D40: 5 | E40: 0 | F40: 0 | G40: 0 | H40: 0 | I40: 0 | J40: =SUMPRODUCT(B40:I40,$B$11:$I$11) -> 5
A41: 11:45-12:00 | B41: 0 | C41: 1 | D41: 8 | E41: 0 | F41: 0 | G41: 0 | H41: 0 | I41: 1 | J41: =SUMPRODUCT(B41:I41,$B$11:$I$11) -> 10.5 | K41: =J41+J40 -> 15.5 | L41: =SUM(J38:J41) -> 30.5 | M41: =SUM(C38:I41) -> 30
A42: 12:00-12:15 | B42: 0 | C42: 0 | D42: 7 | E42: 0 | F42: 0 | G42: 0 | H42: 0 | I42: 0 | J42: =SUMPRODUCT(B42:I42,$B$11:$I$11) -> 7
A43: 12:15-12:30 | B43: 0 | C43: 0 | D43: 3 | E43: 0 | F43: 0 | G43: 0 | H43: 0 | I43: 0 | J43: =SUMPRODUCT(B43:I43,$B$11:$I$11) -> 3 | K43: =J43+J42 -> 10
A44: 12:30-12:45 | B44: 0 | C44: 0 | D44: 1 | E44: 0 | F44: 0 | G44: 0 | H44: 0 | I44: 0 | J44: =SUMPRODUCT(B44:I44,$B$11:$I$11) -> 1
A45: 12:45-13:00 | B45: 0 | C45: 0 | D45: 7 | E45: 0 | F45: 0 | G45: 0 | H45: 0 | I45: 0 | J45: =SUMPRODUCT(B45:I45,$B$11:$I$11) -> 7 | K45: =J45+J44 -> 8 | L45: =SUM(J42:J45) -> 18 | M45: =SUM(C42:I45) -> 18
A46: 13:00-13:15 | B46: 0 | C46: 0 | D46: 7 | E46: 0 | F46: 0 | G46: 0 | H46: 0 | I46: 0 | J46: =SUMPRODUCT(B46:I46,$B$11:$I$11) -> 7
A47: 13:15-13:30 | B47: 0 | C47: 0 | D47: 8 | E47: 0 | F47: 0 | G47: 0 | H47: 0 | I47: 0 | J47: =SUMPRODUCT(B47:I47,$B$11:$I$11) -> 8 | K47: =J47+J46 -> 15
A48: 13:30-13:45 | B48: 0 | C48: 0 | D48: 10 | E48: 0 | F48: 0 | G48: 0 | H48: 0 | I48: 0 | J48: =SUMPRODUCT(B48:I48,$B$11:$I$11) -> 10
A49: 13:45-14:00 | B49: 0 | C49: 0 | D49: 8 | E49: 0 | F49: 0 | G49: 0 | H49: 0 | I49: 0 | J49: =SUMPRODUCT(B49:I49,$B$11:$I$11) -> 8 | K49: =J49+J48 -> 18 | L49: =SUM(J46:J49) -> 33 | M49: =SUM(C46:I49) -> 33
A50: 14:00-14:15 | B50: 0 | C50: 0 | D50: 15 | E50: 0 | F50: 0 | G50: 0 | H50: 0 | I50: 0 | J50: =SUMPRODUCT(B50:I50,$B$11:$I$11) -> 15
A51: 14:15-14:30 | B51: 0 | C51: 0 | D51: 5 | E51: 0 | F51: 0 | G51: 0 | H51: 0 | I51: 0 | J51: =SUMPRODUCT(B51:I51,$B$11:$I$11) -> 5 | K51: =J51+J50 -> 20
A52: 14:30-14:45 | B52: 0 | C52: 0 | D52: 9 | E52: 0 | F52: 0 | G52: 0 | H52: 0 | I52: 0 | J52: =SUMPRODUCT(B52:I52,$B$11:$I$11) -> 9
A53: 14:45-15:00 | B53: 0 | C53: 0 | D53: 9 | E53: 0 | F53: 0 | G53: 0 | H53: 0 | I53: 0 | J53: =SUMPRODUCT(B53:I53,$B$11:$I$11) -> 9 | K53: =J53+J52 -> 18 | L53: =SUM(J50:J53) -> 38 | M53: =SUM(C50:I53) -> 38
A54: 15:00-15:15 | B54: 0 | C54: 0 | D54: 8 | E54: 0 | F54: 0 | G54: 0 | H54: 0 | I54: 0 | J54: =SUMPRODUCT(B54:I54,$B$11:$I$11) -> 8
A55: 15:15-15:30 | B55: 0 | C55: 0 | D55: 8 | E55: 0 | F55: 0 | G55: 0 | H55: 0 | I55: 0 | J55: =SUMPRODUCT(B55:I55,$B$11:$I$11) -> 8 | K55: =J55+J54 -> 16
A56: 15:30-15:45 | B56: 0 | C56: 2 | D56: 4 | E56: 0 | F56: 0 | G56: 0 | H56: 0 | I56: 0 | J56: =SUMPRODUCT(B56:I56,$B$11:$I$11) -> 5
A57: 15:45-16:00 | B57: 0 | C57: 1 | D57: 9 | E57: 0 | F57: 0 | G57: 0 | H57: 0 | I57: 0 | J57: =SUMPRODUCT(B57:I57,$B$11:$I$11) -> 9.5 | K57: =J57+J56 -> 14.5 | L57: =SUM(J54:J57) -> 30.5 | M57: =SUM(C54:I57) -> 32
A58: 16:00-16:15 | B58: 0 | C58: 0 | D58: 8 | E58: 0 | F58: 0 | G58: 0 | H58: 0 | I58: 0 | J58: =SUMPRODUCT(B58:I58,$B$11:$I$11) -> 8
A59: 16:15-16:30 | B59: 0 | C59: 0 | D59: 11 | E59: 0 | F59: 0 | G59: 0 | H59: 0 | I59: 0 | J59: =SUMPRODUCT(B59:I59,$B$11:$I$11) -> 11 | K59: =J59+J58 -> 19
A60: 16:30-16:45 | B60: 0 | C60: 0 | D60: 10 | E60: 0 | F60: 0 | G60: 0 | H60: 0 | I60: 0 | J60: =SUMPRODUCT(B60:I60,$B$11:$I$11) -> 10
A61: 16:45-17:00 | B61: 0 | C61: 0 | D61: 13 | E61: 0 | F61: 0 | G61: 0 | H61: 0 | I61: 0 | J61: =SUMPRODUCT(B61:I61,$B$11:$I$11) -> 13 | K61: =J61+J60 -> 23 | L61: =SUM(J58:J61) -> 42 | M61: =SUM(C58:I61) -> 42
A62: 17:00-17:15 | B62: 0 | C62: 0 | D62: 6 | E62: 0 | F62: 0 | G62: 0 | H62: 0 | I62: 0 | J62: =SUMPRODUCT(B62:I62,$B$11:$I$11) -> 6
A63: 17:15-17:30 | B63: 0 | C63: 0 | D63: 12 | E63: 0 | F63: 0 | G63: 0 | H63: 0 | I63: 0 | J63: =SUMPRODUCT(B63:I63,$B$11:$I$11) -> 12 | K63: =J63+J62 -> 18
A64: 17:30-17:45 | B64: 0 | C64: 0 | D64: 10 | E64: 0 | F64: 0 | G64: 0 | H64: 0 | I64: 0 | J64: =SUMPRODUCT(B64:I64,$B$11:$I$11) -> 10
A65: 17:45-18:00 | B65: 0 | C65: 0 | D65: 13 | E65: 0 | F65: 0 | G65: 0 | H65: 0 | I65: 0 | J65: =SUMPRODUCT(B65:I65,$B$11:$I$11) -> 13 | K65: =J65+J64 -> 23 | L65: =SUM(J62:J65) -> 41 | M65: =SUM(C62:I65) -> 41
A66: 18:00-18:15 | B66: 0 | C66: 0 | D66: 11 | E66: 0 | F66: 0 | G66: 0 | H66: 0 | I66: 0 | J66: =SUMPRODUCT(B66:I66,$B$11:$I$11) -> 11
A67: 18:15-18:30 | B67: 0 | C67: 0 | D67: 7 | E67: 0 | F67: 0 | G67: 0 | H67: 0 | I67: 0 | J67: =SUMPRODUCT(B67:I67,$B$11:$I$11) -> 7 | K67: =J67+J66 -> 18
A68: 18:30-18:45 | B68: 0 | C68: 0 | D68: 8 | E68: 0 | F68: 0 | G68: 0 | H68: 0 | I68: 0 | J68: =SUMPRODUCT(B68:I68,$B$11:$I$11) -> 8
A69: 18:45-19:00 | B69: 0 | C69: 0 | D69: 9 | E69: 0 | F69: 0 | G69: 0 | H69: 0 | I69: 0 | J69: =SUMPRODUCT(B69:I69,$B$11:$I$11) -> 9 | K69: =J69+J68 -> 17 | L69: =SUM(J66:J69) -> 35 | M69: =SUM(C66:I69) -> 35
A70: 19:00-19:15 | J70: =SUMPRODUCT(B70:I70,$B$11:$I$11) -> 0
A71: 19:15-19:30 | J71: =SUMPRODUCT(B71:I71,$B$11:$I$11) -> 0 | K71: =J71+J70 -> 0
A72: 19:30-19:45 | J72: =SUMPRODUCT(B72:I72,$B$11:$I$11) -> 0
A73: 19:45-20:00 | J73: =SUMPRODUCT(B73:I73,$B$11:$I$11) -> 0 | K73: =J73+J72 -> 0 | L73: =SUM(J70:J73) -> 0 | M73: =SUM(C70:I73) -> 0
A74: 20:00-20:15 | J74: =SUMPRODUCT(B74:I74,$B$11:$I$11) -> 0
A75: 20:15-20:30 | J75: =SUMPRODUCT(B75:I75,$B$11:$I$11) -> 0 | K75: =J75+J74 -> 0
A76: 20:30-20:45 | J76: =SUMPRODUCT(B76:I76,$B$11:$I$11) -> 0
A77: 20:45-21:00 | J77: =SUMPRODUCT(B77:I77,$B$11:$I$11) -> 0 | K77: =J77+J76 -> 0 | L77: =SUM(J74:J77) -> 0 | M77: =SUM(C74:I77) -> 0
A78: 21:00-21:15 | J78: =SUMPRODUCT(B78:I78,$B$11:$I$11) -> 0
A79: 21:15-21:30 | J79: =SUMPRODUCT(B79:I79,$B$11:$I$11) -> 0 | K79: =J79+J78 -> 0
A80: 21:30-21:45 | J80: =SUMPRODUCT(B80:I80,$B$11:$I$11) -> 0
A81: 21:45-22:00 | J81: =SUMPRODUCT(B81:I81,$B$11:$I$11) -> 0 | K81: =J81+J80 -> 0 | L81: =SUM(J78:J81) -> 0 | M81: =SUM(C78:I81) -> 0
A82: SUMME : | B82: =SUM(B$14:B81) -> 0 | C82: =SUM(C$14:C81) -> 4 | D82: =SUM(D$14:D81) -> 392 | E82: =SUM(E$14:E81) -> 1 | F82: =SUM(F$14:F81) -> 0 | G82: =SUM(G$14:G81) -> 2 | H82: =SUM(H$14:H81) -> 0 | I82: =SUM(I$14:I81) -> 2 | J82: =SUM(B82:I82) -> 401

Sheet R2
A3: ICRA Schwap e.U.
A4: VERKEHRSZÄHLUNG - PKW-Einheiten
A5: Datum : | J5: Lfd. Nummer : | K5: 0
A6: =Deckbl.!I11 -> 45944 | J6: Wetter : | K6: =Deckbl.!I12 -> 9-14 ° sonnig
B7: Verkehrszählung : | C7: =Deckbl.!C8 -> B122 / Badhaller Straße / Holznerweg (Bad Hall)
B8: Zählstelle : | I8: Sachbearbeiter : | J8: ICRA / Schwap
B9: Richtung : | C9: R2 | I9: Uhrzeit : | J9: =Deckbl.!C11 -> 7-19 Uhr
B10: Bemerkung :
A11: Faktoren | B11: 0.3 | C11: 0.5 | D11: 1 | E11: 2 | F11: 2 | G11: 2 | H11: 3 | I11: 2
C12: einsp. | D12: PKW | E12: Linien- | F12: Reise- | G12: LKW | H12: LKW + | I12: Traktor | J12: PKW-E | K12: PKW-E | L12: PKW-E | M12: KFZ
A13: Zeit | B13: Rad | C13: KFZ | D13: Kombi | E13: bus | F13: bus | H13: Anh. | I13: Sonst. | J13: / 15 min | K13: / 30 min | L13: / 1 Std. | M13: / 1 Std.
A14: 5:00-5:15 | J14: =SUMPRODUCT(B14:I14,$B$11:$I$11) -> 0
A15: 5:15-5:30 | J15: =SUMPRODUCT(B15:I15,$B$11:$I$11) -> 0 | K15: =J15+J14 -> 0
A16: 5:30-5:45 | J16: =SUMPRODUCT(B16:I16,$B$11:$I$11) -> 0
A17: 5:45-6:00 | J17: =SUMPRODUCT(B17:I17,$B$11:$I$11) -> 0 | K17: =J17+J16 -> 0 | L17: =SUM(J14:J17) -> 0 | M17: =SUM(C14:I17) -> 0
A18: 6:00-6:15 | J18: =SUMPRODUCT(B18:I18,$B$11:$I$11) -> 0
A19: 6:15-6:30 | J19: =SUMPRODUCT(B19:I19,$B$11:$I$11) -> 0 | K19: =J19+J18 -> 0
A20: 6:30-6:45 | J20: =SUMPRODUCT(B20:I20,$B$11:$I$11) -> 0
A21: 6:45-7:00 | J21: =SUMPRODUCT(B21:I21,$B$11:$I$11) -> 0 | K21: =J21+J20 -> 0 | L21: =SUM(J18:J21) -> 0 | M21: =SUM(C18:I21) -> 0
A22: 7:00-7:15 | B22: 0 | C22: 0 | D22: 68 | E22: 1 | F22: 0 | G22: 2 | H22: 8 | I22: 0 | J22: =SUMPRODUCT(B22:I22,$B$11:$I$11) -> 98
A23: 7:15-7:30 | B23: 0 | C23: 0 | D23: 100 | E23: 2 | F23: 0 | G23: 6 | H23: 4 | I23: 0 | J23: =SUMPRODUCT(B23:I23,$B$11:$I$11) -> 128 | K23: =J23+J22 -> 226
A24: 7:30-7:45 | B24: 0 | C24: 0 | D24: 84 | E24: 2 | F24: 0 | G24: 2 | H24: 5 | I24: 0 | J24: =SUMPRODUCT(B24:I24,$B$11:$I$11) -> 107
A25: 7:45-8:00 | B25: 0 | C25: 0 | D25: 86 | E25: 1 | F25: 0 | G25: 5 | H25: 8 | I25: 1 | J25: =SUMPRODUCT(B25:I25,$B$11:$I$11) -> 124 | K25: =J25+J24 -> 231 | L25: =SUM(J22:J25) -> 457 | M25: =SUM(C22:I25) -> 385
A26: 8:00-8:15 | B26: 0 | C26: 0 | D26: 73 | E26: 1 | F26: 0 | G26: 0 | H26: 10 | I26: 0 | J26: =SUMPRODUCT(B26:I26,$B$11:$I$11) -> 105
A27: 8:15-8:30 | B27: 0 | C27: 0 | D27: 72 | E27: 1 | F27: 0 | G27: 4 | H27: 2 | I27: 0 | J27: =SUMPRODUCT(B27:I27,$B$11:$I$11) -> 88 | K27: =J27+J26 -> 193
A28: 8:30-8:45 | B28: 0 | C28: 0 | D28: 77 | E28: 0 | F28: 0 | G28: 11 | H28: 4 | I28: 0 | J28: =SUMPRODUCT(B28:I28,$B$11:$I$11) -> 111
A29: 8:45-9:00 | B29: 0 | C29: 0 | D29: 74 | E29: 0 | F29: 0 | G29: 6 | H29: 10 | I29: 0 | J29: =SUMPRODUCT(B29:I29,$B$11:$I$11) -> 116 | K29: =J29+J28 -> 227 | L29: =SUM(J26:J29) -> 420 | M29: =SUM(C26:I29) -> 345
A30: 9:00-9:15 | B30: 0 | C30: 1 | D30: 79 | E30: 0 | F30: 0 | G30: 4 | H30: 5 | I30: 0 | J30: =SUMPRODUCT(B30:I30,$B$11:$I$11) -> 102.5
A31: 9:15-9:30 | B31: 0 | C31: 0 | D31: 58 | E31: 1 | F31: 0 | G31: 2 | H31: 6 | I31: 1 | J31: =SUMPRODUCT(B31:I31,$B$11:$I$11) -> 84 | K31: =J31+J30 -> 186.5
A32: 9:30-9:45 | B32: 0 | C32: 0 | D32: 74 | E32: 1 | F32: 0 | G32: 3 | H32: 5 | I32: 1 | J32: =SUMPRODUCT(B32:I32,$B$11:$I$11) -> 99
A33: 9:45-10:00 | B33: 0 | C33: 0 | D33: 82 | E33: 1 | F33: 0 | G33: 1 | H33: 7 | I33: 0 | J33: =SUMPRODUCT(B33:I33,$B$11:$I$11) -> 107 | K33: =J33+J32 -> 206 | L33: =SUM(J30:J33) -> 392.5 | M33: =SUM(C30:I33) -> 332
A34: 10:00-10:15 | B34: 1 | C34: 0 | D34: 71 | E34: 0 | F34: 0 | G34: 0 | H34: 5 | I34: 1 | J34: =SUMPRODUCT(B34:I34,$B$11:$I$11) -> 88.3
A35: 10:15-10:30 | B35: 0 | C35: 0 | D35: 60 | E35: 1 | F35: 0 | G35: 5 | H35: 3 | I35: 0 | J35: =SUMPRODUCT(B35:I35,$B$11:$I$11) -> 81 | K35: =J35+J34 -> 169.3
A36: 10:30-10:45 | B36: 0 | C36: 0 | D36: 73 | E36: 0 | F36: 0 | G36: 2 | H36: 5 | I36: 0 | J36: =SUMPRODUCT(B36:I36,$B$11:$I$11) -> 92
A37: 10:45-11:00 | B37: 0 | C37: 0 | D37: 70 | E37: 1 | F37: 0 | G37: 3 | H37: 7 | I37: 0 | J37: =SUMPRODUCT(B37:I37,$B$11:$I$11) -> 99 | K37: =J37+J36 -> 191 | L37: =SUM(J34:J37) -> 360.3 | M37: =SUM(C34:I37) -> 307
A38: 11:00-11:15 | B38: 0 | C38: 1 | D38: 55 | E38: 0 | F38: 0 | G38: 4 | H38: 7 | I38: 1 | J38: =SUMPRODUCT(B38:I38,$B$11:$I$11) -> 86.5
A39: 11:15-11:30 | B39: 0 | C39: 0 | D39: 66 | E39: 1 | F39: 0 | G39: 3 | H39: 4 | I39: 0 | J39: =SUMPRODUCT(B39:I39,$B$11:$I$11) -> 86 | K39: =J39+J38 -> 172.5
A40: 11:30-11:45 | B40: 0 | C40: 1 | D40: 66 | E40: 3 | F40: 0 | G40: 1 | H40: 8 | I40: 0 | J40: =SUMPRODUCT(B40:I40,$B$11:$I$11) -> 98.5
A41: 11:45-12:00 | B41: 0 | C41: 0 | D41: 68 | E41: 1 | F41: 0 | G41: 3 | H41: 5 | I41: 0 | J41: =SUMPRODUCT(B41:I41,$B$11:$I$11) -> 91 | K41: =J41+J40 -> 189.5 | L41: =SUM(J38:J41) -> 362 | M41: =SUM(C38:I41) -> 298
A42: 12:00-12:15 | B42: 0 | C42: 0 | D42: 70 | E42: 0 | F42: 0 | G42: 0 | H42: 6 | I42: 1 | J42: =SUMPRODUCT(B42:I42,$B$11:$I$11) -> 90
A43: 12:15-12:30 | B43: 0 | C43: 0 | D43: 69 | E43: 3 | F43: 0 | G43: 2 | H43: 5 | I43: 0 | J43: =SUMPRODUCT(B43:I43,$B$11:$I$11) -> 94 | K43: =J43+J42 -> 184
A44: 12:30-12:45 | B44: 0 | C44: 0 | D44: 77 | E44: 2 | F44: 0 | G44: 5 | H44: 5 | I44: 0 | J44: =SUMPRODUCT(B44:I44,$B$11:$I$11) -> 106
A45: 12:45-13:00 | B45: 0 | C45: 4 | D45: 57 | E45: 0 | F45: 0 | G45: 4 | H45: 6 | I45: 0 | J45: =SUMPRODUCT(B45:I45,$B$11:$I$11) -> 85 | K45: =J45+J44 -> 191 | L45: =SUM(J42:J45) -> 375 | M45: =SUM(C42:I45) -> 316
A46: 13:00-13:15 | B46: 0 | C46: 0 | D46: 86 | E46: 1 | F46: 0 | G46: 2 | H46: 5 | I46: 0 | J46: =SUMPRODUCT(B46:I46,$B$11:$I$11) -> 107
A47: 13:15-13:30 | B47: 0 | C47: 1 | D47: 77 | E47: 1 | F47: 0 | G47: 1 | H47: 5 | I47: 0 | J47: =SUMPRODUCT(B47:I47,$B$11:$I$11) -> 96.5 | K47: =J47+J46 -> 203.5
A48: 13:30-13:45 | B48: 0 | C48: 2 | D48: 78 | E48: 1 | F48: 0 | G48: 7 | H48: 8 | I48: 0 | J48: =SUMPRODUCT(B48:I48,$B$11:$I$11) -> 119
A49: 13:45-14:00 | B49: 0 | C49: 1 | D49: 78 | E49: 0 | F49: 0 | G49: 4 | H49: 8 | I49: 0 | J49: =SUMPRODUCT(B49:I49,$B$11:$I$11) -> 110.5 | K49: =J49+J48 -> 229.5 | L49: =SUM(J46:J49) -> 433 | M49: =SUM(C46:I49) -> 366
A50: 14:00-14:15 | B50: 0 | C50: 0 | D50: 76 | E50: 1 | F50: 0 | G50: 3 | H50: 2 | I50: 1 | J50: =SUMPRODUCT(B50:I50,$B$11:$I$11) -> 92
A51: 14:15-14:30 | B51: 0 | C51: 1 | D51: 86 | E51: 3 | F51: 0 | G51: 3 | H51: 4 | I51: 0 | J51: =SUMPRODUCT(B51:I51,$B$11:$I$11) -> 110.5 | K51: =J51+J50 -> 202.5
A52: 14:30-14:45 | B52: 0 | C52: 1 | D52: 91 | E52: 1 | F52: 0 | G52: 4 | H52: 6 | I52: 1 | J52: =SUMPRODUCT(B52:I52,$B$11:$I$11) -> 121.5
A53: 14:45-15:00 | B53: 0 | C53: 1 | D53: 82 | E53: 1 | F53: 0 | G53: 3 | H53: 5 | I53: 0 | J53: =SUMPRODUCT(B53:I53,$B$11:$I$11) -> 105.5 | K53: =J53+J52 -> 227 | L53: =SUM(J50:J53) -> 429.5 | M53: =SUM(C50:I53) -> 376
A54: 15:00-15:15 | B54: 0 | C54: 1 | D54: 82 | E54: 2 | F54: 0 | G54: 2 | H54: 1 | I54: 0 | J54: =SUMPRODUCT(B54:I54,$B$11:$I$11) -> 93.5
A55: 15:15-15:30 | B55: 0 | C55: 4 | D55: 94 | E55: 1 | F55: 0 | G55: 2 | H55: 4 | I55: 3 | J55: =SUMPRODUCT(B55:I55,$B$11:$I$11) -> 120 | K55: =J55+J54 -> 213.5
A56: 15:30-15:45 | B56: 0 | C56: 5 | D56: 115 | E56: 1 | F56: 0 | G56: 2 | H56: 5 | I56: 2 | J56: =SUMPRODUCT(B56:I56,$B$11:$I$11) -> 142.5
A57: 15:45-16:00 | B57: 0 | C57: 0 | D57: 95 | E57: 0 | F57: 0 | G57: 3 | H57: 7 | I57: 0 | J57: =SUMPRODUCT(B57:I57,$B$11:$I$11) -> 122 | K57: =J57+J56 -> 264.5 | L57: =SUM(J54:J57) -> 478 | M57: =SUM(C54:I57) -> 431
A58: 16:00-16:15 | B58: 0 | C58: 3 | D58: 125 | E58: 1 | F58: 0 | G58: 4 | H58: 5 | I58: 0 | J58: =SUMPRODUCT(B58:I58,$B$11:$I$11) -> 151.5
A59: 16:15-16:30 | B59: 0 | C59: 2 | D59: 130 | E59: 1 | F59: 0 | G59: 4 | H59: 1 | I59: 1 | J59: =SUMPRODUCT(B59:I59,$B$11:$I$11) -> 146 | K59: =J59+J58 -> 297.5
A60: 16:30-16:45 | B60: 1 | C60: 1 | D60: 120 | E60: 2 | F60: 0 | G60: 4 | H60: 4 | I60: 0 | J60: =SUMPRODUCT(B60:I60,$B$11:$I$11) -> 144.8
A61: 16:45-17:00 | B61: 0 | C61: 5 | D61: 142 | E61: 0 | F61: 0 | G61: 1 | H61: 1 | I61: 0 | J61: =SUMPRODUCT(B61:I61,$B$11:$I$11) -> 149.5 | K61: =J61+J60 -> 294.3 | L61: =SUM(J58:J61) -> 591.8 | M61: =SUM(C58:I61) -> 557
A62: 17:00-17:15 | B62: 0 | C62: 2 | D62: 126 | E62: 1 | F62: 0 | G62: 2 | H62: 6 | I62: 0 | J62: =SUMPRODUCT(B62:I62,$B$11:$I$11) -> 151
A63: 17:15-17:30 | B63: 0 | C63: 0 | D63: 127 | E63: 1 | F63: 0 | G63: 2 | H63: 3 | I63: 0 | J63: =SUMPRODUCT(B63:I63,$B$11:$I$11) -> 142 | K63: =J63+J62 -> 293
A64: 17:30-17:45 | B64: 0 | C64: 0 | D64: 127 | E64: 2 | F64: 0 | G64: 0 | H64: 2 | I64: 0 | J64: =SUMPRODUCT(B64:I64,$B$11:$I$11) -> 137
A65: 17:45-18:00 | B65: 0 | C65: 1 | D65: 102 | E65: 1 | F65: 0 | G65: 1 | H65: 0 | I65: 0 | J65: =SUMPRODUCT(B65:I65,$B$11:$I$11) -> 106.5 | K65: =J65+J64 -> 243.5 | L65: =SUM(J62:J65) -> 536.5 | M65: =SUM(C62:I65) -> 506
A66: 18:00-18:15 | B66: 0 | C66: 1 | D66: 87 | E66: 1 | F66: 1 | G66: 0 | H66: 5 | I66: 0 | J66: =SUMPRODUCT(B66:I66,$B$11:$I$11) -> 106.5
A67: 18:15-18:30 | B67: 0 | C67: 0 | D67: 77 | E67: 1 | F67: 1 | G67: 0 | H67: 2 | I67: 0 | J67: =SUMPRODUCT(B67:I67,$B$11:$I$11) -> 87 | K67: =J67+J66 -> 193.5
A68: 18:30-18:45 | B68: 0 | C68: 0 | D68: 65 | E68: 2 | F68: 0 | G68: 1 | H68: 3 | I68: 1 | J68: =SUMPRODUCT(B68:I68,$B$11:$I$11) -> 82
A69: 18:45-19:00 | B69: 0 | C69: 0 | D69: 70 | E69: 0 | F69: 0 | G69: 0 | H69: 0 | I69: 1 | J69: =SUMPRODUCT(B69:I69,$B$11:$I$11) -> 72 | K69: =J69+J68 -> 154 | L69: =SUM(J66:J69) -> 347.5 | M69: =SUM(C66:I69) -> 319
A70: 19:00-19:15 | J70: =SUMPRODUCT(B70:I70,$B$11:$I$11) -> 0
A71: 19:15-19:30 | J71: =SUMPRODUCT(B71:I71,$B$11:$I$11) -> 0 | K71: =J71+J70 -> 0
A72: 19:30-19:45 | J72: =SUMPRODUCT(B72:I72,$B$11:$I$11) -> 0
A73: 19:45-20:00 | J73: =SUMPRODUCT(B73:I73,$B$11:$I$11) -> 0 | K73: =J73+J72 -> 0 | L73: =SUM(J70:J73) -> 0 | M73: =SUM(C70:I73) -> 0
A74: 20:00-20:15 | J74: =SUMPRODUCT(B74:I74,$B$11:$I$11) -> 0
A75: 20:15-20:30 | J75: =SUMPRODUCT(B75:I75,$B$11:$I$11) -> 0 | K75: =J75+J74 -> 0
A76: 20:30-20:45 | J76: =SUMPRODUCT(B76:I76,$B$11:$I$11) -> 0
A77: 20:45-21:00 | J77: =SUMPRODUCT(B77:I77,$B$11:$I$11) -> 0 | K77: =J77+J76 -> 0 | L77: =SUM(J74:J77) -> 0 | M77: =SUM(C74:I77) -> 0
A78: 21:00-21:15 | J78: =SUMPRODUCT(B78:I78,$B$11:$I$11) -> 0
A79: 21:15-21:30 | J79: =SUMPRODUCT(B79:I79,$B$11:$I$11) -> 0 | K79: =J79+J78 -> 0
A80: 21:30-21:45 | J80: =SUMPRODUCT(B80:I80,$B$11:$I$11) -> 0
A81: 21:45-22:00 | J81: =SUMPRODUCT(B81:I81,$B$11:$I$11) -> 0 | K81: =J81+J80 -> 0 | L81: =SUM(J78:J81) -> 0 | M81: =SUM(C78:I81) -> 0
A82: SUMME : | B82: =SUM(B$14:B81) -> 2 | C82: =SUM(C$14:C81) -> 39 | D82: =SUM(D$14:D81) -> 4067 | E82: =SUM(E$14:E81) -> 49 | F82: =SUM(F$14:F81) -> 2 | G82: =SUM(G$14:G81) -> 133 | H82: =SUM(H$14:H81) -> 232 | I82: =SUM(I$14:I81) -> 16 | J82: =SUM(B82:I82) -> 4540

Sheet R3
A3: ICRA Schwap e.U.
A4: VERKEHRSZÄHLUNG - PKW-Einheiten
A5: Datum : | J5: Lfd. Nummer : | K5: 0
A6: =Deckbl.!I11 -> 45944 | J6: Wetter : | K6: =Deckbl.!I12 -> 9-14 ° sonnig
B7: Verkehrszählung : | C7: =Deckbl.!C8 -> B122 / Badhaller Straße / Holznerweg (Bad Hall)
B8: Zählstelle : | I8: Sachbearbeiter : | J8: ICRA / Schwap
B9: Richtung : | C9: R3 | I9: Uhrzeit : | J9: =Deckbl.!C11 -> 7-19 Uhr
B10: Bemerkung :
A11: Faktoren | B11: 0.3 | C11: 0.5 | D11: 1 | E11: 2 | F11: 2 | G11: 2 | H11: 3 | I11: 2
C12: einsp. | D12: PKW | E12: Linien- | F12: Reise- | G12: LKW | H12: LKW + | I12: Traktor | J12: PKW-E | K12: PKW-E | L12: PKW-E | M12: KFZ
A13: Zeit | B13: Rad | C13: KFZ | D13: Kombi | E13: bus | F13: bus | H13: Anh. | I13: Sonst. | J13: / 15 min | K13: / 30 min | L13: / 1 Std. | M13: / 1 Std.
A14: 5:00-5:15 | J14: =SUMPRODUCT(B14:I14,$B$11:$I$11) -> 0
A15: 5:15-5:30 | J15: =SUMPRODUCT(B15:I15,$B$11:$I$11) -> 0 | K15: =J15+J14 -> 0
A16: 5:30-5:45 | J16: =SUMPRODUCT(B16:I16,$B$11:$I$11) -> 0
A17: 5:45-6:00 | J17: =SUMPRODUCT(B17:I17,$B$11:$I$11) -> 0 | K17: =J17+J16 -> 0 | L17: =SUM(J14:J17) -> 0 | M17: =SUM(C14:I17) -> 0
A18: 6:00-6:15 | J18: =SUMPRODUCT(B18:I18,$B$11:$I$11) -> 0
A19: 6:15-6:30 | J19: =SUMPRODUCT(B19:I19,$B$11:$I$11) -> 0 | K19: =J19+J18 -> 0
A20: 6:30-6:45 | J20: =SUMPRODUCT(B20:I20,$B$11:$I$11) -> 0
A21: 6:45-7:00 | J21: =SUMPRODUCT(B21:I21,$B$11:$I$11) -> 0 | K21: =J21+J20 -> 0 | L21: =SUM(J18:J21) -> 0 | M21: =SUM(C18:I21) -> 0
A22: 7:00-7:15 | B22: 0 | C22: 0 | D22: 11 | E22: 0 | F22: 0 | G22: 1 | H22: 0 | I22: 0 | J22: =SUMPRODUCT(B22:I22,$B$11:$I$11) -> 13
A23: 7:15-7:30 | B23: 0 | C23: 0 | D23: 15 | E23: 0 | F23: 0 | G23: 0 | H23: 0 | I23: 0 | J23: =SUMPRODUCT(B23:I23,$B$11:$I$11) -> 15 | K23: =J23+J22 -> 28
A24: 7:30-7:45 | B24: 0 | C24: 0 | D24: 7 | E24: 0 | F24: 0 | G24: 0 | H24: 0 | I24: 0 | J24: =SUMPRODUCT(B24:I24,$B$11:$I$11) -> 7
A25: 7:45-8:00 | B25: 0 | C25: 0 | D25: 8 | E25: 0 | F25: 0 | G25: 0 | H25: 0 | I25: 0 | J25: =SUMPRODUCT(B25:I25,$B$11:$I$11) -> 8 | K25: =J25+J24 -> 15 | L25: =SUM(J22:J25) -> 43 | M25: =SUM(C22:I25) -> 42
A26: 8:00-8:15 | B26: 0 | C26: 0 | D26: 6 | E26: 0 | F26: 0 | G26: 2 | H26: 1 | I26: 0 | J26: =SUMPRODUCT(B26:I26,$B$11:$I$11) -> 13
A27: 8:15-8:30 | B27: 0 | C27: 0 | D27: 15 | E27: 0 | F27: 0 | G27: 0 | H27: 0 | I27: 0 | J27: =SUMPRODUCT(B27:I27,$B$11:$I$11) -> 15 | K27: =J27+J26 -> 28
A28: 8:30-8:45 | B28: 0 | C28: 0 | D28: 13 | E28: 1 | F28: 0 | G28: 0 | H28: 0 | I28: 0 | J28: =SUMPRODUCT(B28:I28,$B$11:$I$11) -> 15
A29: 8:45-9:00 | B29: 0 | C29: 0 | D29: 18 | E29: 0 | F29: 0 | G29: 0 | H29: 0 | I29: 0 | J29: =SUMPRODUCT(B29:I29,$B$11:$I$11) -> 18 | K29: =J29+J28 -> 33 | L29: =SUM(J26:J29) -> 61 | M29: =SUM(C26:I29) -> 56
A30: 9:00-9:15 | B30: 0 | C30: 0 | D30: 10 | E30: 0 | F30: 0 | G30: 1 | H30: 0 | I30: 0 | J30: =SUMPRODUCT(B30:I30,$B$11:$I$11) -> 12
A31: 9:15-9:30 | B31: 0 | C31: 0 | D31: 10 | E31: 1 | F31: 0 | G31: 1 | H31: 0 | I31: 0 | J31: =SUMPRODUCT(B31:I31,$B$11:$I$11) -> 14 | K31: =J31+J30 -> 26
A32: 9:30-9:45 | B32: 0 | C32: 0 | D32: 17 | E32: 0 | F32: 0 | G32: 0 | H32: 0 | I32: 0 | J32: =SUMPRODUCT(B32:I32,$B$11:$I$11) -> 17
A33: 9:45-10:00 | B33: 0 | C33: 0 | D33: 12 | E33: 0 | F33: 0 | G33: 0 | H33: 0 | I33: 0 | J33: =SUMPRODUCT(B33:I33,$B$11:$I$11) -> 12 | K33: =J33+J32 -> 29 | L33: =SUM(J30:J33) -> 55 | M33: =SUM(C30:I33) -> 52
A34: 10:00-10:15 | B34: 0 | C34: 0 | D34: 19 | E34: 0 | F34: 0 | G34: 1 | H34: 0 | I34: 0 | J34: =SUMPRODUCT(B34:I34,$B$11:$I$11) -> 21
A35: 10:15-10:30 | B35: 0 | C35: 0 | D35: 16 | E35: 0 | F35: 0 | G35: 0 | H35: 0 | I35: 0 | J35: =SUMPRODUCT(B35:I35,$B$11:$I$11) -> 16 | K35: =J35+J34 -> 37
A36: 10:30-10:45 | B36: 0 | C36: 0 | D36: 15 | E36: 1 | F36: 0 | G36: 0 | H36: 0 | I36: 0 | J36: =SUMPRODUCT(B36:I36,$B$11:$I$11) -> 17
A37: 10:45-11:00 | B37: 0 | C37: 0 | D37: 10 | E37: 0 | F37: 0 | G37: 0 | H37: 0 | I37: 0 | J37: =SUMPRODUCT(B37:I37,$B$11:$I$11) -> 10 | K37: =J37+J36 -> 27 | L37: =SUM(J34:J37) -> 64 | M37: =SUM(C34:I37) -> 62
A38: 11:00-11:15 | B38: 0 | C38: 0 | D38: 16 | E38: 0 | F38: 0 | G38: 0 | H38: 0 | I38: 0 | J38: =SUMPRODUCT(B38:I38,$B$11:$I$11) -> 16
A39: 11:15-11:30 | B39: 0 | C39: 0 | D39: 13 | E39: 0 | F39: 0 | G39: 0 | H39: 0 | I39: 0 | J39: =SUMPRODUCT(B39:I39,$B$11:$I$11) -> 13 | K39: =J39+J38 -> 29
A40: 11:30-11:45 | B40: 0 | C40: 0 | D40: 15 | E40: 0 | F40: 0 | G40: 1 | H40: 0 | I40: 0 | J40: =SUMPRODUCT(B40:I40,$B$11:$I$11) -> 17
A41: 11:45-12:00 | B41: 0 | C41: 0 | D41: 14 | E41: 0 | F41: 0 | G41: 0 | H41: 0 | I41: 0 | J41: =SUMPRODUCT(B41:I41,$B$11:$I$11) -> 14 | K41: =J41+J40 -> 31 | L41: =SUM(J38:J41) -> 60 | M41: =SUM(C38:I41) -> 59
A42: 12:00-12:15 | B42: 0 | C42: 0 | D42: 13 | E42: 0 | F42: 0 | G42: 0 | H42: 0 | I42: 0 | J42: =SUMPRODUCT(B42:I42,$B$11:$I$11) -> 13
A43: 12:15-12:30 | B43: 0 | C43: 0 | D43: 16 | E43: 0 | F43: 0 | G43: 0 | H43: 0 | I43: 0 | J43: =SUMPRODUCT(B43:I43,$B$11:$I$11) -> 16 | K43: =J43+J42 -> 29
A44: 12:30-12:45 | B44: 0 | C44: 0 | D44: 11 | E44: 0 | F44: 0 | G44: 0 | H44: 0 | I44: 0 | J44: =SUMPRODUCT(B44:I44,$B$11:$I$11) -> 11
A45: 12:45-13:00 | B45: 0 | C45: 0 | D45: 22 | E45: 0 | F45: 0 | G45: 0 | H45: 0 | I45: 0 | J45: =SUMPRODUCT(B45:I45,$B$11:$I$11) -> 22 | K45: =J45+J44 -> 33 | L45: =SUM(J42:J45) -> 62 | M45: =SUM(C42:I45) -> 62
A46: 13:00-13:15 | B46: 0 | C46: 0 | D46: 20 | E46: 0 | F46: 0 | G46: 0 | H46: 0 | I46: 0 | J46: =SUMPRODUCT(B46:I46,$B$11:$I$11) -> 20
A47: 13:15-13:30 | B47: 0 | C47: 0 | D47: 20 | E47: 0 | F47: 0 | G47: 1 | H47: 0 | I47: 0 | J47: =SUMPRODUCT(B47:I47,$B$11:$I$11) -> 22 | K47: =J47+J46 -> 42
A48: 13:30-13:45 | B48: 0 | C48: 0 | D48: 18 | E48: 0 | F48: 0 | G48: 0 | H48: 0 | I48: 0 | J48: =SUMPRODUCT(B48:I48,$B$11:$I$11) -> 18
A49: 13:45-14:00 | B49: 0 | C49: 0 | D49: 21 | E49: 0 | F49: 0 | G49: 0 | H49: 0 | I49: 0 | J49: =SUMPRODUCT(B49:I49,$B$11:$I$11) -> 21 | K49: =J49+J48 -> 39 | L49: =SUM(J46:J49) -> 81 | M49: =SUM(C46:I49) -> 80
A50: 14:00-14:15 | B50: 0 | C50: 0 | D50: 17 | E50: 0 | F50: 0 | G50: 0 | H50: 0 | I50: 0 | J50: =SUMPRODUCT(B50:I50,$B$11:$I$11) -> 17
A51: 14:15-14:30 | B51: 0 | C51: 0 | D51: 19 | E51: 0 | F51: 0 | G51: 1 | H51: 0 | I51: 0 | J51: =SUMPRODUCT(B51:I51,$B$11:$I$11) -> 21 | K51: =J51+J50 -> 38
A52: 14:30-14:45 | B52: 0 | C52: 0 | D52: 16 | E52: 0 | F52: 0 | G52: 1 | H52: 0 | I52: 0 | J52: =SUMPRODUCT(B52:I52,$B$11:$I$11) -> 18
A53: 14:45-15:00 | B53: 0 | C53: 0 | D53: 16 | E53: 0 | F53: 0 | G53: 0 | H53: 0 | I53: 0 | J53: =SUMPRODUCT(B53:I53,$B$11:$I$11) -> 16 | K53: =J53+J52 -> 34 | L53: =SUM(J50:J53) -> 72 | M53: =SUM(C50:I53) -> 70
A54: 15:00-15:15 | B54: 0 | C54: 0 | D54: 20 | E54: 0 | F54: 0 | G54: 0 | H54: 0 | I54: 0 | J54: =SUMPRODUCT(B54:I54,$B$11:$I$11) -> 20
A55: 15:15-15:30 | B55: 0 | C55: 0 | D55: 22 | E55: 0 | F55: 0 | G55: 0 | H55: 0 | I55: 0 | J55: =SUMPRODUCT(B55:I55,$B$11:$I$11) -> 22 | K55: =J55+J54 -> 42
A56: 15:30-15:45 | B56: 0 | C56: 0 | D56: 22 | E56: 0 | F56: 0 | G56: 1 | H56: 0 | I56: 0 | J56: =SUMPRODUCT(B56:I56,$B$11:$I$11) -> 24
A57: 15:45-16:00 | B57: 0 | C57: 0 | D57: 35 | E57: 0 | F57: 0 | G57: 0 | H57: 0 | I57: 0 | J57: =SUMPRODUCT(B57:I57,$B$11:$I$11) -> 35 | K57: =J57+J56 -> 59 | L57: =SUM(J54:J57) -> 101 | M57: =SUM(C54:I57) -> 100
A58: 16:00-16:15 | B58: 0 | C58: 0 | D58: 27 | E58: 0 | F58: 0 | G58: 0 | H58: 0 | I58: 0 | J58: =SUMPRODUCT(B58:I58,$B$11:$I$11) -> 27
A59: 16:15-16:30 | B59: 0 | C59: 0 | D59: 20 | E59: 0 | F59: 0 | G59: 0 | H59: 0 | I59: 0 | J59: =SUMPRODUCT(B59:I59,$B$11:$I$11) -> 20 | K59: =J59+J58 -> 47
A60: 16:30-16:45 | B60: 0 | C60: 0 | D60: 35 | E60: 0 | F60: 0 | G60: 0 | H60: 0 | I60: 0 | J60: =SUMPRODUCT(B60:I60,$B$11:$I$11) -> 35
A61: 16:45-17:00 | B61: 0 | C61: 1 | D61: 19 | E61: 0 | F61: 0 | G61: 0 | H61: 0 | I61: 0 | J61: =SUMPRODUCT(B61:I61,$B$11:$I$11) -> 19.5 | K61: =J61+J60 -> 54.5 | L61: =SUM(J58:J61) -> 101.5 | M61: =SUM(C58:I61) -> 102
A62: 17:00-17:15 | B62: 0 | C62: 0 | D62: 26 | E62: 0 | F62: 0 | G62: 0 | H62: 0 | I62: 0 | J62: =SUMPRODUCT(B62:I62,$B$11:$I$11) -> 26
A63: 17:15-17:30 | B63: 0 | C63: 0 | D63: 28 | E63: 1 | F63: 0 | G63: 0 | H63: 0 | I63: 0 | J63: =SUMPRODUCT(B63:I63,$B$11:$I$11) -> 30 | K63: =J63+J62 -> 56
A64: 17:30-17:45 | B64: 0 | C64: 0 | D64: 29 | E64: 0 | F64: 0 | G64: 0 | H64: 0 | I64: 0 | J64: =SUMPRODUCT(B64:I64,$B$11:$I$11) -> 29
A65: 17:45-18:00 | B65: 0 | C65: 0 | D65: 30 | E65: 0 | F65: 0 | G65: 0 | H65: 0 | I65: 0 | J65: =SUMPRODUCT(B65:I65,$B$11:$I$11) -> 30 | K65: =J65+J64 -> 59 | L65: =SUM(J62:J65) -> 115 | M65: =SUM(C62:I65) -> 114
A66: 18:00-18:15 | B66: 0 | C66: 0 | D66: 18 | E66: 0 | F66: 0 | G66: 0 | H66: 0 | I66: 0 | J66: =SUMPRODUCT(B66:I66,$B$11:$I$11) -> 18
A67: 18:15-18:30 | B67: 0 | C67: 0 | D67: 17 | E67: 0 | F67: 0 | G67: 0 | H67: 0 | I67: 0 | J67: =SUMPRODUCT(B67:I67,$B$11:$I$11) -> 17 | K67: =J67+J66 -> 35
A68: 18:30-18:45 | B68: 0 | C68: 0 | D68: 21 | E68: 0 | F68: 0 | G68: 0 | H68: 0 | I68: 0 | J68: =SUMPRODUCT(B68:I68,$B$11:$I$11) -> 21
A69: 18:45-19:00 | B69: 0 | C69: 0 | D69: 13 | E69: 0 | F69: 0 | G69: 0 | H69: 0 | I69: 0 | J69: =SUMPRODUCT(B69:I69,$B$11:$I$11) -> 13 | K69: =J69+J68 -> 34 | L69: =SUM(J66:J69) -> 69 | M69: =SUM(C66:I69) -> 69
A70: 19:00-19:15 | J70: =SUMPRODUCT(B70:I70,$B$11:$I$11) -> 0
A71: 19:15-19:30 | J71: =SUMPRODUCT(B71:I71,$B$11:$I$11) -> 0 | K71: =J71+J70 -> 0
A72: 19:30-19:45 | J72: =SUMPRODUCT(B72:I72,$B$11:$I$11) -> 0
A73: 19:45-20:00 | J73: =SUMPRODUCT(B73:I73,$B$11:$I$11) -> 0 | K73: =J73+J72 -> 0 | L73: =SUM(J70:J73) -> 0 | M73: =SUM(C70:I73) -> 0
A74: 20:00-20:15 | J74: =SUMPRODUCT(B74:I74,$B$11:$I$11) -> 0
A75: 20:15-20:30 | J75: =SUMPRODUCT(B75:I75,$B$11:$I$11) -> 0 | K75: =J75+J74 -> 0
A76: 20:30-20:45 | J76: =SUMPRODUCT(B76:I76,$B$11:$I$11) -> 0
A77: 20:45-21:00 | J77: =SUMPRODUCT(B77:I77,$B$11:$I$11) -> 0 | K77: =J77+J76 -> 0 | L77: =SUM(J74:J77) -> 0 | M77: =SUM(C74:I77) -> 0
A78: 21:00-21:15 | J78: =SUMPRODUCT(B78:I78,$B$11:$I$11) -> 0
A79: 21:15-21:30 | J79: =SUMPRODUCT(B79:I79,$B$11:$I$11) -> 0 | K79: =J79+J78 -> 0
A80: 21:30-21:45 | J80: =SUMPRODUCT(B80:I80,$B$11:$I$11) -> 0
A81: 21:45-22:00 | J81: =SUMPRODUCT(B81:I81,$B$11:$I$11) -> 0 | K81: =J81+J80 -> 0 | L81: =SUM(J78:J81) -> 0 | M81: =SUM(C78:I81) -> 0
A82: SUMME : | B82: =SUM(B$14:B81) -> 0 | C82: =SUM(C$14:C81) -> 1 | D82: =SUM(D$14:D81) -> 851 | E82: =SUM(E$14:E81) -> 4 | F82: =SUM(F$14:F81) -> 0 | G82: =SUM(G$14:G81) -> 11 | H82: =SUM(H$14:H81) -> 1 | I82: =SUM(I$14:I81) -> 0 | J82: =SUM(B82:I82) -> 868

Sheet R4
A3: ICRA Schwap e.U.
A4: VERKEHRSZÄHLUNG - PKW-Einheiten
A5: Datum : | J5: Lfd. Nummer : | K5: 0
A6: =Deckbl.!I11 -> 45944 | J6: Wetter : | K6: =Deckbl.!I12 -> 9-14 ° sonnig
B7: Verkehrszählung : | C7: =Deckbl.!C8 -> B122 / Badhaller Straße / Holznerweg (Bad Hall)
B8: Zählstelle : | I8: Sachbearbeiter : | J8: ICRA / Schwap
B9: Richtung : | C9: R4 | I9: Uhrzeit : | J9: =Deckbl.!C11 -> 7-19 Uhr
B10: Bemerkung :
A11: Faktoren | B11: 0.3 | C11: 0.5 | D11: 1 | E11: 2 | F11: 2 | G11: 2 | H11: 3 | I11: 2
C12: einsp. | D12: PKW | E12: Linien- | F12: Reise- | G12: LKW | H12: LKW + | I12: Traktor | J12: PKW-E | K12: PKW-E | L12: PKW-E | M12: KFZ
A13: Zeit | B13: Rad | C13: KFZ | D13: Kombi | E13: bus | F13: bus | H13: Anh. | I13: Sonst. | J13: / 15 min | K13: / 30 min | L13: / 1 Std. | M13: / 1 Std.
A14: 5:00-5:15 | J14: =SUMPRODUCT(B14:I14,$B$11:$I$11) -> 0
A15: 5:15-5:30 | J15: =SUMPRODUCT(B15:I15,$B$11:$I$11) -> 0 | K15: =J15+J14 -> 0
A16: 5:30-5:45 | J16: =SUMPRODUCT(B16:I16,$B$11:$I$11) -> 0
A17: 5:45-6:00 | J17: =SUMPRODUCT(B17:I17,$B$11:$I$11) -> 0 | K17: =J17+J16 -> 0 | L17: =SUM(J14:J17) -> 0 | M17: =SUM(C14:I17) -> 0
A18: 6:00-6:15 | J18: =SUMPRODUCT(B18:I18,$B$11:$I$11) -> 0
A19: 6:15-6:30 | J19: =SUMPRODUCT(B19:I19,$B$11:$I$11) -> 0 | K19: =J19+J18 -> 0
A20: 6:30-6:45 | J20: =SUMPRODUCT(B20:I20,$B$11:$I$11) -> 0
A21: 6:45-7:00 | J21: =SUMPRODUCT(B21:I21,$B$11:$I$11) -> 0 | K21: =J21+J20 -> 0 | L21: =SUM(J18:J21) -> 0 | M21: =SUM(C18:I21) -> 0
A22: 7:00-7:15 | B22: 0 | C22: 0 | D22: 11 | E22: 1 | F22: 0 | G22: 0 | H22: 0 | I22: 0 | J22: =SUMPRODUCT(B22:I22,$B$11:$I$11) -> 13
A23: 7:15-7:30 | B23: 0 | C23: 0 | D23: 16 | E23: 0 | F23: 0 | G23: 0 | H23: 1 | I23: 0 | J23: =SUMPRODUCT(B23:I23,$B$11:$I$11) -> 19 | K23: =J23+J22 -> 32
A24: 7:30-7:45 | B24: 0 | C24: 1 | D24: 14 | E24: 0 | F24: 0 | G24: 1 | H24: 0 | I24: 0 | J24: =SUMPRODUCT(B24:I24,$B$11:$I$11) -> 16.5
A25: 7:45-8:00 | B25: 0 | C25: 0 | D25: 13 | E25: 0 | F25: 0 | G25: 0 | H25: 0 | I25: 0 | J25: =SUMPRODUCT(B25:I25,$B$11:$I$11) -> 13 | K25: =J25+J24 -> 29.5 | L25: =SUM(J22:J25) -> 61.5 | M25: =SUM(C22:I25) -> 58
A26: 8:00-8:15 | B26: 0 | C26: 0 | D26: 5 | E26: 0 | F26: 0 | G26: 0 | H26: 0 | I26: 0 | J26: =SUMPRODUCT(B26:I26,$B$11:$I$11) -> 5
A27: 8:15-8:30 | B27: 0 | C27: 0 | D27: 12 | E27: 0 | F27: 0 | G27: 0 | H27: 0 | I27: 0 | J27: =SUMPRODUCT(B27:I27,$B$11:$I$11) -> 12 | K27: =J27+J26 -> 17
A28: 8:30-8:45 | B28: 0 | C28: 0 | D28: 8 | E28: 0 | F28: 0 | G28: 0 | H28: 1 | I28: 0 | J28: =SUMPRODUCT(B28:I28,$B$11:$I$11) -> 11
A29: 8:45-9:00 | B29: 0 | C29: 0 | D29: 15 | E29: 0 | F29: 0 | G29: 1 | H29: 0 | I29: 0 | J29: =SUMPRODUCT(B29:I29,$B$11:$I$11) -> 17 | K29: =J29+J28 -> 28 | L29: =SUM(J26:J29) -> 45 | M29: =SUM(C26:I29) -> 42
A30: 9:00-9:15 | B30: 0 | C30: 0 | D30: 12 | E30: 0 | F30: 0 | G30: 0 | H30: 0 | I30: 0 | J30: =SUMPRODUCT(B30:I30,$B$11:$I$11) -> 12
A31: 9:15-9:30 | B31: 0 | C31: 0 | D31: 21 | E31: 0 | F31: 0 | G31: 0 | H31: 1 | I31: 0 | J31: =SUMPRODUCT(B31:I31,$B$11:$I$11) -> 24 | K31: =J31+J30 -> 36
A32: 9:30-9:45 | B32: 0 | C32: 0 | D32: 19 | E32: 0 | F32: 0 | G32: 0 | H32: 0 | I32: 0 | J32: =SUMPRODUCT(B32:I32,$B$11:$I$11) -> 19
A33: 9:45-10:00 | B33: 0 | C33: 0 | D33: 22 | E33: 0 | F33: 0 | G33: 0 | H33: 0 | I33: 0 | J33: =SUMPRODUCT(B33:I33,$B$11:$I$11) -> 22 | K33: =J33+J32 -> 41 | L33: =SUM(J30:J33) -> 77 | M33: =SUM(C30:I33) -> 75
A34: 10:00-10:15 | B34: 0 | C34: 0 | D34: 13 | E34: 0 | F34: 0 | G34: 1 | H34: 0 | I34: 0 | J34: =SUMPRODUCT(B34:I34,$B$11:$I$11) -> 15
A35: 10:15-10:30 | B35: 0 | C35: 0 | D35: 14 | E35: 0 | F35: 0 | G35: 0 | H35: 0 | I35: 0 | J35: =SUMPRODUCT(B35:I35,$B$11:$I$11) -> 14 | K35: =J35+J34 -> 29
A36: 10:30-10:45 | B36: 0 | C36: 0 | D36: 20 | E36: 0 | F36: 0 | G36: 1 | H36: 0 | I36: 0 | J36: =SUMPRODUCT(B36:I36,$B$11:$I$11) -> 22
A37: 10:45-11:00 | B37: 0 | C37: 0 | D37: 21 | E37: 0 | F37: 0 | G37: 1 | H37: 0 | I37: 0 | J37: =SUMPRODUCT(B37:I37,$B$11:$I$11) -> 23 | K37: =J37+J36 -> 45 | L37: =SUM(J34:J37) -> 74 | M37: =SUM(C34:I37) -> 71
A38: 11:00-11:15 | B38: 0 | C38: 0 | D38: 10 | E38: 0 | F38: 0 | G38: 0 | H38: 0 | I38: 0 | J38: =SUMPRODUCT(B38:I38,$B$11:$I$11) -> 10
A39: 11:15-11:30 | B39: 0 | C39: 0 | D39: 12 | E39: 0 | F39: 0 | G39: 1 | H39: 0 | I39: 0 | J39: =SUMPRODUCT(B39:I39,$B$11:$I$11) -> 14 | K39: =J39+J38 -> 24
A40: 11:30-11:45 | B40: 0 | C40: 0 | D40: 11 | E40: 0 | F40: 0 | G40: 0 | H40: 0 | I40: 0 | J40: =SUMPRODUCT(B40:I40,$B$11:$I$11) -> 11
A41: 11:45-12:00 | B41: 0 | C41: 0 | D41: 12 | E41: 0 | F41: 0 | G41: 0 | H41: 0 | I41: 0 | J41: =SUMPRODUCT(B41:I41,$B$11:$I$11) -> 12 | K41: =J41+J40 -> 23 | L41: =SUM(J38:J41) -> 47 | M41: =SUM(C38:I41) -> 46
A42: 12:00-12:15 | B42: 0 | C42: 0 | D42: 18 | E42: 1 | F42: 0 | G42: 1 | H42: 0 | I42: 0 | J42: =SUMPRODUCT(B42:I42,$B$11:$I$11) -> 22
A43: 12:15-12:30 | B43: 0 | C43: 0 | D43: 22 | E43: 0 | F43: 0 | G43: 0 | H43: 0 | I43: 0 | J43: =SUMPRODUCT(B43:I43,$B$11:$I$11) -> 22 | K43: =J43+J42 -> 44
A44: 12:30-12:45 | B44: 0 | C44: 0 | D44: 15 | E44: 0 | F44: 0 | G44: 0 | H44: 0 | I44: 0 | J44: =SUMPRODUCT(B44:I44,$B$11:$I$11) -> 15
A45: 12:45-13:00 | B45: 0 | C45: 0 | D45: 12 | E45: 0 | F45: 0 | G45: 0 | H45: 0 | I45: 0 | J45: =SUMPRODUCT(B45:I45,$B$11:$I$11) -> 12 | K45: =J45+J44 -> 27 | L45: =SUM(J42:J45) -> 71 | M45: =SUM(C42:I45) -> 69
A46: 13:00-13:15 | B46: 0 | C46: 0 | D46: 16 | E46: 0 | F46: 0 | G46: 0 | H46: 0 | I46: 0 | J46: =SUMPRODUCT(B46:I46,$B$11:$I$11) -> 16
A47: 13:15-13:30 | B47: 0 | C47: 0 | D47: 18 | E47: 0 | F47: 0 | G47: 1 | H47: 0 | I47: 0 | J47: =SUMPRODUCT(B47:I47,$B$11:$I$11) -> 20 | K47: =J47+J46 -> 36
A48: 13:30-13:45 | B48: 0 | C48: 0 | D48: 15 | E48: 0 | F48: 0 | G48: 1 | H48: 0 | I48: 0 | J48: =SUMPRODUCT(B48:I48,$B$11:$I$11) -> 17
A49: 13:45-14:00 | B49: 0 | C49: 0 | D49: 13 | E49: 0 | F49: 0 | G49: 1 | H49: 0 | I49: 0 | J49: =SUMPRODUCT(B49:I49,$B$11:$I$11) -> 15 | K49: =J49+J48 -> 32 | L49: =SUM(J46:J49) -> 68 | M49: =SUM(C46:I49) -> 65
A50: 14:00-14:15 | B50: 0 | C50: 0 | D50: 11 | E50: 0 | F50: 0 | G50: 0 | H50: 0 | I50: 0 | J50: =SUMPRODUCT(B50:I50,$B$11:$I$11) -> 11
A51: 14:15-14:30 | B51: 0 | C51: 0 | D51: 27 | E51: 0 | F51: 0 | G51: 0 | H51: 0 | I51: 0 | J51: =SUMPRODUCT(B51:I51,$B$11:$I$11) -> 27 | K51: =J51+J50 -> 38
A52: 14:30-14:45 | B52: 0 | C52: 0 | D52: 18 | E52: 0 | F52: 0 | G52: 0 | H52: 0 | I52: 0 | J52: =SUMPRODUCT(B52:I52,$B$11:$I$11) -> 18
A53: 14:45-15:00 | B53: 1 | C53: 0 | D53: 21 | E53: 0 | F53: 0 | G53: 1 | H53: 0 | I53: 0 | J53: =SUMPRODUCT(B53:I53,$B$11:$I$11) -> 23.3 | K53: =J53+J52 -> 41.3 | L53: =SUM(J50:J53) -> 79.3 | M53: =SUM(C50:I53) -> 78
A54: 15:00-15:15 | B54: 0 | C54: 0 | D54: 23 | E54: 0 | F54: 0 | G54: 0 | H54: 0 | I54: 0 | J54: =SUMPRODUCT(B54:I54,$B$11:$I$11) -> 23
A55: 15:15-15:30 | B55: 0 | C55: 0 | D55: 14 | E55: 0 | F55: 0 | G55: 0 | H55: 0 | I55: 0 | J55: =SUMPRODUCT(B55:I55,$B$11:$I$11) -> 14 | K55: =J55+J54 -> 37
A56: 15:30-15:45 | B56: 0 | C56: 0 | D56: 20 | E56: 0 | F56: 0 | G56: 0 | H56: 0 | I56: 0 | J56: =SUMPRODUCT(B56:I56,$B$11:$I$11) -> 20
A57: 15:45-16:00 | B57: 2 | C57: 0 | D57: 21 | E57: 0 | F57: 0 | G57: 0 | H57: 0 | I57: 0 | J57: =SUMPRODUCT(B57:I57,$B$11:$I$11) -> 21.6 | K57: =J57+J56 -> 41.6 | L57: =SUM(J54:J57) -> 78.6 | M57: =SUM(C54:I57) -> 78
A58: 16:00-16:15 | B58: 0 | C58: 0 | D58: 20 | E58: 0 | F58: 0 | G58: 0 | H58: 0 | I58: 0 | J58: =SUMPRODUCT(B58:I58,$B$11:$I$11) -> 20
A59: 16:15-16:30 | B59: 0 | C59: 0 | D59: 23 | E59: 0 | F59: 0 | G59: 1 | H59: 0 | I59: 0 | J59: =SUMPRODUCT(B59:I59,$B$11:$I$11) -> 25 | K59: =J59+J58 -> 45
A60: 16:30-16:45 | B60: 0 | C60: 0 | D60: 20 | E60: 0 | F60: 0 | G60: 0 | H60: 0 | I60: 0 | J60: =SUMPRODUCT(B60:I60,$B$11:$I$11) -> 20
A61: 16:45-17:00 | B61: 0 | C61: 0 | D61: 21 | E61: 0 | F61: 0 | G61: 0 | H61: 0 | I61: 0 | J61: =SUMPRODUCT(B61:I61,$B$11:$I$11) -> 21 | K61: =J61+J60 -> 41 | L61: =SUM(J58:J61) -> 86 | M61: =SUM(C58:I61) -> 85
A62: 17:00-17:15 | B62: 0 | C62: 0 | D62: 17 | E62: 0 | F62: 0 | G62: 0 | H62: 0 | I62: 0 | J62: =SUMPRODUCT(B62:I62,$B$11:$I$11) -> 17
A63: 17:15-17:30 | B63: 0 | C63: 0 | D63: 20 | E63: 0 | F63: 0 | G63: 0 | H63: 0 | I63: 0 | J63: =SUMPRODUCT(B63:I63,$B$11:$I$11) -> 20 | K63: =J63+J62 -> 37
A64: 17:30-17:45 | B64: 0 | C64: 0 | D64: 22 | E64: 0 | F64: 0 | G64: 0 | H64: 0 | I64: 0 | J64: =SUMPRODUCT(B64:I64,$B$11:$I$11) -> 22
A65: 17:45-18:00 | B65: 0 | C65: 0 | D65: 21 | E65: 0 | F65: 0 | G65: 0 | H65: 0 | I65: 0 | J65: =SUMPRODUCT(B65:I65,$B$11:$I$11) -> 21 | K65: =J65+J64 -> 43 | L65: =SUM(J62:J65) -> 80 | M65: =SUM(C62:I65) -> 80
A66: 18:00-18:15 | B66: 0 | C66: 0 | D66: 20 | E66: 0 | F66: 0 | G66: 0 | H66: 0 | I66: 0 | J66: =SUMPRODUCT(B66:I66,$B$11:$I$11) -> 20
A67: 18:15-18:30 | B67: 0 | C67: 0 | D67: 19 | E67: 0 | F67: 0 | G67: 0 | H67: 0 | I67: 0 | J67: =SUMPRODUCT(B67:I67,$B$11:$I$11) -> 19 | K67: =J67+J66 -> 39
A68: 18:30-18:45 | B68: 0 | C68: 0 | D68: 17 | E68: 0 | F68: 0 | G68: 0 | H68: 0 | I68: 0 | J68: =SUMPRODUCT(B68:I68,$B$11:$I$11) -> 17
A69: 18:45-19:00 | B69: 0 | C69: 0 | D69: 23 | E69: 0 | F69: 0 | G69: 0 | H69: 0 | I69: 0 | J69: =SUMPRODUCT(B69:I69,$B$11:$I$11) -> 23 | K69: =J69+J68 -> 40 | L69: =SUM(J66:J69) -> 79 | M69: =SUM(C66:I69) -> 79
A70: 19:00-19:15 | J70: =SUMPRODUCT(B70:I70,$B$11:$I$11) -> 0
A71: 19:15-19:30 | J71: =SUMPRODUCT(B71:I71,$B$11:$I$11) -> 0 | K71: =J71+J70 -> 0
A72: 19:30-19:45 | J72: =SUMPRODUCT(B72:I72,$B$11:$I$11) -> 0
A73: 19:45-20:00 | J73: =SUMPRODUCT(B73:I73,$B$11:$I$11) -> 0 | K73: =J73+J72 -> 0 | L73: =SUM(J70:J73) -> 0 | M73: =SUM(C70:I73) -> 0
A74: 20:00-20:15 | J74: =SUMPRODUCT(B74:I74,$B$11:$I$11) -> 0
A75: 20:15-20:30 | J75: =SUMPRODUCT(B75:I75,$B$11:$I$11) -> 0 | K75: =J75+J74 -> 0
A76: 20:30-20:45 | J76: =SUMPRODUCT(B76:I76,$B$11:$I$11) -> 0
A77: 20:45-21:00 | J77: =SUMPRODUCT(B77:I77,$B$11:$I$11) -> 0 | K77: =J77+J76 -> 0 | L77: =SUM(J74:J77) -> 0 | M77: =SUM(C74:I77) -> 0
A78: 21:00-21:15 | J78: =SUMPRODUCT(B78:I78,$B$11:$I$11) -> 0
A79: 21:15-21:30 | J79: =SUMPRODUCT(B79:I79,$B$11:$I$11) -> 0 | K79: =J79+J78 -> 0
A80: 21:30-21:45 | J80: =SUMPRODUCT(B80:I80,$B$11:$I$11) -> 0
A81: 21:45-22:00 | J81: =SUMPRODUCT(B81:I81,$B$11:$I$11) -> 0 | K81: =J81+J80 -> 0 | L81: =SUM(J78:J81) -> 0 | M81: =SUM(C78:I81) -> 0
A82: SUMME : | B82: =SUM(B$14:B81) -> 3 | C82: =SUM(C$14:C81) -> 1 | D82: =SUM(D$14:D81) -> 808 | E82: =SUM(E$14:E81) -> 2 | F82: =SUM(F$14:F81) -> 0 | G82: =SUM(G$14:G81) -> 12 | H82: =SUM(H$14:H81) -> 3 | I82: =SUM(I$14:I81) -> 0 | J82: =SUM(B82:I82) -> 829

Sheet R5
A3: ICRA Schwap e.U.
A4: VERKEHRSZÄHLUNG - PKW-Einheiten
A5: Datum : | J5: Lfd. Nummer : | K5: 0
A6: =Deckbl.!I11 -> 45944 | J6: Wetter : | K6: =Deckbl.!I12 -> 9-14 ° sonnig
B7: Verkehrszählung : | C7: =Deckbl.!C8 -> B122 / Badhaller Straße / Holznerweg (Bad Hall)
B8: Zählstelle : | I8: Sachbearbeiter : | J8: ICRA / Schwap
B9: Richtung : | C9: R5 | I9: Uhrzeit : | J9: =Deckbl.!C11 -> 7-19 Uhr
B10: Bemerkung :
A11: Faktoren | B11: 0.3 | C11: 0.5 | D11: 1 | E11: 2 | F11: 2 | G11: 2 | H11: 3 | I11: 2
C12: einsp. | D12: PKW | E12: Linien- | F12: Reise- | G12: LKW | H12: LKW + | I12: Traktor | J12: PKW-E | K12: PKW-E | L12: PKW-E | M12: KFZ
A13: Zeit | B13: Rad | C13: KFZ | D13: Kombi | E13: bus | F13: bus | H13: Anh. | I13: Sonst. | J13: / 15 min | K13: / 30 min | L13: / 1 Std. | M13: / 1 Std.
A14: 5:00-5:15 | J14: =SUMPRODUCT(B14:I14,$B$11:$I$11) -> 0
A15: 5:15-5:30 | J15: =SUMPRODUCT(B15:I15,$B$11:$I$11) -> 0 | K15: =J15+J14 -> 0
A16: 5:30-5:45 | J16: =SUMPRODUCT(B16:I16,$B$11:$I$11) -> 0
A17: 5:45-6:00 | J17: =SUMPRODUCT(B17:I17,$B$11:$I$11) -> 0 | K17: =J17+J16 -> 0 | L17: =SUM(J14:J17) -> 0 | M17: =SUM(C14:I17) -> 0
A18: 6:00-6:15 | J18: =SUMPRODUCT(B18:I18,$B$11:$I$11) -> 0
A19: 6:15-6:30 | J19: =SUMPRODUCT(B19:I19,$B$11:$I$11) -> 0 | K19: =J19+J18 -> 0
A20: 6:30-6:45 | J20: =SUMPRODUCT(B20:I20,$B$11:$I$11) -> 0
A21: 6:45-7:00 | J21: =SUMPRODUCT(B21:I21,$B$11:$I$11) -> 0 | K21: =J21+J20 -> 0 | L21: =SUM(J18:J21) -> 0 | M21: =SUM(C18:I21) -> 0
A22: 7:00-7:15 | B22: 0 | C22: 0 | D22: 11 | E22: 0 | F22: 0 | G22: 0 | H22: 0 | I22: 0 | J22: =SUMPRODUCT(B22:I22,$B$11:$I$11) -> 11
A23: 7:15-7:30 | B23: 2 | C23: 0 | D23: 8 | E23: 0 | F23: 0 | G23: 1 | H23: 0 | I23: 0 | J23: =SUMPRODUCT(B23:I23,$B$11:$I$11) -> 10.6 | K23: =J23+J22 -> 21.6
A24: 7:30-7:45 | B24: 0 | C24: 0 | D24: 14 | E24: 0 | F24: 0 | G24: 0 | H24: 0 | I24: 0 | J24: =SUMPRODUCT(B24:I24,$B$11:$I$11) -> 14
A25: 7:45-8:00 | B25: 0 | C25: 0 | D25: 11 | E25: 0 | F25: 0 | G25: 0 | H25: 0 | I25: 0 | J25: =SUMPRODUCT(B25:I25,$B$11:$I$11) -> 11 | K25: =J25+J24 -> 25 | L25: =SUM(J22:J25) -> 46.6 | M25: =SUM(C22:I25) -> 45
A26: 8:00-8:15 | B26: 0 | C26: 0 | D26: 6 | E26: 0 | F26: 0 | G26: 0 | H26: 0 | I26: 0 | J26: =SUMPRODUCT(B26:I26,$B$11:$I$11) -> 6
A27: 8:15-8:30 | B27: 1 | C27: 0 | D27: 8 | E27: 0 | F27: 0 | G27: 0 | H27: 0 | I27: 0 | J27: =SUMPRODUCT(B27:I27,$B$11:$I$11) -> 8.3 | K27: =J27+J26 -> 14.3
A28: 8:30-8:45 | B28: 0 | C28: 0 | D28: 11 | E28: 0 | F28: 0 | G28: 0 | H28: 0 | I28: 0 | J28: =SUMPRODUCT(B28:I28,$B$11:$I$11) -> 11
A29: 8:45-9:00 | B29: 0 | C29: 0 | D29: 17 | E29: 0 | F29: 0 | G29: 0 | H29: 0 | I29: 0 | J29: =SUMPRODUCT(B29:I29,$B$11:$I$11) -> 17 | K29: =J29+J28 -> 28 | L29: =SUM(J26:J29) -> 42.3 | M29: =SUM(C26:I29) -> 42
A30: 9:00-9:15 | B30: 0 | C30: 0 | D30: 6 | E30: 0 | F30: 0 | G30: 0 | H30: 0 | I30: 0 | J30: =SUMPRODUCT(B30:I30,$B$11:$I$11) -> 6
A31: 9:15-9:30 | B31: 0 | C31: 0 | D31: 8 | E31: 0 | F31: 0 | G31: 0 | H31: 0 | I31: 0 | J31: =SUMPRODUCT(B31:I31,$B$11:$I$11) -> 8 | K31: =J31+J30 -> 14
A32: 9:30-9:45 | B32: 1 | C32: 0 | D32: 4 | E32: 0 | F32: 0 | G32: 0 | H32: 0 | I32: 0 | J32: =SUMPRODUCT(B32:I32,$B$11:$I$11) -> 4.3
A33: 9:45-10:00 | B33: 0 | C33: 0 | D33: 16 | E33: 0 | F33: 0 | G33: 0 | H33: 0 | I33: 0 | J33: =SUMPRODUCT(B33:I33,$B$11:$I$11) -> 16 | K33: =J33+J32 -> 20.3 | L33: =SUM(J30:J33) -> 34.3 | M33: =SUM(C30:I33) -> 34
A34: 10:00-10:15 | B34: 0 | C34: 0 | D34: 8 | E34: 0 | F34: 0 | G34: 0 | H34: 0 | I34: 0 | J34: =SUMPRODUCT(B34:I34,$B$11:$I$11) -> 8
A35: 10:15-10:30 | B35: 0 | C35: 0 | D35: 13 | E35: 0 | F35: 0 | G35: 0 | H35: 0 | I35: 0 | J35: =SUMPRODUCT(B35:I35,$B$11:$I$11) -> 13 | K35: =J35+J34 -> 21
A36: 10:30-10:45 | B36: 0 | C36: 0 | D36: 16 | E36: 0 | F36: 0 | G36: 0 | H36: 0 | I36: 0 | J36: =SUMPRODUCT(B36:I36,$B$11:$I$11) -> 16
A37: 10:45-11:00 | B37: 1 | C37: 0 | D37: 17 | E37: 0 | F37: 0 | G37: 0 | H37: 0 | I37: 0 | J37: =SUMPRODUCT(B37:I37,$B$11:$I$11) -> 17.3 | K37: =J37+J36 -> 33.3 | L37: =SUM(J34:J37) -> 54.3 | M37: =SUM(C34:I37) -> 54
A38: 11:00-11:15 | B38: 2 | C38: 0 | D38: 19 | E38: 0 | F38: 0 | G38: 0 | H38: 0 | I38: 0 | J38: =SUMPRODUCT(B38:I38,$B$11:$I$11) -> 19.6
A39: 11:15-11:30 | B39: 3 | C39: 0 | D39: 22 | E39: 0 | F39: 0 | G39: 0 | H39: 0 | I39: 0 | J39: =SUMPRODUCT(B39:I39,$B$11:$I$11) -> 22.9 | K39: =J39+J38 -> 42.5
A40: 11:30-11:45 | B40: 1 | C40: 0 | D40: 13 | E40: 1 | F40: 0 | G40: 0 | H40: 0 | I40: 0 | J40: =SUMPRODUCT(B40:I40,$B$11:$I$11) -> 15.3
A41: 11:45-12:00 | B41: 0 | C41: 0 | D41: 17 | E41: 0 | F41: 0 | G41: 0 | H41: 0 | I41: 0 | J41: =SUMPRODUCT(B41:I41,$B$11:$I$11) -> 17 | K41: =J41+J40 -> 32.3 | L41: =SUM(J38:J41) -> 74.8 | M41: =SUM(C38:I41) -> 72
A42: 12:00-12:15 | B42: 0 | C42: 0 | D42: 16 | E42: 0 | F42: 0 | G42: 0 | H42: 0 | I42: 0 | J42: =SUMPRODUCT(B42:I42,$B$11:$I$11) -> 16
A43: 12:15-12:30 | B43: 0 | C43: 0 | D43: 16 | E43: 0 | F43: 0 | G43: 0 | H43: 0 | I43: 0 | J43: =SUMPRODUCT(B43:I43,$B$11:$I$11) -> 16 | K43: =J43+J42 -> 32
A44: 12:30-12:45 | B44: 0 | C44: 0 | D44: 22 | E44: 0 | F44: 0 | G44: 0 | H44: 0 | I44: 0 | J44: =SUMPRODUCT(B44:I44,$B$11:$I$11) -> 22
A45: 12:45-13:00 | B45: 0 | C45: 0 | D45: 11 | E45: 0 | F45: 0 | G45: 0 | H45: 0 | I45: 0 | J45: =SUMPRODUCT(B45:I45,$B$11:$I$11) -> 11 | K45: =J45+J44 -> 33 | L45: =SUM(J42:J45) -> 65 | M45: =SUM(C42:I45) -> 65
A46: 13:00-13:15 | B46: 0 | C46: 0 | D46: 8 | E46: 0 | F46: 0 | G46: 0 | H46: 0 | I46: 0 | J46: =SUMPRODUCT(B46:I46,$B$11:$I$11) -> 8
A47: 13:15-13:30 | B47: 0 | C47: 0 | D47: 6 | E47: 0 | F47: 0 | G47: 0 | H47: 0 | I47: 0 | J47: =SUMPRODUCT(B47:I47,$B$11:$I$11) -> 6 | K47: =J47+J46 -> 14
A48: 13:30-13:45 | B48: 0 | C48: 0 | D48: 11 | E48: 0 | F48: 0 | G48: 0 | H48: 0 | I48: 0 | J48: =SUMPRODUCT(B48:I48,$B$11:$I$11) -> 11
A49: 13:45-14:00 | B49: 1 | C49: 0 | D49: 8 | E49: 0 | F49: 0 | G49: 0 | H49: 0 | I49: 0 | J49: =SUMPRODUCT(B49:I49,$B$11:$I$11) -> 8.3 | K49: =J49+J48 -> 19.3 | L49: =SUM(J46:J49) -> 33.3 | M49: =SUM(C46:I49) -> 33
A50: 14:00-14:15 | B50: 0 | C50: 0 | D50: 10 | E50: 0 | F50: 0 | G50: 0 | H50: 0 | I50: 0 | J50: =SUMPRODUCT(B50:I50,$B$11:$I$11) -> 10
A51: 14:15-14:30 | B51: 0 | C51: 0 | D51: 15 | E51: 0 | F51: 0 | G51: 0 | H51: 0 | I51: 0 | J51: =SUMPRODUCT(B51:I51,$B$11:$I$11) -> 15 | K51: =J51+J50 -> 25
A52: 14:30-14:45 | B52: 1 | C52: 0 | D52: 16 | E52: 0 | F52: 0 | G52: 0 | H52: 0 | I52: 0 | J52: =SUMPRODUCT(B52:I52,$B$11:$I$11) -> 16.3
A53: 14:45-15:00 | B53: 2 | C53: 0 | D53: 17 | E53: 0 | F53: 0 | G53: 0 | H53: 0 | I53: 0 | J53: =SUMPRODUCT(B53:I53,$B$11:$I$11) -> 17.6 | K53: =J53+J52 -> 33.9 | L53: =SUM(J50:J53) -> 58.9 | M53: =SUM(C50:I53) -> 58
A54: 15:00-15:15 | B54: 2 | C54: 0 | D54: 21 | E54: 0 | F54: 0 | G54: 0 | H54: 0 | I54: 0 | J54: =SUMPRODUCT(B54:I54,$B$11:$I$11) -> 21.6
A55: 15:15-15:30 | B55: 1 | C55: 0 | D55: 19 | E55: 0 | F55: 0 | G55: 0 | H55: 0 | I55: 0 | J55: =SUMPRODUCT(B55:I55,$B$11:$I$11) -> 19.3 | K55: =J55+J54 -> 40.9
A56: 15:30-15:45 | B56: 3 | C56: 0 | D56: 20 | E56: 0 | F56: 0 | G56: 0 | H56: 0 | I56: 0 | J56: =SUMPRODUCT(B56:I56,$B$11:$I$11) -> 20.9
A57: 15:45-16:00 | B57: 1 | C57: 0 | D57: 16 | E57: 0 | F57: 0 | G57: 0 | H57: 0 | I57: 0 | J57: =SUMPRODUCT(B57:I57,$B$11:$I$11) -> 16.3 | K57: =J57+J56 -> 37.2 | L57: =SUM(J54:J57) -> 78.1 | M57: =SUM(C54:I57) -> 76
A58: 16:00-16:15 | B58: 1 | C58: 0 | D58: 16 | E58: 0 | F58: 0 | G58: 0 | H58: 0 | I58: 0 | J58: =SUMPRODUCT(B58:I58,$B$11:$I$11) -> 16.3
A59: 16:15-16:30 | B59: 0 | C59: 0 | D59: 22 | E59: 0 | F59: 0 | G59: 0 | H59: 0 | I59: 0 | J59: =SUMPRODUCT(B59:I59,$B$11:$I$11) -> 22 | K59: =J59+J58 -> 38.3
A60: 16:30-16:45 | B60: 2 | C60: 0 | D60: 18 | E60: 0 | F60: 0 | G60: 0 | H60: 0 | I60: 0 | J60: =SUMPRODUCT(B60:I60,$B$11:$I$11) -> 18.6
A61: 16:45-17:00 | B61: 0 | C61: 0 | D61: 23 | E61: 0 | F61: 0 | G61: 0 | H61: 0 | I61: 0 | J61: =SUMPRODUCT(B61:I61,$B$11:$I$11) -> 23 | K61: =J61+J60 -> 41.6 | L61: =SUM(J58:J61) -> 79.9 | M61: =SUM(C58:I61) -> 79
A62: 17:00-17:15 | B62: 1 | C62: 0 | D62: 27 | E62: 0 | F62: 0 | G62: 0 | H62: 0 | I62: 0 | J62: =SUMPRODUCT(B62:I62,$B$11:$I$11) -> 27.3
A63: 17:15-17:30 | B63: 1 | C63: 1 | D63: 20 | E63: 0 | F63: 0 | G63: 0 | H63: 0 | I63: 0 | J63: =SUMPRODUCT(B63:I63,$B$11:$I$11) -> 20.8 | K63: =J63+J62 -> 48.1
A64: 17:30-17:45 | B64: 1 | C64: 2 | D64: 17 | E64: 0 | F64: 0 | G64: 0 | H64: 0 | I64: 0 | J64: =SUMPRODUCT(B64:I64,$B$11:$I$11) -> 18.3
A65: 17:45-18:00 | B65: 1 | C65: 0 | D65: 15 | E65: 0 | F65: 0 | G65: 0 | H65: 0 | I65: 0 | J65: =SUMPRODUCT(B65:I65,$B$11:$I$11) -> 15.3 | K65: =J65+J64 -> 33.6 | L65: =SUM(J62:J65) -> 81.7 | M65: =SUM(C62:I65) -> 82
A66: 18:00-18:15 | B66: 0 | C66: 0 | D66: 16 | E66: 0 | F66: 0 | G66: 0 | H66: 0 | I66: 0 | J66: =SUMPRODUCT(B66:I66,$B$11:$I$11) -> 16
A67: 18:15-18:30 | B67: 0 | C67: 1 | D67: 14 | E67: 0 | F67: 0 | G67: 0 | H67: 0 | I67: 0 | J67: =SUMPRODUCT(B67:I67,$B$11:$I$11) -> 14.5 | K67: =J67+J66 -> 30.5
A68: 18:30-18:45 | B68: 2 | C68: 0 | D68: 10 | E68: 0 | F68: 0 | G68: 0 | H68: 0 | I68: 0 | J68: =SUMPRODUCT(B68:I68,$B$11:$I$11) -> 10.6
A69: 18:45-19:00 | B69: 0 | C69: 0 | D69: 14 | E69: 0 | F69: 0 | G69: 0 | H69: 0 | I69: 0 | J69: =SUMPRODUCT(B69:I69,$B$11:$I$11) -> 14 | K69: =J69+J68 -> 24.6 | L69: =SUM(J66:J69) -> 55.1 | M69: =SUM(C66:I69) -> 55
A70: 19:00-19:15 | J70: =SUMPRODUCT(B70:I70,$B$11:$I$11) -> 0
A71: 19:15-19:30 | J71: =SUMPRODUCT(B71:I71,$B$11:$I$11) -> 0 | K71: =J71+J70 -> 0
A72: 19:30-19:45 | J72: =SUMPRODUCT(B72:I72,$B$11:$I$11) -> 0
A73: 19:45-20:00 | J73: =SUMPRODUCT(B73:I73,$B$11:$I$11) -> 0 | K73: =J73+J72 -> 0 | L73: =SUM(J70:J73) -> 0 | M73: =SUM(C70:I73) -> 0
A74: 20:00-20:15 | J74: =SUMPRODUCT(B74:I74,$B$11:$I$11) -> 0
A75: 20:15-20:30 | J75: =SUMPRODUCT(B75:I75,$B$11:$I$11) -> 0 | K75: =J75+J74 -> 0
A76: 20:30-20:45 | J76: =SUMPRODUCT(B76:I76,$B$11:$I$11) -> 0
A77: 20:45-21:00 | J77: =SUMPRODUCT(B77:I77,$B$11:$I$11) -> 0 | K77: =J77+J76 -> 0 | L77: =SUM(J74:J77) -> 0 | M77: =SUM(C74:I77) -> 0
A78: 21:00-21:15 | J78: =SUMPRODUCT(B78:I78,$B$11:$I$11) -> 0
A79: 21:15-21:30 | J79: =SUMPRODUCT(B79:I79,$B$11:$I$11) -> 0 | K79: =J79+J78 -> 0
A80: 21:30-21:45 | J80: =SUMPRODUCT(B80:I80,$B$11:$I$11) -> 0
A81: 21:45-22:00 | J81: =SUMPRODUCT(B81:I81,$B$11:$I$11) -> 0 | K81: =J81+J80 -> 0 | L81: =SUM(J78:J81) -> 0 | M81: =SUM(C78:I81) -> 0
A82: SUMME : | B82: =SUM(B$14:B81) -> 31 | C82: =SUM(C$14:C81) -> 4 | D82: =SUM(D$14:D81) -> 689 | E82: =SUM(E$14:E81) -> 1 | F82: =SUM(F$14:F81) -> 0 | G82: =SUM(G$14:G81) -> 1 | H82: =SUM(H$14:H81) -> 0 | I82: =SUM(I$14:I81) -> 0 | J82: =SUM(B82:I82) -> 726

Sheet R6
A3: ICRA Schwap e.U.
A4: VERKEHRSZÄHLUNG - PKW-Einheiten
A5: Datum : | J5: Lfd. Nummer : | K5: 0
A6: =Deckbl.!I11 -> 45944 | J6: Wetter : | K6: =Deckbl.!I12 -> 9-14 ° sonnig
B7: Verkehrszählung : | C7: =Deckbl.!C8 -> B122 / Badhaller Straße / Holznerweg (Bad Hall)
B8: Zählstelle : | I8: Sachbearbeiter : | J8: ICRA / Schwap
B9: Richtung : | C9: R6 | I9: Uhrzeit : | J9: =Deckbl.!C11 -> 7-19 Uhr
B10: Bemerkung :
A11: Faktoren | B11: 0.3 | C11: 0.5 | D11: 1 | E11: 2 | F11: 2 | G11: 2 | H11: 3 | I11: 2
C12: einsp. | D12: PKW | E12: Linien- | F12: Reise- | G12: LKW | H12: LKW + | I12: Traktor | J12: PKW-E | K12: PKW-E | L12: PKW-E | M12: KFZ
A13: Zeit | B13: Rad | C13: KFZ | D13: Kombi | E13: bus | F13: bus | H13: Anh. | I13: Sonst. | J13: / 15 min | K13: / 30 min | L13: / 1 Std. | M13: / 1 Std.
A14: 5:00-5:15 | J14: =SUMPRODUCT(B14:I14,$B$11:$I$11) -> 0
A15: 5:15-5:30 | J15: =SUMPRODUCT(B15:I15,$B$11:$I$11) -> 0 | K15: =J15+J14 -> 0
A16: 5:30-5:45 | J16: =SUMPRODUCT(B16:I16,$B$11:$I$11) -> 0
A17: 5:45-6:00 | J17: =SUMPRODUCT(B17:I17,$B$11:$I$11) -> 0 | K17: =J17+J16 -> 0 | L17: =SUM(J14:J17) -> 0 | M17: =SUM(C14:I17) -> 0
A18: 6:00-6:15 | J18: =SUMPRODUCT(B18:I18,$B$11:$I$11) -> 0
A19: 6:15-6:30 | J19: =SUMPRODUCT(B19:I19,$B$11:$I$11) -> 0 | K19: =J19+J18 -> 0
A20: 6:30-6:45 | J20: =SUMPRODUCT(B20:I20,$B$11:$I$11) -> 0
A21: 6:45-7:00 | J21: =SUMPRODUCT(B21:I21,$B$11:$I$11) -> 0 | K21: =J21+J20 -> 0 | L21: =SUM(J18:J21) -> 0 | M21: =SUM(C18:I21) -> 0
A22: 7:00-7:15 | B22: 0 | C22: 0 | D22: 15 | E22: 0 | F22: 0 | G22: 0 | H22: 0 | I22: 0 | J22: =SUMPRODUCT(B22:I22,$B$11:$I$11) -> 15
A23: 7:15-7:30 | B23: 0 | C23: 0 | D23: 16 | E23: 0 | F23: 0 | G23: 1 | H23: 1 | I23: 0 | J23: =SUMPRODUCT(B23:I23,$B$11:$I$11) -> 21 | K23: =J23+J22 -> 36
A24: 7:30-7:45 | B24: 0 | C24: 0 | D24: 17 | E24: 0 | F24: 0 | G24: 0 | H24: 0 | I24: 0 | J24: =SUMPRODUCT(B24:I24,$B$11:$I$11) -> 17
A25: 7:45-8:00 | B25: 0 | C25: 1 | D25: 12 | E25: 0 | F25: 0 | G25: 0 | H25: 0 | I25: 0 | J25: =SUMPRODUCT(B25:I25,$B$11:$I$11) -> 12.5 | K25: =J25+J24 -> 29.5 | L25: =SUM(J22:J25) -> 65.5 | M25: =SUM(C22:I25) -> 63
A26: 8:00-8:15 | B26: 0 | C26: 0 | D26: 12 | E26: 0 | F26: 0 | G26: 0 | H26: 0 | I26: 0 | J26: =SUMPRODUCT(B26:I26,$B$11:$I$11) -> 12
A27: 8:15-8:30 | B27: 0 | C27: 0 | D27: 16 | E27: 1 | F27: 0 | G27: 0 | H27: 0 | I27: 0 | J27: =SUMPRODUCT(B27:I27,$B$11:$I$11) -> 18 | K27: =J27+J26 -> 30
A28: 8:30-8:45 | B28: 0 | C28: 1 | D28: 10 | E28: 0 | F28: 0 | G28: 1 | H28: 0 | I28: 0 | J28: =SUMPRODUCT(B28:I28,$B$11:$I$11) -> 12.5
A29: 8:45-9:00 | B29: 1 | C29: 0 | D29: 10 | E29: 0 | F29: 0 | G29: 1 | H29: 0 | I29: 0 | J29: =SUMPRODUCT(B29:I29,$B$11:$I$11) -> 12.3 | K29: =J29+J28 -> 24.8 | L29: =SUM(J26:J29) -> 54.8 | M29: =SUM(C26:I29) -> 52
A30: 9:00-9:15 | B30: 0 | C30: 0 | D30: 16 | E30: 0 | F30: 0 | G30: 0 | H30: 0 | I30: 0 | J30: =SUMPRODUCT(B30:I30,$B$11:$I$11) -> 16
A31: 9:15-9:30 | B31: 1 | C31: 0 | D31: 18 | E31: 0 | F31: 0 | G31: 0 | H31: 0 | I31: 0 | J31: =SUMPRODUCT(B31:I31,$B$11:$I$11) -> 18.3 | K31: =J31+J30 -> 34.3
A32: 9:30-9:45 | B32: 0 | C32: 0 | D32: 19 | E32: 0 | F32: 0 | G32: 1 | H32: 0 | I32: 0 | J32: =SUMPRODUCT(B32:I32,$B$11:$I$11) -> 21
A33: 9:45-10:00 | B33: 0 | C33: 0 | D33: 25 | E33: 0 | F33: 0 | G33: 1 | H33: 0 | I33: 0 | J33: =SUMPRODUCT(B33:I33,$B$11:$I$11) -> 27 | K33: =J33+J32 -> 48 | L33: =SUM(J30:J33) -> 82.3 | M33: =SUM(C30:I33) -> 80
A34: 10:00-10:15 | B34: 0 | C34: 0 | D34: 19 | E34: 0 | F34: 0 | G34: 0 | H34: 0 | I34: 0 | J34: =SUMPRODUCT(B34:I34,$B$11:$I$11) -> 19
A35: 10:15-10:30 | B35: 0 | C35: 0 | D35: 20 | E35: 0 | F35: 0 | G35: 0 | H35: 0 | I35: 0 | J35: =SUMPRODUCT(B35:I35,$B$11:$I$11) -> 20 | K35: =J35+J34 -> 39
A36: 10:30-10:45 | B36: 0 | C36: 0 | D36: 26 | E36: 0 | F36: 0 | G36: 0 | H36: 0 | I36: 0 | J36: =SUMPRODUCT(B36:I36,$B$11:$I$11) -> 26
A37: 10:45-11:00 | B37: 0 | C37: 0 | D37: 29 | E37: 0 | F37: 0 | G37: 0 | H37: 1 | I37: 0 | J37: =SUMPRODUCT(B37:I37,$B$11:$I$11) -> 32 | K37: =J37+J36 -> 58 | L37: =SUM(J34:J37) -> 97 | M37: =SUM(C34:I37) -> 95
A38: 11:00-11:15 | B38: 0 | C38: 0 | D38: 30 | E38: 0 | F38: 0 | G38: 0 | H38: 0 | I38: 0 | J38: =SUMPRODUCT(B38:I38,$B$11:$I$11) -> 30
A39: 11:15-11:30 | B39: 1 | C39: 0 | D39: 24 | E39: 0 | F39: 0 | G39: 0 | H39: 0 | I39: 0 | J39: =SUMPRODUCT(B39:I39,$B$11:$I$11) -> 24.3 | K39: =J39+J38 -> 54.3
A40: 11:30-11:45 | B40: 0 | C40: 0 | D40: 17 | E40: 0 | F40: 0 | G40: 0 | H40: 0 | I40: 0 | J40: =SUMPRODUCT(B40:I40,$B$11:$I$11) -> 17
A41: 11:45-12:00 | B41: 0 | C41: 0 | D41: 16 | E41: 0 | F41: 0 | G41: 0 | H41: 0 | I41: 0 | J41: =SUMPRODUCT(B41:I41,$B$11:$I$11) -> 16 | K41: =J41+J40 -> 33 | L41: =SUM(J38:J41) -> 87.3 | M41: =SUM(C38:I41) -> 87
A42: 12:00-12:15 | B42: 0 | C42: 0 | D42: 23 | E42: 0 | F42: 0 | G42: 0 | H42: 0 | I42: 0 | J42: =SUMPRODUCT(B42:I42,$B$11:$I$11) -> 23
A43: 12:15-12:30 | B43: 0 | C43: 0 | D43: 14 | E43: 0 | F43: 0 | G43: 0 | H43: 0 | I43: 0 | J43: =SUMPRODUCT(B43:I43,$B$11:$I$11) -> 14 | K43: =J43+J42 -> 37
A44: 12:30-12:45 | B44: 0 | C44: 1 | D44: 19 | E44: 0 | F44: 0 | G44: 0 | H44: 0 | I44: 0 | J44: =SUMPRODUCT(B44:I44,$B$11:$I$11) -> 19.5
A45: 12:45-13:00 | B45: 0 | C45: 0 | D45: 14 | E45: 0 | F45: 0 | G45: 0 | H45: 0 | I45: 0 | J45: =SUMPRODUCT(B45:I45,$B$11:$I$11) -> 14 | K45: =J45+J44 -> 33.5 | L45: =SUM(J42:J45) -> 70.5 | M45: =SUM(C42:I45) -> 71
A46: 13:00-13:15 | B46: 0 | C46: 0 | D46: 10 | E46: 0 | F46: 0 | G46: 0 | H46: 1 | I46: 0 | J46: =SUMPRODUCT(B46:I46,$B$11:$I$11) -> 13
A47: 13:15-13:30 | B47: 0 | C47: 0 | D47: 16 | E47: 0 | F47: 0 | G47: 0 | H47: 0 | I47: 0 | J47: =SUMPRODUCT(B47:I47,$B$11:$I$11) -> 16 | K47: =J47+J46 -> 29
A48: 13:30-13:45 | B48: 0 | C48: 2 | D48: 20 | E48: 0 | F48: 0 | G48: 0 | H48: 0 | I48: 0 | J48: =SUMPRODUCT(B48:I48,$B$11:$I$11) -> 21
A49: 13:45-14:00 | B49: 0 | C49: 0 | D49: 26 | E49: 0 | F49: 0 | G49: 0 | H49: 0 | I49: 0 | J49: =SUMPRODUCT(B49:I49,$B$11:$I$11) -> 26 | K49: =J49+J48 -> 47 | L49: =SUM(J46:J49) -> 76 | M49: =SUM(C46:I49) -> 75
A50: 14:00-14:15 | B50: 0 | C50: 0 | D50: 18 | E50: 0 | F50: 0 | G50: 0 | H50: 0 | I50: 0 | J50: =SUMPRODUCT(B50:I50,$B$11:$I$11) -> 18
A51: 14:15-14:30 | B51: 0 | C51: 0 | D51: 18 | E51: 0 | F51: 0 | G51: 0 | H51: 0 | I51: 0 | J51: =SUMPRODUCT(B51:I51,$B$11:$I$11) -> 18 | K51: =J51+J50 -> 36
A52: 14:30-14:45 | B52: 0 | C52: 0 | D52: 18 | E52: 0 | F52: 0 | G52: 0 | H52: 0 | I52: 0 | J52: =SUMPRODUCT(B52:I52,$B$11:$I$11) -> 18
A53: 14:45-15:00 | B53: 0 | C53: 0 | D53: 30 | E53: 0 | F53: 0 | G53: 0 | H53: 0 | I53: 0 | J53: =SUMPRODUCT(B53:I53,$B$11:$I$11) -> 30 | K53: =J53+J52 -> 48 | L53: =SUM(J50:J53) -> 84 | M53: =SUM(C50:I53) -> 84
A54: 15:00-15:15 | B54: 0 | C54: 0 | D54: 24 | E54: 0 | F54: 0 | G54: 0 | H54: 0 | I54: 0 | J54: =SUMPRODUCT(B54:I54,$B$11:$I$11) -> 24
A55: 15:15-15:30 | B55: 0 | C55: 0 | D55: 22 | E55: 0 | F55: 0 | G55: 1 | H55: 0 | I55: 0 | J55: =SUMPRODUCT(B55:I55,$B$11:$I$11) -> 24 | K55: =J55+J54 -> 48
A56: 15:30-15:45 | B56: 0 | C56: 0 | D56: 21 | E56: 0 | F56: 0 | G56: 0 | H56: 0 | I56: 0 | J56: =SUMPRODUCT(B56:I56,$B$11:$I$11) -> 21
A57: 15:45-16:00 | B57: 0 | C57: 0 | D57: 25 | E57: 0 | F57: 0 | G57: 0 | H57: 0 | I57: 0 | J57: =SUMPRODUCT(B57:I57,$B$11:$I$11) -> 25 | K57: =J57+J56 -> 46 | L57: =SUM(J54:J57) -> 94 | M57: =SUM(C54:I57) -> 93
A58: 16:00-16:15 | B58: 0 | C58: 0 | D58: 25 | E58: 0 | F58: 0 | G58: 0 | H58: 0 | I58: 0 | J58: =SUMPRODUCT(B58:I58,$B$11:$I$11) -> 25
A59: 16:15-16:30 | B59: 1 | C59: 0 | D59: 34 | E59: 0 | F59: 0 | G59: 1 | H59: 0 | I59: 0 | J59: =SUMPRODUCT(B59:I59,$B$11:$I$11) -> 36.3 | K59: =J59+J58 -> 61.3
A60: 16:30-16:45 | B60: 1 | C60: 1 | D60: 31 | E60: 0 | F60: 0 | G60: 0 | H60: 0 | I60: 0 | J60: =SUMPRODUCT(B60:I60,$B$11:$I$11) -> 31.8
A61: 16:45-17:00 | B61: 0 | C61: 0 | D61: 34 | E61: 0 | F61: 0 | G61: 0 | H61: 0 | I61: 0 | J61: =SUMPRODUCT(B61:I61,$B$11:$I$11) -> 34 | K61: =J61+J60 -> 65.8 | L61: =SUM(J58:J61) -> 127.1 | M61: =SUM(C58:I61) -> 126
A62: 17:00-17:15 | B62: 0 | C62: 0 | D62: 30 | E62: 0 | F62: 0 | G62: 0 | H62: 0 | I62: 0 | J62: =SUMPRODUCT(B62:I62,$B$11:$I$11) -> 30
A63: 17:15-17:30 | B63: 0 | C63: 0 | D63: 38 | E63: 0 | F63: 0 | G63: 0 | H63: 0 | I63: 0 | J63: =SUMPRODUCT(B63:I63,$B$11:$I$11) -> 38 | K63: =J63+J62 -> 68
A64: 17:30-17:45 | B64: 0 | C64: 0 | D64: 20 | E64: 0 | F64: 0 | G64: 0 | H64: 0 | I64: 0 | J64: =SUMPRODUCT(B64:I64,$B$11:$I$11) -> 20
A65: 17:45-18:00 | B65: 0 | C65: 0 | D65: 31 | E65: 0 | F65: 0 | G65: 0 | H65: 0 | I65: 0 | J65: =SUMPRODUCT(B65:I65,$B$11:$I$11) -> 31 | K65: =J65+J64 -> 51 | L65: =SUM(J62:J65) -> 119 | M65: =SUM(C62:I65) -> 119
A66: 18:00-18:15 | B66: 0 | C66: 0 | D66: 29 | E66: 0 | F66: 0 | G66: 0 | H66: 0 | I66: 0 | J66: =SUMPRODUCT(B66:I66,$B$11:$I$11) -> 29
A67: 18:15-18:30 | B67: 0 | C67: 1 | D67: 23 | E67: 0 | F67: 0 | G67: 0 | H67: 0 | I67: 0 | J67: =SUMPRODUCT(B67:I67,$B$11:$I$11) -> 23.5 | K67: =J67+J66 -> 52.5
A68: 18:30-18:45 | B68: 0 | C68: 1 | D68: 16 | E68: 0 | F68: 0 | G68: 0 | H68: 0 | I68: 0 | J68: =SUMPRODUCT(B68:I68,$B$11:$I$11) -> 16.5
A69: 18:45-19:00 | B69: 0 | C69: 0 | D69: 20 | E69: 0 | F69: 0 | G69: 0 | H69: 0 | I69: 0 | J69: =SUMPRODUCT(B69:I69,$B$11:$I$11) -> 20 | K69: =J69+J68 -> 36.5 | L69: =SUM(J66:J69) -> 89 | M69: =SUM(C66:I69) -> 90
A70: 19:00-19:15 | J70: =SUMPRODUCT(B70:I70,$B$11:$I$11) -> 0
A71: 19:15-19:30 | J71: =SUMPRODUCT(B71:I71,$B$11:$I$11) -> 0 | K71: =J71+J70 -> 0
A72: 19:30-19:45 | J72: =SUMPRODUCT(B72:I72,$B$11:$I$11) -> 0
A73: 19:45-20:00 | J73: =SUMPRODUCT(B73:I73,$B$11:$I$11) -> 0 | K73: =J73+J72 -> 0 | L73: =SUM(J70:J73) -> 0 | M73: =SUM(C70:I73) -> 0
A74: 20:00-20:15 | J74: =SUMPRODUCT(B74:I74,$B$11:$I$11) -> 0
A75: 20:15-20:30 | J75: =SUMPRODUCT(B75:I75,$B$11:$I$11) -> 0 | K75: =J75+J74 -> 0
A76: 20:30-20:45 | J76: =SUMPRODUCT(B76:I76,$B$11:$I$11) -> 0
A77: 20:45-21:00 | J77: =SUMPRODUCT(B77:I77,$B$11:$I$11) -> 0 | K77: =J77+J76 -> 0 | L77: =SUM(J74:J77) -> 0 | M77: =SUM(C74:I77) -> 0
A78: 21:00-21:15 | J78: =SUMPRODUCT(B78:I78,$B$11:$I$11) -> 0
A79: 21:15-21:30 | J79: =SUMPRODUCT(B79:I79,$B$11:$I$11) -> 0 | K79: =J79+J78 -> 0
A80: 21:30-21:45 | J80: =SUMPRODUCT(B80:I80,$B$11:$I$11) -> 0
A81: 21:45-22:00 | J81: =SUMPRODUCT(B81:I81,$B$11:$I$11) -> 0 | K81: =J81+J80 -> 0 | L81: =SUM(J78:J81) -> 0 | M81: =SUM(C78:I81) -> 0
A82: SUMME : | B82: =SUM(B$14:B81) -> 5 | C82: =SUM(C$14:C81) -> 8 | D82: =SUM(D$14:D81) -> 1016 | E82: =SUM(E$14:E81) -> 1 | F82: =SUM(F$14:F81) -> 0 | G82: =SUM(G$14:G81) -> 7 | H82: =SUM(H$14:H81) -> 3 | I82: =SUM(I$14:I81) -> 0 | J82: =SUM(B82:I82) -> 1040

Sheet R7
A3: ICRA Schwap e.U.
A4: VERKEHRSZÄHLUNG - PKW-Einheiten
A5: Datum : | J5: Lfd. Nummer : | K5: 0
A6: =Deckbl.!I11 -> 45944 | J6: Wetter : | K6: =Deckbl.!I12 -> 9-14 ° sonnig
B7: Verkehrszählung : | C7: =Deckbl.!C8 -> B122 / Badhaller Straße / Holznerweg (Bad Hall)
B8: Zählstelle : | I8: Sachbearbeiter : | J8: ICRA / Schwap
B9: Richtung : | C9: R7 | I9: Uhrzeit : | J9: =Deckbl.!C11 -> 7-19 Uhr
B10: Bemerkung :
A11: Faktoren | B11: 0.3 | C11: 0.5 | D11: 1 | E11: 2 | F11: 2 | G11: 2 | H11: 3 | I11: 2
C12: einsp. | D12: PKW | E12: Linien- | F12: Reise- | G12: LKW | H12: LKW + | I12: Traktor | J12: PKW-E | K12: PKW-E | L12: PKW-E | M12: KFZ
A13: Zeit | B13: Rad | C13: KFZ | D13: Kombi | E13: bus | F13: bus | H13: Anh. | I13: Sonst. | J13: / 15 min | K13: / 30 min | L13: / 1 Std. | M13: / 1 Std.
A14: 5:00-5:15 | J14: =SUMPRODUCT(B14:I14,$B$11:$I$11) -> 0
A15: 5:15-5:30 | J15: =SUMPRODUCT(B15:I15,$B$11:$I$11) -> 0 | K15: =J15+J14 -> 0
A16: 5:30-5:45 | J16: =SUMPRODUCT(B16:I16,$B$11:$I$11) -> 0
A17: 5:45-6:00 | J17: =SUMPRODUCT(B17:I17,$B$11:$I$11) -> 0 | K17: =J17+J16 -> 0 | L17: =SUM(J14:J17) -> 0 | M17: =SUM(C14:I17) -> 0
A18: 6:00-6:15 | J18: =SUMPRODUCT(B18:I18,$B$11:$I$11) -> 0
A19: 6:15-6:30 | J19: =SUMPRODUCT(B19:I19,$B$11:$I$11) -> 0 | K19: =J19+J18 -> 0
A20: 6:30-6:45 | J20: =SUMPRODUCT(B20:I20,$B$11:$I$11) -> 0
A21: 6:45-7:00 | J21: =SUMPRODUCT(B21:I21,$B$11:$I$11) -> 0 | K21: =J21+J20 -> 0 | L21: =SUM(J18:J21) -> 0 | M21: =SUM(C18:I21) -> 0
A22: 7:00-7:15 | B22: 0 | C22: 0 | D22: 2 | E22: 0 | F22: 0 | G22: 1 | H22: 0 | I22: 0 | J22: =SUMPRODUCT(B22:I22,$B$11:$I$11) -> 4
A23: 7:15-7:30 | B23: 0 | C23: 0 | D23: 5 | E23: 0 | F23: 0 | G23: 0 | H23: 0 | I23: 0 | J23: =SUMPRODUCT(B23:I23,$B$11:$I$11) -> 5 | K23: =J23+J22 -> 9
A24: 7:30-7:45 | B24: 0 | C24: 0 | D24: 5 | E24: 0 | F24: 0 | G24: 0 | H24: 0 | I24: 0 | J24: =SUMPRODUCT(B24:I24,$B$11:$I$11) -> 5
A25: 7:45-8:00 | B25: 0 | C25: 0 | D25: 7 | E25: 0 | F25: 0 | G25: 0 | H25: 0 | I25: 0 | J25: =SUMPRODUCT(B25:I25,$B$11:$I$11) -> 7 | K25: =J25+J24 -> 12 | L25: =SUM(J22:J25) -> 21 | M25: =SUM(C22:I25) -> 20
A26: 8:00-8:15 | B26: 0 | C26: 0 | D26: 8 | E26: 0 | F26: 0 | G26: 0 | H26: 0 | I26: 0 | J26: =SUMPRODUCT(B26:I26,$B$11:$I$11) -> 8
A27: 8:15-8:30 | B27: 0 | C27: 0 | D27: 7 | E27: 0 | F27: 0 | G27: 0 | H27: 0 | I27: 0 | J27: =SUMPRODUCT(B27:I27,$B$11:$I$11) -> 7 | K27: =J27+J26 -> 15
A28: 8:30-8:45 | B28: 0 | C28: 0 | D28: 9 | E28: 0 | F28: 0 | G28: 0 | H28: 0 | I28: 0 | J28: =SUMPRODUCT(B28:I28,$B$11:$I$11) -> 9
A29: 8:45-9:00 | B29: 0 | C29: 0 | D29: 14 | E29: 0 | F29: 0 | G29: 0 | H29: 0 | I29: 0 | J29: =SUMPRODUCT(B29:I29,$B$11:$I$11) -> 14 | K29: =J29+J28 -> 23 | L29: =SUM(J26:J29) -> 38 | M29: =SUM(C26:I29) -> 38
A30: 9:00-9:15 | B30: 0 | C30: 0 | D30: 10 | E30: 0 | F30: 0 | G30: 0 | H30: 0 | I30: 0 | J30: =SUMPRODUCT(B30:I30,$B$11:$I$11) -> 10
A31: 9:15-9:30 | B31: 0 | C31: 0 | D31: 18 | E31: 0 | F31: 0 | G31: 0 | H31: 0 | I31: 0 | J31: =SUMPRODUCT(B31:I31,$B$11:$I$11) -> 18 | K31: =J31+J30 -> 28
A32: 9:30-9:45 | B32: 1 | C32: 0 | D32: 11 | E32: 0 | F32: 0 | G32: 0 | H32: 0 | I32: 0 | J32: =SUMPRODUCT(B32:I32,$B$11:$I$11) -> 11.3
A33: 9:45-10:00 | B33: 0 | C33: 0 | D33: 12 | E33: 0 | F33: 0 | G33: 0 | H33: 0 | I33: 0 | J33: =SUMPRODUCT(B33:I33,$B$11:$I$11) -> 12 | K33: =J33+J32 -> 23.3 | L33: =SUM(J30:J33) -> 51.3 | M33: =SUM(C30:I33) -> 51
A34: 10:00-10:15 | B34: 0 | C34: 0 | D34: 19 | E34: 0 | F34: 0 | G34: 0 | H34: 0 | I34: 0 | J34: =SUMPRODUCT(B34:I34,$B$11:$I$11) -> 19
A35: 10:15-10:30 | B35: 0 | C35: 0 | D35: 14 | E35: 0 | F35: 0 | G35: 0 | H35: 0 | I35: 0 | J35: =SUMPRODUCT(B35:I35,$B$11:$I$11) -> 14 | K35: =J35+J34 -> 33
A36: 10:30-10:45 | B36: 0 | C36: 0 | D36: 8 | E36: 0 | F36: 0 | G36: 0 | H36: 0 | I36: 0 | J36: =SUMPRODUCT(B36:I36,$B$11:$I$11) -> 8
A37: 10:45-11:00 | B37: 0 | C37: 0 | D37: 15 | E37: 0 | F37: 0 | G37: 0 | H37: 0 | I37: 0 | J37: =SUMPRODUCT(B37:I37,$B$11:$I$11) -> 15 | K37: =J37+J36 -> 23 | L37: =SUM(J34:J37) -> 56 | M37: =SUM(C34:I37) -> 56
A38: 11:00-11:15 | B38: 0 | C38: 0 | D38: 10 | E38: 0 | F38: 0 | G38: 0 | H38: 0 | I38: 0 | J38: =SUMPRODUCT(B38:I38,$B$11:$I$11) -> 10
A39: 11:15-11:30 | B39: 0 | C39: 0 | D39: 17 | E39: 0 | F39: 0 | G39: 0 | H39: 0 | I39: 0 | J39: =SUMPRODUCT(B39:I39,$B$11:$I$11) -> 17 | K39: =J39+J38 -> 27
A40: 11:30-11:45 | B40: 0 | C40: 0 | D40: 8 | E40: 0 | F40: 0 | G40: 0 | H40: 0 | I40: 0 | J40: =SUMPRODUCT(B40:I40,$B$11:$I$11) -> 8
A41: 11:45-12:00 | B41: 0 | C41: 0 | D41: 14 | E41: 0 | F41: 0 | G41: 0 | H41: 0 | I41: 0 | J41: =SUMPRODUCT(B41:I41,$B$11:$I$11) -> 14 | K41: =J41+J40 -> 22 | L41: =SUM(J38:J41) -> 49 | M41: =SUM(C38:I41) -> 49
A42: 12:00-12:15 | B42: 0 | C42: 0 | D42: 9 | E42: 0 | F42: 0 | G42: 0 | H42: 0 | I42: 0 | J42: =SUMPRODUCT(B42:I42,$B$11:$I$11) -> 9
A43: 12:15-12:30 | B43: 0 | C43: 0 | D43: 13 | E43: 0 | F43: 0 | G43: 0 | H43: 0 | I43: 0 | J43: =SUMPRODUCT(B43:I43,$B$11:$I$11) -> 13 | K43: =J43+J42 -> 22
A44: 12:30-12:45 | B44: 0 | C44: 0 | D44: 8 | E44: 0 | F44: 0 | G44: 0 | H44: 0 | I44: 0 | J44: =SUMPRODUCT(B44:I44,$B$11:$I$11) -> 8
A45: 12:45-13:00 | B45: 0 | C45: 0 | D45: 8 | E45: 0 | F45: 0 | G45: 1 | H45: 0 | I45: 0 | J45: =SUMPRODUCT(B45:I45,$B$11:$I$11) -> 10 | K45: =J45+J44 -> 18 | L45: =SUM(J42:J45) -> 40 | M45: =SUM(C42:I45) -> 39
A46: 13:00-13:15 | B46: 0 | C46: 0 | D46: 7 | E46: 0 | F46: 0 | G46: 0 | H46: 0 | I46: 0 | J46: =SUMPRODUCT(B46:I46,$B$11:$I$11) -> 7
A47: 13:15-13:30 | B47: 0 | C47: 0 | D47: 9 | E47: 0 | F47: 0 | G47: 0 | H47: 0 | I47: 0 | J47: =SUMPRODUCT(B47:I47,$B$11:$I$11) -> 9 | K47: =J47+J46 -> 16
A48: 13:30-13:45 | B48: 1 | C48: 0 | D48: 9 | E48: 0 | F48: 0 | G48: 0 | H48: 0 | I48: 0 | J48: =SUMPRODUCT(B48:I48,$B$11:$I$11) -> 9.3
A49: 13:45-14:00 | B49: 0 | C49: 0 | D49: 5 | E49: 0 | F49: 0 | G49: 1 | H49: 0 | I49: 0 | J49: =SUMPRODUCT(B49:I49,$B$11:$I$11) -> 7 | K49: =J49+J48 -> 16.3 | L49: =SUM(J46:J49) -> 32.3 | M49: =SUM(C46:I49) -> 31
A50: 14:00-14:15 | B50: 0 | C50: 0 | D50: 9 | E50: 0 | F50: 0 | G50: 0 | H50: 0 | I50: 0 | J50: =SUMPRODUCT(B50:I50,$B$11:$I$11) -> 9
A51: 14:15-14:30 | B51: 0 | C51: 0 | D51: 16 | E51: 0 | F51: 0 | G51: 0 | H51: 0 | I51: 0 | J51: =SUMPRODUCT(B51:I51,$B$11:$I$11) -> 16 | K51: =J51+J50 -> 25
A52: 14:30-14:45 | B52: 0 | C52: 0 | D52: 6 | E52: 0 | F52: 0 | G52: 1 | H52: 0 | I52: 0 | J52: =SUMPRODUCT(B52:I52,$B$11:$I$11) -> 8
A53: 14:45-15:00 | B53: 0 | C53: 0 | D53: 16 | E53: 0 | F53: 0 | G53: 0 | H53: 0 | I53: 0 | J53: =SUMPRODUCT(B53:I53,$B$11:$I$11) -> 16 | K53: =J53+J52 -> 24 | L53: =SUM(J50:J53) -> 49 | M53: =SUM(C50:I53) -> 48
A54: 15:00-15:15 | B54: 0 | C54: 0 | D54: 19 | E54: 0 | F54: 0 | G54: 0 | H54: 0 | I54: 0 | J54: =SUMPRODUCT(B54:I54,$B$11:$I$11) -> 19
A55: 15:15-15:30 | B55: 0 | C55: 0 | D55: 14 | E55: 0 | F55: 0 | G55: 0 | H55: 0 | I55: 0 | J55: =SUMPRODUCT(B55:I55,$B$11:$I$11) -> 14 | K55: =J55+J54 -> 33
A56: 15:30-15:45 | B56: 0 | C56: 0 | D56: 14 | E56: 0 | F56: 0 | G56: 0 | H56: 0 | I56: 0 | J56: =SUMPRODUCT(B56:I56,$B$11:$I$11) -> 14
A57: 15:45-16:00 | B57: 0 | C57: 0 | D57: 16 | E57: 0 | F57: 0 | G57: 0 | H57: 0 | I57: 0 | J57: =SUMPRODUCT(B57:I57,$B$11:$I$11) -> 16 | K57: =J57+J56 -> 30 | L57: =SUM(J54:J57) -> 63 | M57: =SUM(C54:I57) -> 63
A58: 16:00-16:15 | B58: 0 | C58: 0 | D58: 12 | E58: 0 | F58: 0 | G58: 0 | H58: 0 | I58: 0 | J58: =SUMPRODUCT(B58:I58,$B$11:$I$11) -> 12
A59: 16:15-16:30 | B59: 0 | C59: 0 | D59: 12 | E59: 0 | F59: 0 | G59: 0 | H59: 0 | I59: 0 | J59: =SUMPRODUCT(B59:I59,$B$11:$I$11) -> 12 | K59: =J59+J58 -> 24
A60: 16:30-16:45 | B60: 0 | C60: 1 | D60: 15 | E60: 0 | F60: 0 | G60: 0 | H60: 0 | I60: 0 | J60: =SUMPRODUCT(B60:I60,$B$11:$I$11) -> 15.5
A61: 16:45-17:00 | B61: 0 | C61: 0 | D61: 22 | E61: 0 | F61: 0 | G61: 0 | H61: 0 | I61: 0 | J61: =SUMPRODUCT(B61:I61,$B$11:$I$11) -> 22 | K61: =J61+J60 -> 37.5 | L61: =SUM(J58:J61) -> 61.5 | M61: =SUM(C58:I61) -> 62
A62: 17:00-17:15 | B62: 0 | C62: 1 | D62: 17 | E62: 0 | F62: 0 | G62: 0 | H62: 0 | I62: 0 | J62: =SUMPRODUCT(B62:I62,$B$11:$I$11) -> 17.5
A63: 17:15-17:30 | B63: 0 | C63: 1 | D63: 20 | E63: 0 | F63: 0 | G63: 0 | H63: 0 | I63: 0 | J63: =SUMPRODUCT(B63:I63,$B$11:$I$11) -> 20.5 | K63: =J63+J62 -> 38
A64: 17:30-17:45 | B64: 0 | C64: 0 | D64: 15 | E64: 0 | F64: 0 | G64: 0 | H64: 0 | I64: 0 | J64: =SUMPRODUCT(B64:I64,$B$11:$I$11) -> 15
A65: 17:45-18:00 | B65: 0 | C65: 0 | D65: 22 | E65: 0 | F65: 0 | G65: 0 | H65: 0 | I65: 0 | J65: =SUMPRODUCT(B65:I65,$B$11:$I$11) -> 22 | K65: =J65+J64 -> 37 | L65: =SUM(J62:J65) -> 75 | M65: =SUM(C62:I65) -> 76
A66: 18:00-18:15 | B66: 0 | C66: 1 | D66: 16 | E66: 0 | F66: 0 | G66: 0 | H66: 0 | I66: 0 | J66: =SUMPRODUCT(B66:I66,$B$11:$I$11) -> 16.5
A67: 18:15-18:30 | B67: 0 | C67: 0 | D67: 9 | E67: 0 | F67: 0 | G67: 0 | H67: 0 | I67: 0 | J67: =SUMPRODUCT(B67:I67,$B$11:$I$11) -> 9 | K67: =J67+J66 -> 25.5
A68: 18:30-18:45 | B68: 0 | C68: 0 | D68: 9 | E68: 0 | F68: 0 | G68: 0 | H68: 0 | I68: 0 | J68: =SUMPRODUCT(B68:I68,$B$11:$I$11) -> 9
A69: 18:45-19:00 | B69: 0 | C69: 0 | D69: 11 | E69: 0 | F69: 0 | G69: 0 | H69: 0 | I69: 0 | J69: =SUMPRODUCT(B69:I69,$B$11:$I$11) -> 11 | K69: =J69+J68 -> 20 | L69: =SUM(J66:J69) -> 45.5 | M69: =SUM(C66:I69) -> 46
A70: 19:00-19:15 | J70: =SUMPRODUCT(B70:I70,$B$11:$I$11) -> 0
A71: 19:15-19:30 | J71: =SUMPRODUCT(B71:I71,$B$11:$I$11) -> 0 | K71: =J71+J70 -> 0
A72: 19:30-19:45 | J72: =SUMPRODUCT(B72:I72,$B$11:$I$11) -> 0
A73: 19:45-20:00 | J73: =SUMPRODUCT(B73:I73,$B$11:$I$11) -> 0 | K73: =J73+J72 -> 0 | L73: =SUM(J70:J73) -> 0 | M73: =SUM(C70:I73) -> 0
A74: 20:00-20:15 | J74: =SUMPRODUCT(B74:I74,$B$11:$I$11) -> 0
A75: 20:15-20:30 | J75: =SUMPRODUCT(B75:I75,$B$11:$I$11) -> 0 | K75: =J75+J74 -> 0
A76: 20:30-20:45 | J76: =SUMPRODUCT(B76:I76,$B$11:$I$11) -> 0
A77: 20:45-21:00 | J77: =SUMPRODUCT(B77:I77,$B$11:$I$11) -> 0 | K77: =J77+J76 -> 0 | L77: =SUM(J74:J77) -> 0 | M77: =SUM(C74:I77) -> 0
A78: 21:00-21:15 | J78: =SUMPRODUCT(B78:I78,$B$11:$I$11) -> 0
A79: 21:15-21:30 | J79: =SUMPRODUCT(B79:I79,$B$11:$I$11) -> 0 | K79: =J79+J78 -> 0
A80: 21:30-21:45 | J80: =SUMPRODUCT(B80:I80,$B$11:$I$11) -> 0
A81: 21:45-22:00 | J81: =SUMPRODUCT(B81:I81,$B$11:$I$11) -> 0 | K81: =J81+J80 -> 0 | L81: =SUM(J78:J81) -> 0 | M81: =SUM(C78:I81) -> 0
A82: SUMME : | B82: =SUM(B$14:B81) -> 2 | C82: =SUM(C$14:C81) -> 4 | D82: =SUM(D$14:D81) -> 571 | E82: =SUM(E$14:E81) -> 0 | F82: =SUM(F$14:F81) -> 0 | G82: =SUM(G$14:G81) -> 4 | H82: =SUM(H$14:H81) -> 0 | I82: =SUM(I$14:I81) -> 0 | J82: =SUM(B82:I82) -> 581

Sheet R8
A3: ICRA Schwap e.U.
A4: VERKEHRSZÄHLUNG - PKW-Einheiten
A5: Datum : | J5: Lfd. Nummer : | K5: 0
A6: =Deckbl.!I11 -> 45944 | J6: Wetter : | K6: =Deckbl.!I12 -> 9-14 ° sonnig
B7: Verkehrszählung : | C7: =Deckbl.!C8 -> B122 / Badhaller Straße / Holznerweg (Bad Hall)
B8: Zählstelle : | I8: Sachbearbeiter : | J8: ICRA / Schwap
B9: Richtung : | C9: R8 | I9: Uhrzeit : | J9: =Deckbl.!C11 -> 7-19 Uhr
B10: Bemerkung :
A11: Faktoren | B11: 0.3 | C11: 0.5 | D11: 1 | E11: 2 | F11: 2 | G11: 2 | H11: 3 | I11: 2
C12: einsp. | D12: PKW | E12: Linien- | F12: Reise- | G12: LKW | H12: LKW + | I12: Traktor | J12: PKW-E | K12: PKW-E | L12: PKW-E | M12: KFZ
A13: Zeit | B13: Rad | C13: KFZ | D13: Kombi | E13: bus | F13: bus | H13: Anh. | I13: Sonst. | J13: / 15 min | K13: / 30 min | L13: / 1 Std. | M13: / 1 Std.
A14: 5:00-5:15 | J14: =SUMPRODUCT(B14:I14,$B$11:$I$11) -> 0
A15: 5:15-5:30 | J15: =SUMPRODUCT(B15:I15,$B$11:$I$11) -> 0 | K15: =J15+J14 -> 0
A16: 5:30-5:45 | J16: =SUMPRODUCT(B16:I16,$B$11:$I$11) -> 0
A17: 5:45-6:00 | J17: =SUMPRODUCT(B17:I17,$B$11:$I$11) -> 0 | K17: =J17+J16 -> 0 | L17: =SUM(J14:J17) -> 0 | M17: =SUM(C14:I17) -> 0
A18: 6:00-6:15 | J18: =SUMPRODUCT(B18:I18,$B$11:$I$11) -> 0
A19: 6:15-6:30 | J19: =SUMPRODUCT(B19:I19,$B$11:$I$11) -> 0 | K19: =J19+J18 -> 0
A20: 6:30-6:45 | J20: =SUMPRODUCT(B20:I20,$B$11:$I$11) -> 0
A21: 6:45-7:00 | J21: =SUMPRODUCT(B21:I21,$B$11:$I$11) -> 0 | K21: =J21+J20 -> 0 | L21: =SUM(J18:J21) -> 0 | M21: =SUM(C18:I21) -> 0
A22: 7:00-7:15 | B22: 0 | C22: 1 | D22: 123 | E22: 0 | F22: 0 | G22: 3 | H22: 5 | I22: 0 | J22: =SUMPRODUCT(B22:I22,$B$11:$I$11) -> 144.5
A23: 7:15-7:30 | B23: 0 | C23: 0 | D23: 108 | E23: 1 | F23: 0 | G23: 3 | H23: 2 | I23: 0 | J23: =SUMPRODUCT(B23:I23,$B$11:$I$11) -> 122 | K23: =J23+J22 -> 266.5
A24: 7:30-7:45 | B24: 0 | C24: 0 | D24: 114 | E24: 1 | F24: 0 | G24: 2 | H24: 4 | I24: 0 | J24: =SUMPRODUCT(B24:I24,$B$11:$I$11) -> 132
A25: 7:45-8:00 | B25: 0 | C25: 1 | D25: 90 | E25: 0 | F25: 1 | G25: 4 | H25: 2 | I25: 0 | J25: =SUMPRODUCT(B25:I25,$B$11:$I$11) -> 106.5 | K25: =J25+J24 -> 238.5 | L25: =SUM(J22:J25) -> 505 | M25: =SUM(C22:I25) -> 465
A26: 8:00-8:15 | B26: 0 | C26: 0 | D26: 86 | E26: 1 | F26: 0 | G26: 4 | H26: 4 | I26: 1 | J26: =SUMPRODUCT(B26:I26,$B$11:$I$11) -> 110
A27: 8:15-8:30 | B27: 0 | C27: 0 | D27: 73 | E27: 1 | F27: 0 | G27: 3 | H27: 1 | I27: 0 | J27: =SUMPRODUCT(B27:I27,$B$11:$I$11) -> 84 | K27: =J27+J26 -> 194
A28: 8:30-8:45 | B28: 0 | C28: 0 | D28: 73 | E28: 2 | F28: 0 | G28: 6 | H28: 7 | I28: 0 | J28: =SUMPRODUCT(B28:I28,$B$11:$I$11) -> 110
A29: 8:45-9:00 | B29: 0 | C29: 0 | D29: 68 | E29: 2 | F29: 0 | G29: 1 | H29: 7 | I29: 0 | J29: =SUMPRODUCT(B29:I29,$B$11:$I$11) -> 95 | K29: =J29+J28 -> 205 | L29: =SUM(J26:J29) -> 399 | M29: =SUM(C26:I29) -> 340
A30: 9:00-9:15 | B30: 0 | C30: 0 | D30: 58 | E30: 1 | F30: 0 | G30: 2 | H30: 6 | I30: 0 | J30: =SUMPRODUCT(B30:I30,$B$11:$I$11) -> 82
A31: 9:15-9:30 | B31: 0 | C31: 0 | D31: 74 | E31: 0 | F31: 0 | G31: 2 | H31: 10 | I31: 0 | J31: =SUMPRODUCT(B31:I31,$B$11:$I$11) -> 108 | K31: =J31+J30 -> 190
A32: 9:30-9:45 | B32: 0 | C32: 1 | D32: 64 | E32: 2 | F32: 0 | G32: 3 | H32: 8 | I32: 0 | J32: =SUMPRODUCT(B32:I32,$B$11:$I$11) -> 98.5
A33: 9:45-10:00 | B33: 0 | C33: 0 | D33: 60 | E33: 0 | F33: 0 | G33: 3 | H33: 4 | I33: 0 | J33: =SUMPRODUCT(B33:I33,$B$11:$I$11) -> 78 | K33: =J33+J32 -> 176.5 | L33: =SUM(J30:J33) -> 366.5 | M33: =SUM(C30:I33) -> 298
A34: 10:00-10:15 | B34: 0 | C34: 0 | D34: 58 | E34: 1 | F34: 0 | G34: 3 | H34: 4 | I34: 0 | J34: =SUMPRODUCT(B34:I34,$B$11:$I$11) -> 78
A35: 10:15-10:30 | B35: 0 | C35: 0 | D35: 57 | E35: 0 | F35: 0 | G35: 2 | H35: 7 | I35: 0 | J35: =SUMPRODUCT(B35:I35,$B$11:$I$11) -> 82 | K35: =J35+J34 -> 160
A36: 10:30-10:45 | B36: 0 | C36: 1 | D36: 55 | E36: 2 | F36: 0 | G36: 1 | H36: 8 | I36: 1 | J36: =SUMPRODUCT(B36:I36,$B$11:$I$11) -> 87.5
A37: 10:45-11:00 | B37: 0 | C37: 1 | D37: 65 | E37: 1 | F37: 0 | G37: 2 | H37: 4 | I37: 0 | J37: =SUMPRODUCT(B37:I37,$B$11:$I$11) -> 83.5 | K37: =J37+J36 -> 171 | L37: =SUM(J34:J37) -> 331 | M37: =SUM(C34:I37) -> 273
A38: 11:00-11:15 | B38: 0 | C38: 0 | D38: 64 | E38: 0 | F38: 0 | G38: 5 | H38: 8 | I38: 1 | J38: =SUMPRODUCT(B38:I38,$B$11:$I$11) -> 100
A39: 11:15-11:30 | B39: 0 | C39: 0 | D39: 65 | E39: 0 | F39: 0 | G39: 6 | H39: 8 | I39: 0 | J39: =SUMPRODUCT(B39:I39,$B$11:$I$11) -> 101 | K39: =J39+J38 -> 201
A40: 11:30-11:45 | B40: 0 | C40: 0 | D40: 64 | E40: 2 | F40: 0 | G40: 6 | H40: 7 | I40: 0 | J40: =SUMPRODUCT(B40:I40,$B$11:$I$11) -> 101
A41: 11:45-12:00 | B41: 0 | C41: 0 | D41: 56 | E41: 3 | F41: 0 | G41: 2 | H41: 5 | I41: 1 | J41: =SUMPRODUCT(B41:I41,$B$11:$I$11) -> 83 | K41: =J41+J40 -> 184 | L41: =SUM(J38:J41) -> 385 | M41: =SUM(C38:I41) -> 303
A42: 12:00-12:15 | B42: 0 | C42: 1 | D42: 65 | E42: 2 | F42: 0 | G42: 2 | H42: 8 | I42: 0 | J42: =SUMPRODUCT(B42:I42,$B$11:$I$11) -> 97.5
A43: 12:15-12:30 | B43: 0 | C43: 2 | D43: 61 | E43: 0 | F43: 0 | G43: 6 | H43: 8 | I43: 0 | J43: =SUMPRODUCT(B43:I43,$B$11:$I$11) -> 98 | K43: =J43+J42 -> 195.5
A44: 12:30-12:45 | B44: 0 | C44: 0 | D44: 59 | E44: 3 | F44: 0 | G44: 2 | H44: 7 | I44: 0 | J44: =SUMPRODUCT(B44:I44,$B$11:$I$11) -> 90
A45: 12:45-13:00 | B45: 0 | C45: 1 | D45: 66 | E45: 1 | F45: 0 | G45: 1 | H45: 2 | I45: 0 | J45: =SUMPRODUCT(B45:I45,$B$11:$I$11) -> 76.5 | K45: =J45+J44 -> 166.5 | L45: =SUM(J42:J45) -> 362 | M45: =SUM(C42:I45) -> 297
A46: 13:00-13:15 | B46: 0 | C46: 0 | D46: 75 | E46: 0 | F46: 0 | G46: 4 | H46: 4 | I46: 1 | J46: =SUMPRODUCT(B46:I46,$B$11:$I$11) -> 97
A47: 13:15-13:30 | B47: 0 | C47: 0 | D47: 82 | E47: 0 | F47: 0 | G47: 3 | H47: 6 | I47: 0 | J47: =SUMPRODUCT(B47:I47,$B$11:$I$11) -> 106 | K47: =J47+J46 -> 203
A48: 13:30-13:45 | B48: 0 | C48: 0 | D48: 52 | E48: 2 | F48: 0 | G48: 5 | H48: 3 | I48: 0 | J48: =SUMPRODUCT(B48:I48,$B$11:$I$11) -> 75
A49: 13:45-14:00 | B49: 0 | C49: 1 | D49: 62 | E49: 1 | F49: 0 | G49: 3 | H49: 7 | I49: 0 | J49: =SUMPRODUCT(B49:I49,$B$11:$I$11) -> 91.5 | K49: =J49+J48 -> 166.5 | L49: =SUM(J46:J49) -> 369.5 | M49: =SUM(C46:I49) -> 311
A50: 14:00-14:15 | B50: 0 | C50: 1 | D50: 61 | E50: 1 | F50: 0 | G50: 5 | H50: 11 | I50: 0 | J50: =SUMPRODUCT(B50:I50,$B$11:$I$11) -> 106.5
A51: 14:15-14:30 | B51: 0 | C51: 1 | D51: 62 | E51: 0 | F51: 0 | G51: 2 | H51: 8 | I51: 0 | J51: =SUMPRODUCT(B51:I51,$B$11:$I$11) -> 90.5 | K51: =J51+J50 -> 197
A52: 14:30-14:45 | B52: 0 | C52: 0 | D52: 67 | E52: 3 | F52: 0 | G52: 7 | H52: 8 | I52: 1 | J52: =SUMPRODUCT(B52:I52,$B$11:$I$11) -> 113
A53: 14:45-15:00 | B53: 0 | C53: 2 | D53: 73 | E53: 1 | F53: 0 | G53: 2 | H53: 3 | I53: 0 | J53: =SUMPRODUCT(B53:I53,$B$11:$I$11) -> 89 | K53: =J53+J52 -> 202 | L53: =SUM(J50:J53) -> 399 | M53: =SUM(C50:I53) -> 319
A54: 15:00-15:15 | B54: 0 | C54: 1 | D54: 75 | E54: 1 | F54: 0 | G54: 4 | H54: 4 | I54: 0 | J54: =SUMPRODUCT(B54:I54,$B$11:$I$11) -> 97.5
A55: 15:15-15:30 | B55: 0 | C55: 0 | D55: 94 | E55: 0 | F55: 0 | G55: 3 | H55: 6 | I55: 0 | J55: =SUMPRODUCT(B55:I55,$B$11:$I$11) -> 118 | K55: =J55+J54 -> 215.5
A56: 15:30-15:45 | B56: 0 | C56: 0 | D56: 96 | E56: 2 | F56: 0 | G56: 2 | H56: 4 | I56: 0 | J56: =SUMPRODUCT(B56:I56,$B$11:$I$11) -> 116
A57: 15:45-16:00 | B57: 0 | C57: 2 | D57: 96 | E57: 1 | F57: 0 | G57: 4 | H57: 5 | I57: 1 | J57: =SUMPRODUCT(B57:I57,$B$11:$I$11) -> 124 | K57: =J57+J56 -> 240 | L57: =SUM(J54:J57) -> 455.5 | M57: =SUM(C54:I57) -> 401
A58: 16:00-16:15 | B58: 0 | C58: 0 | D58: 88 | E58: 1 | F58: 0 | G58: 3 | H58: 2 | I58: 0 | J58: =SUMPRODUCT(B58:I58,$B$11:$I$11) -> 102
A59: 16:15-16:30 | B59: 0 | C59: 1 | D59: 84 | E59: 0 | F59: 0 | G59: 0 | H59: 4 | I59: 0 | J59: =SUMPRODUCT(B59:I59,$B$11:$I$11) -> 96.5 | K59: =J59+J58 -> 198.5
A60: 16:30-16:45 | B60: 0 | C60: 0 | D60: 95 | E60: 1 | F60: 0 | G60: 0 | H60: 2 | I60: 0 | J60: =SUMPRODUCT(B60:I60,$B$11:$I$11) -> 103
A61: 16:45-17:00 | B61: 0 | C61: 3 | D61: 93 | E61: 0 | F61: 0 | G61: 1 | H61: 4 | I61: 0 | J61: =SUMPRODUCT(B61:I61,$B$11:$I$11) -> 108.5 | K61: =J61+J60 -> 211.5 | L61: =SUM(J58:J61) -> 410 | M61: =SUM(C58:I61) -> 382
A62: 17:00-17:15 | B62: 0 | C62: 1 | D62: 78 | E62: 2 | F62: 0 | G62: 3 | H62: 3 | I62: 1 | J62: =SUMPRODUCT(B62:I62,$B$11:$I$11) -> 99.5
A63: 17:15-17:30 | B63: 0 | C63: 3 | D63: 75 | E63: 0 | F63: 0 | G63: 2 | H63: 3 | I63: 0 | J63: =SUMPRODUCT(B63:I63,$B$11:$I$11) -> 89.5 | K63: =J63+J62 -> 189
A64: 17:30-17:45 | B64: 0 | C64: 2 | D64: 68 | E64: 2 | F64: 0 | G64: 0 | H64: 2 | I64: 0 | J64: =SUMPRODUCT(B64:I64,$B$11:$I$11) -> 79
A65: 17:45-18:00 | B65: 0 | C65: 0 | D65: 81 | E65: 1 | F65: 0 | G65: 0 | H65: 3 | I65: 0 | J65: =SUMPRODUCT(B65:I65,$B$11:$I$11) -> 92 | K65: =J65+J64 -> 171 | L65: =SUM(J62:J65) -> 360 | M65: =SUM(C62:I65) -> 330
A66: 18:00-18:15 | B66: 0 | C66: 0 | D66: 76 | E66: 0 | F66: 0 | G66: 0 | H66: 1 | I66: 0 | J66: =SUMPRODUCT(B66:I66,$B$11:$I$11) -> 79
A67: 18:15-18:30 | B67: 0 | C67: 1 | D67: 55 | E67: 0 | F67: 0 | G67: 1 | H67: 1 | I67: 0 | J67: =SUMPRODUCT(B67:I67,$B$11:$I$11) -> 60.5 | K67: =J67+J66 -> 139.5
A68: 18:30-18:45 | B68: 0 | C68: 0 | D68: 55 | E68: 2 | F68: 0 | G68: 1 | H68: 3 | I68: 1 | J68: =SUMPRODUCT(B68:I68,$B$11:$I$11) -> 72
A69: 18:45-19:00 | B69: 0 | C69: 0 | D69: 51 | E69: 1 | F69: 0 | G69: 0 | H69: 1 | I69: 0 | J69: =SUMPRODUCT(B69:I69,$B$11:$I$11) -> 56 | K69: =J69+J68 -> 128 | L69: =SUM(J66:J69) -> 267.5 | M69: =SUM(C66:I69) -> 250
A70: 19:00-19:15 | J70: =SUMPRODUCT(B70:I70,$B$11:$I$11) -> 0
A71: 19:15-19:30 | J71: =SUMPRODUCT(B71:I71,$B$11:$I$11) -> 0 | K71: =J71+J70 -> 0
A72: 19:30-19:45 | J72: =SUMPRODUCT(B72:I72,$B$11:$I$11) -> 0
A73: 19:45-20:00 | J73: =SUMPRODUCT(B73:I73,$B$11:$I$11) -> 0 | K73: =J73+J72 -> 0 | L73: =SUM(J70:J73) -> 0 | M73: =SUM(C70:I73) -> 0
A74: 20:00-20:15 | J74: =SUMPRODUCT(B74:I74,$B$11:$I$11) -> 0
A75: 20:15-20:30 | J75: =SUMPRODUCT(B75:I75,$B$11:$I$11) -> 0 | K75: =J75+J74 -> 0
A76: 20:30-20:45 | J76: =SUMPRODUCT(B76:I76,$B$11:$I$11) -> 0
A77: 20:45-21:00 | J77: =SUMPRODUCT(B77:I77,$B$11:$I$11) -> 0 | K77: =J77+J76 -> 0 | L77: =SUM(J74:J77) -> 0 | M77: =SUM(C74:I77) -> 0
A78: 21:00-21:15 | J78: =SUMPRODUCT(B78:I78,$B$11:$I$11) -> 0
A79: 21:15-21:30 | J79: =SUMPRODUCT(B79:I79,$B$11:$I$11) -> 0 | K79: =J79+J78 -> 0
A80: 21:30-21:45 | J80: =SUMPRODUCT(B80:I80,$B$11:$I$11) -> 0
A81: 21:45-22:00 | J81: =SUMPRODUCT(B81:I81,$B$11:$I$11) -> 0 | K81: =J81+J80 -> 0 | L81: =SUM(J78:J81) -> 0 | M81: =SUM(C78:I81) -> 0
A82: SUMME : | B82: =SUM(B$14:B81) -> 0 | C82: =SUM(C$14:C81) -> 28 | D82: =SUM(D$14:D81) -> 3520 | E82: =SUM(E$14:E81) -> 48 | F82: =SUM(F$14:F81) -> 1 | G82: =SUM(G$14:G81) -> 129 | H82: =SUM(H$14:H81) -> 234 | I82: =SUM(I$14:I81) -> 9 | J82: =SUM(B82:I82) -> 3969

Sheet R9
A3: ICRA Schwap e.U.
A4: VERKEHRSZÄHLUNG - PKW-Einheiten
A5: Datum : | J5: Lfd. Nummer : | K5: 0
A6: =Deckbl.!I11 -> 45944 | J6: Wetter : | K6: =Deckbl.!I12 -> 9-14 ° sonnig
B7: Verkehrszählung : | C7: =Deckbl.!C8 -> B122 / Badhaller Straße / Holznerweg (Bad Hall)
B8: Zählstelle : | I8: Sachbearbeiter : | J8: ICRA / Schwap
B9: Richtung : | C9: R9 | I9: Uhrzeit : | J9: =Deckbl.!C11 -> 7-19 Uhr
B10: Bemerkung :
A11: Faktoren | B11: 0.3 | C11: 0.5 | D11: 1 | E11: 2 | F11: 2 | G11: 2 | H11: 3 | I11: 2
C12: einsp. | D12: PKW | E12: Linien- | F12: Reise- | G12: LKW | H12: LKW + | I12: Traktor | J12: PKW-E | K12: PKW-E | L12: PKW-E | M12: KFZ
A13: Zeit | B13: Rad | C13: KFZ | D13: Kombi | E13: bus | F13: bus | H13: Anh. | I13: Sonst. | J13: / 15 min | K13: / 30 min | L13: / 1 Std. | M13: / 1 Std.
A14: 5:00-5:15 | J14: =SUMPRODUCT(B14:I14,$B$11:$I$11) -> 0
A15: 5:15-5:30 | J15: =SUMPRODUCT(B15:I15,$B$11:$I$11) -> 0 | K15: =J15+J14 -> 0
A16: 5:30-5:45 | J16: =SUMPRODUCT(B16:I16,$B$11:$I$11) -> 0
A17: 5:45-6:00 | J17: =SUMPRODUCT(B17:I17,$B$11:$I$11) -> 0 | K17: =J17+J16 -> 0 | L17: =SUM(J14:J17) -> 0 | M17: =SUM(C14:I17) -> 0
A18: 6:00-6:15 | J18: =SUMPRODUCT(B18:I18,$B$11:$I$11) -> 0
A19: 6:15-6:30 | J19: =SUMPRODUCT(B19:I19,$B$11:$I$11) -> 0 | K19: =J19+J18 -> 0
A20: 6:30-6:45 | J20: =SUMPRODUCT(B20:I20,$B$11:$I$11) -> 0
A21: 6:45-7:00 | J21: =SUMPRODUCT(B21:I21,$B$11:$I$11) -> 0 | K21: =J21+J20 -> 0 | L21: =SUM(J18:J21) -> 0 | M21: =SUM(C18:I21) -> 0
A22: 7:00-7:15 | B22: 0 | C22: 0 | D22: 20 | E22: 0 | F22: 0 | G22: 0 | H22: 0 | I22: 0 | J22: =SUMPRODUCT(B22:I22,$B$11:$I$11) -> 20
A23: 7:15-7:30 | B23: 0 | C23: 0 | D23: 41 | E23: 1 | F23: 0 | G23: 0 | H23: 0 | I23: 0 | J23: =SUMPRODUCT(B23:I23,$B$11:$I$11) -> 43 | K23: =J23+J22 -> 63
A24: 7:30-7:45 | B24: 0 | C24: 0 | D24: 23 | E24: 1 | F24: 0 | G24: 0 | H24: 0 | I24: 0 | J24: =SUMPRODUCT(B24:I24,$B$11:$I$11) -> 25
A25: 7:45-8:00 | B25: 0 | C25: 0 | D25: 14 | E25: 0 | F25: 0 | G25: 0 | H25: 0 | I25: 0 | J25: =SUMPRODUCT(B25:I25,$B$11:$I$11) -> 14 | K25: =J25+J24 -> 39 | L25: =SUM(J22:J25) -> 102 | M25: =SUM(C22:I25) -> 100
A26: 8:00-8:15 | B26: 0 | C26: 0 | D26: 19 | E26: 0 | F26: 0 | G26: 1 | H26: 0 | I26: 0 | J26: =SUMPRODUCT(B26:I26,$B$11:$I$11) -> 21
A27: 8:15-8:30 | B27: 0 | C27: 0 | D27: 14 | E27: 0 | F27: 0 | G27: 1 | H27: 0 | I27: 0 | J27: =SUMPRODUCT(B27:I27,$B$11:$I$11) -> 16 | K27: =J27+J26 -> 37
A28: 8:30-8:45 | B28: 0 | C28: 0 | D28: 21 | E28: 1 | F28: 0 | G28: 2 | H28: 1 | I28: 0 | J28: =SUMPRODUCT(B28:I28,$B$11:$I$11) -> 30
A29: 8:45-9:00 | B29: 0 | C29: 0 | D29: 12 | E29: 0 | F29: 0 | G29: 0 | H29: 0 | I29: 0 | J29: =SUMPRODUCT(B29:I29,$B$11:$I$11) -> 12 | K29: =J29+J28 -> 42 | L29: =SUM(J26:J29) -> 79 | M29: =SUM(C26:I29) -> 72
A30: 9:00-9:15 | B30: 0 | C30: 0 | D30: 14 | E30: 0 | F30: 0 | G30: 0 | H30: 0 | I30: 0 | J30: =SUMPRODUCT(B30:I30,$B$11:$I$11) -> 14
A31: 9:15-9:30 | B31: 0 | C31: 0 | D31: 11 | E31: 0 | F31: 0 | G31: 0 | H31: 0 | I31: 0 | J31: =SUMPRODUCT(B31:I31,$B$11:$I$11) -> 11 | K31: =J31+J30 -> 25
A32: 9:30-9:45 | B32: 0 | C32: 0 | D32: 15 | E32: 1 | F32: 0 | G32: 0 | H32: 0 | I32: 0 | J32: =SUMPRODUCT(B32:I32,$B$11:$I$11) -> 17
A33: 9:45-10:00 | B33: 0 | C33: 0 | D33: 9 | E33: 0 | F33: 0 | G33: 0 | H33: 0 | I33: 0 | J33: =SUMPRODUCT(B33:I33,$B$11:$I$11) -> 9 | K33: =J33+J32 -> 26 | L33: =SUM(J30:J33) -> 51 | M33: =SUM(C30:I33) -> 50
A34: 10:00-10:15 | B34: 0 | C34: 0 | D34: 12 | E34: 0 | F34: 0 | G34: 0 | H34: 0 | I34: 0 | J34: =SUMPRODUCT(B34:I34,$B$11:$I$11) -> 12
A35: 10:15-10:30 | B35: 0 | C35: 0 | D35: 13 | E35: 0 | F35: 0 | G35: 0 | H35: 0 | I35: 0 | J35: =SUMPRODUCT(B35:I35,$B$11:$I$11) -> 13 | K35: =J35+J34 -> 25
A36: 10:30-10:45 | B36: 0 | C36: 0 | D36: 13 | E36: 0 | F36: 0 | G36: 0 | H36: 0 | I36: 0 | J36: =SUMPRODUCT(B36:I36,$B$11:$I$11) -> 13
A37: 10:45-11:00 | B37: 0 | C37: 0 | D37: 8 | E37: 0 | F37: 0 | G37: 0 | H37: 0 | I37: 0 | J37: =SUMPRODUCT(B37:I37,$B$11:$I$11) -> 8 | K37: =J37+J36 -> 21 | L37: =SUM(J34:J37) -> 46 | M37: =SUM(C34:I37) -> 46
A38: 11:00-11:15 | B38: 0 | C38: 0 | D38: 18 | E38: 0 | F38: 0 | G38: 1 | H38: 0 | I38: 0 | J38: =SUMPRODUCT(B38:I38,$B$11:$I$11) -> 20
A39: 11:15-11:30 | B39: 0 | C39: 0 | D39: 25 | E39: 1 | F39: 0 | G39: 0 | H39: 0 | I39: 0 | J39: =SUMPRODUCT(B39:I39,$B$11:$I$11) -> 27 | K39: =J39+J38 -> 47
A40: 11:30-11:45 | B40: 0 | C40: 0 | D40: 19 | E40: 0 | F40: 0 | G40: 1 | H40: 0 | I40: 0 | J40: =SUMPRODUCT(B40:I40,$B$11:$I$11) -> 21
A41: 11:45-12:00 | B41: 0 | C41: 1 | D41: 16 | E41: 0 | F41: 0 | G41: 0 | H41: 0 | I41: 0 | J41: =SUMPRODUCT(B41:I41,$B$11:$I$11) -> 16.5 | K41: =J41+J40 -> 37.5 | L41: =SUM(J38:J41) -> 84.5 | M41: =SUM(C38:I41) -> 82
A42: 12:00-12:15 | B42: 0 | C42: 0 | D42: 24 | E42: 0 | F42: 0 | G42: 0 | H42: 0 | I42: 0 | J42: =SUMPRODUCT(B42:I42,$B$11:$I$11) -> 24
A43: 12:15-12:30 | B43: 0 | C43: 0 | D43: 16 | E43: 0 | F43: 0 | G43: 0 | H43: 0 | I43: 0 | J43: =SUMPRODUCT(B43:I43,$B$11:$I$11) -> 16 | K43: =J43+J42 -> 40
A44: 12:30-12:45 | B44: 0 | C44: 0 | D44: 20 | E44: 2 | F44: 0 | G44: 0 | H44: 0 | I44: 0 | J44: =SUMPRODUCT(B44:I44,$B$11:$I$11) -> 24
A45: 12:45-13:00 | B45: 0 | C45: 0 | D45: 23 | E45: 0 | F45: 0 | G45: 0 | H45: 0 | I45: 0 | J45: =SUMPRODUCT(B45:I45,$B$11:$I$11) -> 23 | K45: =J45+J44 -> 47 | L45: =SUM(J42:J45) -> 87 | M45: =SUM(C42:I45) -> 85
A46: 13:00-13:15 | B46: 0 | C46: 0 | D46: 18 | E46: 1 | F46: 0 | G46: 0 | H46: 0 | I46: 0 | J46: =SUMPRODUCT(B46:I46,$B$11:$I$11) -> 20
A47: 13:15-13:30 | B47: 0 | C47: 0 | D47: 14 | E47: 0 | F47: 0 | G47: 0 | H47: 0 | I47: 0 | J47: =SUMPRODUCT(B47:I47,$B$11:$I$11) -> 14 | K47: =J47+J46 -> 34
A48: 13:30-13:45 | B48: 0 | C48: 1 | D48: 10 | E48: 0 | F48: 0 | G48: 0 | H48: 0 | I48: 0 | J48: =SUMPRODUCT(B48:I48,$B$11:$I$11) -> 10.5
A49: 13:45-14:00 | B49: 0 | C49: 0 | D49: 21 | E49: 0 | F49: 0 | G49: 0 | H49: 0 | I49: 0 | J49: =SUMPRODUCT(B49:I49,$B$11:$I$11) -> 21 | K49: =J49+J48 -> 31.5 | L49: =SUM(J46:J49) -> 65.5 | M49: =SUM(C46:I49) -> 65
A50: 14:00-14:15 | B50: 0 | C50: 0 | D50: 22 | E50: 0 | F50: 0 | G50: 0 | H50: 0 | I50: 0 | J50: =SUMPRODUCT(B50:I50,$B$11:$I$11) -> 22
A51: 14:15-14:30 | B51: 0 | C51: 0 | D51: 13 | E51: 0 | F51: 0 | G51: 0 | H51: 0 | I51: 0 | J51: =SUMPRODUCT(B51:I51,$B$11:$I$11) -> 13 | K51: =J51+J50 -> 35
A52: 14:30-14:45 | B52: 0 | C52: 0 | D52: 20 | E52: 1 | F52: 0 | G52: 0 | H52: 0 | I52: 0 | J52: =SUMPRODUCT(B52:I52,$B$11:$I$11) -> 22
A53: 14:45-15:00 | B53: 0 | C53: 0 | D53: 20 | E53: 0 | F53: 0 | G53: 0 | H53: 0 | I53: 0 | J53: =SUMPRODUCT(B53:I53,$B$11:$I$11) -> 20 | K53: =J53+J52 -> 42 | L53: =SUM(J50:J53) -> 77 | M53: =SUM(C50:I53) -> 76
A54: 15:00-15:15 | B54: 0 | C54: 0 | D54: 31 | E54: 1 | F54: 0 | G54: 0 | H54: 0 | I54: 0 | J54: =SUMPRODUCT(B54:I54,$B$11:$I$11) -> 33
A55: 15:15-15:30 | B55: 0 | C55: 0 | D55: 31 | E55: 0 | F55: 0 | G55: 0 | H55: 0 | I55: 0 | J55: =SUMPRODUCT(B55:I55,$B$11:$I$11) -> 31 | K55: =J55+J54 -> 64
A56: 15:30-15:45 | B56: 0 | C56: 1 | D56: 16 | E56: 1 | F56: 0 | G56: 0 | H56: 0 | I56: 0 | J56: =SUMPRODUCT(B56:I56,$B$11:$I$11) -> 18.5
A57: 15:45-16:00 | B57: 0 | C57: 0 | D57: 31 | E57: 0 | F57: 0 | G57: 0 | H57: 0 | I57: 0 | J57: =SUMPRODUCT(B57:I57,$B$11:$I$11) -> 31 | K57: =J57+J56 -> 49.5 | L57: =SUM(J54:J57) -> 113.5 | M57: =SUM(C54:I57) -> 112
A58: 16:00-16:15 | B58: 0 | C58: 0 | D58: 27 | E58: 0 | F58: 0 | G58: 0 | H58: 0 | I58: 0 | J58: =SUMPRODUCT(B58:I58,$B$11:$I$11) -> 27
A59: 16:15-16:30 | B59: 0 | C59: 0 | D59: 27 | E59: 0 | F59: 0 | G59: 0 | H59: 0 | I59: 0 | J59: =SUMPRODUCT(B59:I59,$B$11:$I$11) -> 27 | K59: =J59+J58 -> 54
A60: 16:30-16:45 | B60: 1 | C60: 0 | D60: 25 | E60: 0 | F60: 0 | G60: 0 | H60: 0 | I60: 0 | J60: =SUMPRODUCT(B60:I60,$B$11:$I$11) -> 25.3
A61: 16:45-17:00 | B61: 0 | C61: 0 | D61: 39 | E61: 1 | F61: 0 | G61: 0 | H61: 0 | I61: 0 | J61: =SUMPRODUCT(B61:I61,$B$11:$I$11) -> 41 | K61: =J61+J60 -> 66.3 | L61: =SUM(J58:J61) -> 120.3 | M61: =SUM(C58:I61) -> 119
A62: 17:00-17:15 | B62: 0 | C62: 0 | D62: 24 | E62: 0 | F62: 0 | G62: 0 | H62: 0 | I62: 0 | J62: =SUMPRODUCT(B62:I62,$B$11:$I$11) -> 24
A63: 17:15-17:30 | B63: 0 | C63: 0 | D63: 22 | E63: 0 | F63: 0 | G63: 0 | H63: 0 | I63: 0 | J63: =SUMPRODUCT(B63:I63,$B$11:$I$11) -> 22 | K63: =J63+J62 -> 46
A64: 17:30-17:45 | B64: 0 | C64: 1 | D64: 23 | E64: 1 | F64: 0 | G64: 1 | H64: 0 | I64: 0 | J64: =SUMPRODUCT(B64:I64,$B$11:$I$11) -> 27.5
A65: 17:45-18:00 | B65: 0 | C65: 0 | D65: 30 | E65: 0 | F65: 0 | G65: 0 | H65: 0 | I65: 0 | J65: =SUMPRODUCT(B65:I65,$B$11:$I$11) -> 30 | K65: =J65+J64 -> 57.5 | L65: =SUM(J62:J65) -> 103.5 | M65: =SUM(C62:I65) -> 102
A66: 18:00-18:15 | B66: 0 | C66: 1 | D66: 19 | E66: 0 | F66: 0 | G66: 0 | H66: 0 | I66: 0 | J66: =SUMPRODUCT(B66:I66,$B$11:$I$11) -> 19.5
A67: 18:15-18:30 | B67: 0 | C67: 0 | D67: 22 | E67: 0 | F67: 0 | G67: 0 | H67: 0 | I67: 0 | J67: =SUMPRODUCT(B67:I67,$B$11:$I$11) -> 22 | K67: =J67+J66 -> 41.5
A68: 18:30-18:45 | B68: 0 | C68: 0 | D68: 24 | E68: 1 | F68: 0 | G68: 0 | H68: 0 | I68: 0 | J68: =SUMPRODUCT(B68:I68,$B$11:$I$11) -> 26
A69: 18:45-19:00 | B69: 0 | C69: 0 | D69: 21 | E69: 0 | F69: 0 | G69: 0 | H69: 0 | I69: 0 | J69: =SUMPRODUCT(B69:I69,$B$11:$I$11) -> 21 | K69: =J69+J68 -> 47 | L69: =SUM(J66:J69) -> 88.5 | M69: =SUM(C66:I69) -> 88
A70: 19:00-19:15 | J70: =SUMPRODUCT(B70:I70,$B$11:$I$11) -> 0
A71: 19:15-19:30 | J71: =SUMPRODUCT(B71:I71,$B$11:$I$11) -> 0 | K71: =J71+J70 -> 0
A72: 19:30-19:45 | J72: =SUMPRODUCT(B72:I72,$B$11:$I$11) -> 0
A73: 19:45-20:00 | J73: =SUMPRODUCT(B73:I73,$B$11:$I$11) -> 0 | K73: =J73+J72 -> 0 | L73: =SUM(J70:J73) -> 0 | M73: =SUM(C70:I73) -> 0
A74: 20:00-20:15 | J74: =SUMPRODUCT(B74:I74,$B$11:$I$11) -> 0
A75: 20:15-20:30 | J75: =SUMPRODUCT(B75:I75,$B$11:$I$11) -> 0 | K75: =J75+J74 -> 0
A76: 20:30-20:45 | J76: =SUMPRODUCT(B76:I76,$B$11:$I$11) -> 0
A77: 20:45-21:00 | J77: =SUMPRODUCT(B77:I77,$B$11:$I$11) -> 0 | K77: =J77+J76 -> 0 | L77: =SUM(J74:J77) -> 0 | M77: =SUM(C74:I77) -> 0
A78: 21:00-21:15 | J78: =SUMPRODUCT(B78:I78,$B$11:$I$11) -> 0
A79: 21:15-21:30 | J79: =SUMPRODUCT(B79:I79,$B$11:$I$11) -> 0 | K79: =J79+J78 -> 0
A80: 21:30-21:45 | J80: =SUMPRODUCT(B80:I80,$B$11:$I$11) -> 0
A81: 21:45-22:00 | J81: =SUMPRODUCT(B81:I81,$B$11:$I$11) -> 0 | K81: =J81+J80 -> 0 | L81: =SUM(J78:J81) -> 0 | M81: =SUM(C78:I81) -> 0
A82: SUMME : | B82: =SUM(B$14:B81) -> 1 | C82: =SUM(C$14:C81) -> 5 | D82: =SUM(D$14:D81) -> 970 | E82: =SUM(E$14:E81) -> 14 | F82: =SUM(F$14:F81) -> 0 | G82: =SUM(G$14:G81) -> 7 | H82: =SUM(H$14:H81) -> 1 | I82: =SUM(I$14:I81) -> 0 | J82: =SUM(B82:I82) -> 998

Sheet R10
A3: ICRA Schwap e.U.
A4: VERKEHRSZÄHLUNG - PKW-Einheiten
A5: Datum : | J5: Lfd. Nummer : | K5: 0
A6: =Deckbl.!I11 -> 45944 | J6: Wetter : | K6: =Deckbl.!I12 -> 9-14 ° sonnig
B7: Verkehrszählung : | C7: =Deckbl.!C8 -> B122 / Badhaller Straße / Holznerweg (Bad Hall)
B8: Zählstelle : | I8: Sachbearbeiter : | J8: ICRA / Schwap
B9: Richtung : | C9: R10 | I9: Uhrzeit : | J9: =Deckbl.!C11 -> 7-19 Uhr
B10: Bemerkung :
A11: Faktoren | B11: 0.3 | C11: 0.5 | D11: 1 | E11: 2 | F11: 2 | G11: 2 | H11: 3 | I11: 2
C12: einsp. | D12: PKW | E12: Linien- | F12: Reise- | G12: LKW | H12: LKW + | I12: Traktor | J12: PKW-E | K12: PKW-E | L12: PKW-E | M12: KFZ
A13: Zeit | B13: Rad | C13: KFZ | D13: Kombi | E13: bus | F13: bus | H13: Anh. | I13: Sonst. | J13: / 15 min | K13: / 30 min | L13: / 1 Std. | M13: / 1 Std.
A14: 5:00-5:15 | J14: =SUMPRODUCT(B14:I14,$B$11:$I$11) -> 0
A15: 5:15-5:30 | J15: =SUMPRODUCT(B15:I15,$B$11:$I$11) -> 0 | K15: =J15+J14 -> 0
A16: 5:30-5:45 | J16: =SUMPRODUCT(B16:I16,$B$11:$I$11) -> 0
A17: 5:45-6:00 | J17: =SUMPRODUCT(B17:I17,$B$11:$I$11) -> 0 | K17: =J17+J16 -> 0 | L17: =SUM(J14:J17) -> 0 | M17: =SUM(C14:I17) -> 0
A18: 6:00-6:15 | J18: =SUMPRODUCT(B18:I18,$B$11:$I$11) -> 0
A19: 6:15-6:30 | J19: =SUMPRODUCT(B19:I19,$B$11:$I$11) -> 0 | K19: =J19+J18 -> 0
A20: 6:30-6:45 | J20: =SUMPRODUCT(B20:I20,$B$11:$I$11) -> 0
A21: 6:45-7:00 | J21: =SUMPRODUCT(B21:I21,$B$11:$I$11) -> 0 | K21: =J21+J20 -> 0 | L21: =SUM(J18:J21) -> 0 | M21: =SUM(C18:I21) -> 0
A22: 7:00-7:15 | B22: 0 | C22: 0 | D22: 22 | E22: 0 | F22: 0 | G22: 0 | H22: 0 | I22: 0 | J22: =SUMPRODUCT(B22:I22,$B$11:$I$11) -> 22
A23: 7:15-7:30 | B23: 0 | C23: 0 | D23: 29 | E23: 1 | F23: 0 | G23: 0 | H23: 0 | I23: 0 | J23: =SUMPRODUCT(B23:I23,$B$11:$I$11) -> 31 | K23: =J23+J22 -> 53
A24: 7:30-7:45 | B24: 0 | C24: 0 | D24: 24 | E24: 1 | F24: 0 | G24: 0 | H24: 0 | I24: 0 | J24: =SUMPRODUCT(B24:I24,$B$11:$I$11) -> 26
A25: 7:45-8:00 | B25: 0 | C25: 0 | D25: 24 | E25: 0 | F25: 0 | G25: 1 | H25: 0 | I25: 0 | J25: =SUMPRODUCT(B25:I25,$B$11:$I$11) -> 26 | K25: =J25+J24 -> 52 | L25: =SUM(J22:J25) -> 105 | M25: =SUM(C22:I25) -> 102
A26: 8:00-8:15 | B26: 0 | C26: 0 | D26: 16 | E26: 0 | F26: 0 | G26: 1 | H26: 0 | I26: 0 | J26: =SUMPRODUCT(B26:I26,$B$11:$I$11) -> 18
A27: 8:15-8:30 | B27: 0 | C27: 0 | D27: 20 | E27: 1 | F27: 0 | G27: 0 | H27: 0 | I27: 0 | J27: =SUMPRODUCT(B27:I27,$B$11:$I$11) -> 22 | K27: =J27+J26 -> 40
A28: 8:30-8:45 | B28: 0 | C28: 0 | D28: 19 | E28: 0 | F28: 0 | G28: 0 | H28: 0 | I28: 0 | J28: =SUMPRODUCT(B28:I28,$B$11:$I$11) -> 19
A29: 8:45-9:00 | B29: 0 | C29: 0 | D29: 12 | E29: 0 | F29: 0 | G29: 1 | H29: 0 | I29: 0 | J29: =SUMPRODUCT(B29:I29,$B$11:$I$11) -> 14 | K29: =J29+J28 -> 33 | L29: =SUM(J26:J29) -> 73 | M29: =SUM(C26:I29) -> 70
A30: 9:00-9:15 | B30: 0 | C30: 1 | D30: 18 | E30: 0 | F30: 0 | G30: 0 | H30: 0 | I30: 0 | J30: =SUMPRODUCT(B30:I30,$B$11:$I$11) -> 18.5
A31: 9:15-9:30 | B31: 0 | C31: 0 | D31: 17 | E31: 0 | F31: 0 | G31: 0 | H31: 0 | I31: 0 | J31: =SUMPRODUCT(B31:I31,$B$11:$I$11) -> 17 | K31: =J31+J30 -> 35.5
A32: 9:30-9:45 | B32: 0 | C32: 0 | D32: 12 | E32: 0 | F32: 0 | G32: 0 | H32: 0 | I32: 0 | J32: =SUMPRODUCT(B32:I32,$B$11:$I$11) -> 12
A33: 9:45-10:00 | B33: 0 | C33: 0 | D33: 16 | E33: 0 | F33: 0 | G33: 1 | H33: 0 | I33: 0 | J33: =SUMPRODUCT(B33:I33,$B$11:$I$11) -> 18 | K33: =J33+J32 -> 30 | L33: =SUM(J30:J33) -> 65.5 | M33: =SUM(C30:I33) -> 65
A34: 10:00-10:15 | B34: 0 | C34: 0 | D34: 8 | E34: 1 | F34: 0 | G34: 0 | H34: 0 | I34: 0 | J34: =SUMPRODUCT(B34:I34,$B$11:$I$11) -> 10
A35: 10:15-10:30 | B35: 0 | C35: 0 | D35: 9 | E35: 0 | F35: 0 | G35: 0 | H35: 0 | I35: 0 | J35: =SUMPRODUCT(B35:I35,$B$11:$I$11) -> 9 | K35: =J35+J34 -> 19
A36: 10:30-10:45 | B36: 0 | C36: 0 | D36: 10 | E36: 0 | F36: 0 | G36: 0 | H36: 0 | I36: 0 | J36: =SUMPRODUCT(B36:I36,$B$11:$I$11) -> 10
A37: 10:45-11:00 | B37: 0 | C37: 0 | D37: 13 | E37: 0 | F37: 0 | G37: 0 | H37: 0 | I37: 0 | J37: =SUMPRODUCT(B37:I37,$B$11:$I$11) -> 13 | K37: =J37+J36 -> 23 | L37: =SUM(J34:J37) -> 42 | M37: =SUM(C34:I37) -> 41
A38: 11:00-11:15 | B38: 0 | C38: 0 | D38: 23 | E38: 1 | F38: 0 | G38: 0 | H38: 0 | I38: 0 | J38: =SUMPRODUCT(B38:I38,$B$11:$I$11) -> 25
A39: 11:15-11:30 | B39: 0 | C39: 0 | D39: 23 | E39: 0 | F39: 0 | G39: 1 | H39: 0 | I39: 0 | J39: =SUMPRODUCT(B39:I39,$B$11:$I$11) -> 25 | K39: =J39+J38 -> 50
A40: 11:30-11:45 | B40: 0 | C40: 0 | D40: 24 | E40: 0 | F40: 0 | G40: 0 | H40: 0 | I40: 0 | J40: =SUMPRODUCT(B40:I40,$B$11:$I$11) -> 24
A41: 11:45-12:00 | B41: 0 | C41: 0 | D41: 19 | E41: 1 | F41: 0 | G41: 0 | H41: 0 | I41: 0 | J41: =SUMPRODUCT(B41:I41,$B$11:$I$11) -> 21 | K41: =J41+J40 -> 45 | L41: =SUM(J38:J41) -> 95 | M41: =SUM(C38:I41) -> 92
A42: 12:00-12:15 | B42: 0 | C42: 0 | D42: 20 | E42: 0 | F42: 0 | G42: 0 | H42: 0 | I42: 0 | J42: =SUMPRODUCT(B42:I42,$B$11:$I$11) -> 20
A43: 12:15-12:30 | B43: 0 | C43: 0 | D43: 19 | E43: 0 | F43: 0 | G43: 0 | H43: 0 | I43: 0 | J43: =SUMPRODUCT(B43:I43,$B$11:$I$11) -> 19 | K43: =J43+J42 -> 39
A44: 12:30-12:45 | B44: 0 | C44: 0 | D44: 38 | E44: 1 | F44: 0 | G44: 1 | H44: 1 | I44: 0 | J44: =SUMPRODUCT(B44:I44,$B$11:$I$11) -> 45
A45: 12:45-13:00 | B45: 0 | C45: 0 | D45: 16 | E45: 1 | F45: 0 | G45: 0 | H45: 0 | I45: 0 | J45: =SUMPRODUCT(B45:I45,$B$11:$I$11) -> 18 | K45: =J45+J44 -> 63 | L45: =SUM(J42:J45) -> 102 | M45: =SUM(C42:I45) -> 97
A46: 13:00-13:15 | B46: 0 | C46: 0 | D46: 26 | E46: 0 | F46: 0 | G46: 0 | H46: 0 | I46: 0 | J46: =SUMPRODUCT(B46:I46,$B$11:$I$11) -> 26
A47: 13:15-13:30 | B47: 0 | C47: 0 | D47: 23 | E47: 0 | F47: 0 | G47: 0 | H47: 0 | I47: 0 | J47: =SUMPRODUCT(B47:I47,$B$11:$I$11) -> 23 | K47: =J47+J46 -> 49
A48: 13:30-13:45 | B48: 0 | C48: 1 | D48: 15 | E48: 0 | F48: 0 | G48: 0 | H48: 0 | I48: 0 | J48: =SUMPRODUCT(B48:I48,$B$11:$I$11) -> 15.5
A49: 13:45-14:00 | B49: 0 | C49: 0 | D49: 22 | E49: 0 | F49: 0 | G49: 0 | H49: 0 | I49: 0 | J49: =SUMPRODUCT(B49:I49,$B$11:$I$11) -> 22 | K49: =J49+J48 -> 37.5 | L49: =SUM(J46:J49) -> 86.5 | M49: =SUM(C46:I49) -> 87
A50: 14:00-14:15 | B50: 0 | C50: 0 | D50: 20 | E50: 1 | F50: 0 | G50: 0 | H50: 0 | I50: 0 | J50: =SUMPRODUCT(B50:I50,$B$11:$I$11) -> 22
A51: 14:15-14:30 | B51: 0 | C51: 0 | D51: 22 | E51: 0 | F51: 0 | G51: 0 | H51: 0 | I51: 1 | J51: =SUMPRODUCT(B51:I51,$B$11:$I$11) -> 24 | K51: =J51+J50 -> 46
A52: 14:30-14:45 | B52: 0 | C52: 0 | D52: 20 | E52: 1 | F52: 0 | G52: 0 | H52: 0 | I52: 0 | J52: =SUMPRODUCT(B52:I52,$B$11:$I$11) -> 22
A53: 14:45-15:00 | B53: 0 | C53: 0 | D53: 22 | E53: 1 | F53: 0 | G53: 0 | H53: 0 | I53: 0 | J53: =SUMPRODUCT(B53:I53,$B$11:$I$11) -> 24 | K53: =J53+J52 -> 46 | L53: =SUM(J50:J53) -> 92 | M53: =SUM(C50:I53) -> 88
A54: 15:00-15:15 | B54: 0 | C54: 1 | D54: 25 | E54: 0 | F54: 0 | G54: 0 | H54: 0 | I54: 0 | J54: =SUMPRODUCT(B54:I54,$B$11:$I$11) -> 25.5
A55: 15:15-15:30 | B55: 0 | C55: 0 | D55: 24 | E55: 0 | F55: 0 | G55: 0 | H55: 0 | I55: 0 | J55: =SUMPRODUCT(B55:I55,$B$11:$I$11) -> 24 | K55: =J55+J54 -> 49.5
A56: 15:30-15:45 | B56: 0 | C56: 2 | D56: 26 | E56: 0 | F56: 0 | G56: 0 | H56: 0 | I56: 0 | J56: =SUMPRODUCT(B56:I56,$B$11:$I$11) -> 27
A57: 15:45-16:00 | B57: 0 | C57: 0 | D57: 22 | E57: 0 | F57: 0 | G57: 0 | H57: 0 | I57: 0 | J57: =SUMPRODUCT(B57:I57,$B$11:$I$11) -> 22 | K57: =J57+J56 -> 49 | L57: =SUM(J54:J57) -> 98.5 | M57: =SUM(C54:I57) -> 100
A58: 16:00-16:15 | B58: 0 | C58: 0 | D58: 36 | E58: 0 | F58: 0 | G58: 0 | H58: 0 | I58: 0 | J58: =SUMPRODUCT(B58:I58,$B$11:$I$11) -> 36
A59: 16:15-16:30 | B59: 0 | C59: 0 | D59: 32 | E59: 1 | F59: 0 | G59: 0 | H59: 0 | I59: 0 | J59: =SUMPRODUCT(B59:I59,$B$11:$I$11) -> 34 | K59: =J59+J58 -> 70
A60: 16:30-16:45 | B60: 0 | C60: 1 | D60: 26 | E60: 0 | F60: 0 | G60: 0 | H60: 0 | I60: 0 | J60: =SUMPRODUCT(B60:I60,$B$11:$I$11) -> 26.5
A61: 16:45-17:00 | B61: 0 | C61: 0 | D61: 21 | E61: 0 | F61: 0 | G61: 0 | H61: 0 | I61: 0 | J61: =SUMPRODUCT(B61:I61,$B$11:$I$11) -> 21 | K61: =J61+J60 -> 47.5 | L61: =SUM(J58:J61) -> 117.5 | M61: =SUM(C58:I61) -> 117
A62: 17:00-17:15 | B62: 0 | C62: 0 | D62: 14 | E62: 0 | F62: 0 | G62: 0 | H62: 0 | I62: 0 | J62: =SUMPRODUCT(B62:I62,$B$11:$I$11) -> 14
A63: 17:15-17:30 | B63: 0 | C63: 0 | D63: 20 | E63: 1 | F63: 0 | G63: 0 | H63: 0 | I63: 0 | J63: =SUMPRODUCT(B63:I63,$B$11:$I$11) -> 22 | K63: =J63+J62 -> 36
A64: 17:30-17:45 | B64: 0 | C64: 0 | D64: 20 | E64: 0 | F64: 0 | G64: 0 | H64: 0 | I64: 0 | J64: =SUMPRODUCT(B64:I64,$B$11:$I$11) -> 20
A65: 17:45-18:00 | B65: 0 | C65: 0 | D65: 16 | E65: 0 | F65: 0 | G65: 0 | H65: 0 | I65: 0 | J65: =SUMPRODUCT(B65:I65,$B$11:$I$11) -> 16 | K65: =J65+J64 -> 36 | L65: =SUM(J62:J65) -> 72 | M65: =SUM(C62:I65) -> 71
A66: 18:00-18:15 | B66: 0 | C66: 1 | D66: 32 | E66: 1 | F66: 0 | G66: 0 | H66: 0 | I66: 0 | J66: =SUMPRODUCT(B66:I66,$B$11:$I$11) -> 34.5
A67: 18:15-18:30 | B67: 0 | C67: 1 | D67: 15 | E67: 0 | F67: 0 | G67: 0 | H67: 0 | I67: 0 | J67: =SUMPRODUCT(B67:I67,$B$11:$I$11) -> 15.5 | K67: =J67+J66 -> 50
A68: 18:30-18:45 | B68: 0 | C68: 0 | D68: 20 | E68: 0 | F68: 0 | G68: 1 | H68: 0 | I68: 0 | J68: =SUMPRODUCT(B68:I68,$B$11:$I$11) -> 22
A69: 18:45-19:00 | B69: 0 | C69: 0 | D69: 12 | E69: 0 | F69: 0 | G69: 0 | H69: 0 | I69: 0 | J69: =SUMPRODUCT(B69:I69,$B$11:$I$11) -> 12 | K69: =J69+J68 -> 34 | L69: =SUM(J66:J69) -> 84 | M69: =SUM(C66:I69) -> 83
A70: 19:00-19:15 | J70: =SUMPRODUCT(B70:I70,$B$11:$I$11) -> 0
A71: 19:15-19:30 | J71: =SUMPRODUCT(B71:I71,$B$11:$I$11) -> 0 | K71: =J71+J70 -> 0
A72: 19:30-19:45 | J72: =SUMPRODUCT(B72:I72,$B$11:$I$11) -> 0
A73: 19:45-20:00 | J73: =SUMPRODUCT(B73:I73,$B$11:$I$11) -> 0 | K73: =J73+J72 -> 0 | L73: =SUM(J70:J73) -> 0 | M73: =SUM(C70:I73) -> 0
A74: 20:00-20:15 | J74: =SUMPRODUCT(B74:I74,$B$11:$I$11) -> 0
A75: 20:15-20:30 | J75: =SUMPRODUCT(B75:I75,$B$11:$I$11) -> 0 | K75: =J75+J74 -> 0
A76: 20:30-20:45 | J76: =SUMPRODUCT(B76:I76,$B$11:$I$11) -> 0
A77: 20:45-21:00 | J77: =SUMPRODUCT(B77:I77,$B$11:$I$11) -> 0 | K77: =J77+J76 -> 0 | L77: =SUM(J74:J77) -> 0 | M77: =SUM(C74:I77) -> 0
A78: 21:00-21:15 | J78: =SUMPRODUCT(B78:I78,$B$11:$I$11) -> 0
A79: 21:15-21:30 | J79: =SUMPRODUCT(B79:I79,$B$11:$I$11) -> 0 | K79: =J79+J78 -> 0
A80: 21:30-21:45 | J80: =SUMPRODUCT(B80:I80,$B$11:$I$11) -> 0
A81: 21:45-22:00 | J81: =SUMPRODUCT(B81:I81,$B$11:$I$11) -> 0 | K81: =J81+J80 -> 0 | L81: =SUM(J78:J81) -> 0 | M81: =SUM(C78:I81) -> 0
A82: SUMME : | B82: =SUM(B$14:B81) -> 0 | C82: =SUM(C$14:C81) -> 8 | D82: =SUM(D$14:D81) -> 982 | E82: =SUM(E$14:E81) -> 14 | F82: =SUM(F$14:F81) -> 0 | G82: =SUM(G$14:G81) -> 7 | H82: =SUM(H$14:H81) -> 1 | I82: =SUM(I$14:I81) -> 1 | J82: =SUM(B82:I82) -> 1013

Sheet R11
A3: ICRA Schwap e.U.
A4: VERKEHRSZÄHLUNG - PKW-Einheiten
A5: Datum : | J5: Lfd. Nummer : | K5: 0
A6: =Deckbl.!I11 -> 45944 | J6: Wetter : | K6: =Deckbl.!I12 -> 9-14 ° sonnig
B7: Verkehrszählung : | C7: =Deckbl.!C8 -> B122 / Badhaller Straße / Holznerweg (Bad Hall)
B8: Zählstelle : | I8: Sachbearbeiter : | J8: ICRA / Schwap
B9: Richtung : | C9: R11 | I9: Uhrzeit : | J9: =Deckbl.!C11 -> 7-19 Uhr
B10: Bemerkung :
A11: Faktoren | B11: 0.3 | C11: 0.5 | D11: 1 | E11: 2 | F11: 2 | G11: 2 | H11: 3 | I11: 2
C12: einsp. | D12: PKW | E12: Linien- | F12: Reise- | G12: LKW | H12: LKW + | I12: Traktor | J12: PKW-E | K12: PKW-E | L12: PKW-E | M12: KFZ
A13: Zeit | B13: Rad | C13: KFZ | D13: Kombi | E13: bus | F13: bus | H13: Anh. | I13: Sonst. | J13: / 15 min | K13: / 30 min | L13: / 1 Std. | M13: / 1 Std.
A14: 5:00-5:15 | J14: =SUMPRODUCT(B14:I14,$B$11:$I$11) -> 0
A15: 5:15-5:30 | J15: =SUMPRODUCT(B15:I15,$B$11:$I$11) -> 0 | K15: =J15+J14 -> 0
A16: 5:30-5:45 | J16: =SUMPRODUCT(B16:I16,$B$11:$I$11) -> 0
A17: 5:45-6:00 | J17: =SUMPRODUCT(B17:I17,$B$11:$I$11) -> 0 | K17: =J17+J16 -> 0 | L17: =SUM(J14:J17) -> 0 | M17: =SUM(C14:I17) -> 0
A18: 6:00-6:15 | J18: =SUMPRODUCT(B18:I18,$B$11:$I$11) -> 0
A19: 6:15-6:30 | J19: =SUMPRODUCT(B19:I19,$B$11:$I$11) -> 0 | K19: =J19+J18 -> 0
A20: 6:30-6:45 | J20: =SUMPRODUCT(B20:I20,$B$11:$I$11) -> 0
A21: 6:45-7:00 | J21: =SUMPRODUCT(B21:I21,$B$11:$I$11) -> 0 | K21: =J21+J20 -> 0 | L21: =SUM(J18:J21) -> 0 | M21: =SUM(C18:I21) -> 0
A22: 7:00-7:15 | B22: 0 | C22: 0 | D22: 7 | E22: 0 | F22: 0 | G22: 0 | H22: 0 | I22: 0 | J22: =SUMPRODUCT(B22:I22,$B$11:$I$11) -> 7
A23: 7:15-7:30 | B23: 0 | C23: 0 | D23: 15 | E23: 0 | F23: 0 | G23: 0 | H23: 0 | I23: 0 | J23: =SUMPRODUCT(B23:I23,$B$11:$I$11) -> 15 | K23: =J23+J22 -> 22
A24: 7:30-7:45 | B24: 1 | C24: 0 | D24: 16 | E24: 0 | F24: 0 | G24: 0 | H24: 0 | I24: 0 | J24: =SUMPRODUCT(B24:I24,$B$11:$I$11) -> 16.3
A25: 7:45-8:00 | B25: 0 | C25: 0 | D25: 7 | E25: 0 | F25: 0 | G25: 0 | H25: 0 | I25: 0 | J25: =SUMPRODUCT(B25:I25,$B$11:$I$11) -> 7 | K25: =J25+J24 -> 23.3 | L25: =SUM(J22:J25) -> 45.3 | M25: =SUM(C22:I25) -> 45
A26: 8:00-8:15 | B26: 0 | C26: 0 | D26: 7 | E26: 0 | F26: 0 | G26: 0 | H26: 0 | I26: 0 | J26: =SUMPRODUCT(B26:I26,$B$11:$I$11) -> 7
A27: 8:15-8:30 | B27: 0 | C27: 1 | D27: 11 | E27: 0 | F27: 0 | G27: 0 | H27: 0 | I27: 0 | J27: =SUMPRODUCT(B27:I27,$B$11:$I$11) -> 11.5 | K27: =J27+J26 -> 18.5
A28: 8:30-8:45 | B28: 0 | C28: 0 | D28: 6 | E28: 0 | F28: 0 | G28: 0 | H28: 0 | I28: 0 | J28: =SUMPRODUCT(B28:I28,$B$11:$I$11) -> 6
A29: 8:45-9:00 | B29: 0 | C29: 0 | D29: 7 | E29: 0 | F29: 0 | G29: 0 | H29: 0 | I29: 0 | J29: =SUMPRODUCT(B29:I29,$B$11:$I$11) -> 7 | K29: =J29+J28 -> 13 | L29: =SUM(J26:J29) -> 31.5 | M29: =SUM(C26:I29) -> 32
A30: 9:00-9:15 | B30: 0 | C30: 1 | D30: 13 | E30: 0 | F30: 0 | G30: 0 | H30: 0 | I30: 0 | J30: =SUMPRODUCT(B30:I30,$B$11:$I$11) -> 13.5
A31: 9:15-9:30 | B31: 0 | C31: 0 | D31: 12 | E31: 0 | F31: 0 | G31: 0 | H31: 0 | I31: 0 | J31: =SUMPRODUCT(B31:I31,$B$11:$I$11) -> 12 | K31: =J31+J30 -> 25.5
A32: 9:30-9:45 | B32: 0 | C32: 0 | D32: 13 | E32: 0 | F32: 0 | G32: 1 | H32: 0 | I32: 0 | J32: =SUMPRODUCT(B32:I32,$B$11:$I$11) -> 15
A33: 9:45-10:00 | B33: 0 | C33: 0 | D33: 9 | E33: 0 | F33: 0 | G33: 0 | H33: 0 | I33: 0 | J33: =SUMPRODUCT(B33:I33,$B$11:$I$11) -> 9 | K33: =J33+J32 -> 24 | L33: =SUM(J30:J33) -> 49.5 | M33: =SUM(C30:I33) -> 49
A34: 10:00-10:15 | B34: 0 | C34: 0 | D34: 17 | E34: 0 | F34: 0 | G34: 0 | H34: 0 | I34: 0 | J34: =SUMPRODUCT(B34:I34,$B$11:$I$11) -> 17
A35: 10:15-10:30 | B35: 1 | C35: 0 | D35: 16 | E35: 0 | F35: 0 | G35: 0 | H35: 0 | I35: 0 | J35: =SUMPRODUCT(B35:I35,$B$11:$I$11) -> 16.3 | K35: =J35+J34 -> 33.3
A36: 10:30-10:45 | B36: 2 | C36: 0 | D36: 16 | E36: 0 | F36: 0 | G36: 0 | H36: 0 | I36: 0 | J36: =SUMPRODUCT(B36:I36,$B$11:$I$11) -> 16.6
A37: 10:45-11:00 | B37: 0 | C37: 0 | D37: 10 | E37: 0 | F37: 0 | G37: 0 | H37: 0 | I37: 0 | J37: =SUMPRODUCT(B37:I37,$B$11:$I$11) -> 10 | K37: =J37+J36 -> 26.6 | L37: =SUM(J34:J37) -> 59.9 | M37: =SUM(C34:I37) -> 59
A38: 11:00-11:15 | B38: 0 | C38: 1 | D38: 14 | E38: 0 | F38: 0 | G38: 0 | H38: 0 | I38: 0 | J38: =SUMPRODUCT(B38:I38,$B$11:$I$11) -> 14.5
A39: 11:15-11:30 | B39: 0 | C39: 0 | D39: 6 | E39: 0 | F39: 0 | G39: 0 | H39: 0 | I39: 0 | J39: =SUMPRODUCT(B39:I39,$B$11:$I$11) -> 6 | K39: =J39+J38 -> 20.5
A40: 11:30-11:45 | B40: 1 | C40: 0 | D40: 14 | E40: 0 | F40: 0 | G40: 0 | H40: 0 | I40: 0 | J40: =SUMPRODUCT(B40:I40,$B$11:$I$11) -> 14.3
A41: 11:45-12:00 | B41: 0 | C41: 0 | D41: 14 | E41: 0 | F41: 0 | G41: 0 | H41: 0 | I41: 0 | J41: =SUMPRODUCT(B41:I41,$B$11:$I$11) -> 14 | K41: =J41+J40 -> 28.3 | L41: =SUM(J38:J41) -> 48.8 | M41: =SUM(C38:I41) -> 49
A42: 12:00-12:15 | B42: 0 | C42: 0 | D42: 14 | E42: 0 | F42: 0 | G42: 0 | H42: 0 | I42: 0 | J42: =SUMPRODUCT(B42:I42,$B$11:$I$11) -> 14
A43: 12:15-12:30 | B43: 1 | C43: 0 | D43: 11 | E43: 0 | F43: 0 | G43: 0 | H43: 0 | I43: 0 | J43: =SUMPRODUCT(B43:I43,$B$11:$I$11) -> 11.3 | K43: =J43+J42 -> 25.3
A44: 12:30-12:45 | B44: 2 | C44: 0 | D44: 10 | E44: 0 | F44: 0 | G44: 0 | H44: 0 | I44: 0 | J44: =SUMPRODUCT(B44:I44,$B$11:$I$11) -> 10.6
A45: 12:45-13:00 | B45: 0 | C45: 0 | D45: 9 | E45: 0 | F45: 0 | G45: 0 | H45: 0 | I45: 0 | J45: =SUMPRODUCT(B45:I45,$B$11:$I$11) -> 9 | K45: =J45+J44 -> 19.6 | L45: =SUM(J42:J45) -> 44.9 | M45: =SUM(C42:I45) -> 44
A46: 13:00-13:15 | B46: 0 | C46: 0 | D46: 11 | E46: 0 | F46: 0 | G46: 0 | H46: 0 | I46: 0 | J46: =SUMPRODUCT(B46:I46,$B$11:$I$11) -> 11
A47: 13:15-13:30 | B47: 0 | C47: 0 | D47: 7 | E47: 0 | F47: 0 | G47: 0 | H47: 0 | I47: 0 | J47: =SUMPRODUCT(B47:I47,$B$11:$I$11) -> 7 | K47: =J47+J46 -> 18
A48: 13:30-13:45 | B48: 3 | C48: 0 | D48: 19 | E48: 0 | F48: 0 | G48: 0 | H48: 0 | I48: 0 | J48: =SUMPRODUCT(B48:I48,$B$11:$I$11) -> 19.9
A49: 13:45-14:00 | B49: 1 | C49: 0 | D49: 10 | E49: 0 | F49: 0 | G49: 0 | H49: 0 | I49: 0 | J49: =SUMPRODUCT(B49:I49,$B$11:$I$11) -> 10.3 | K49: =J49+J48 -> 30.2 | L49: =SUM(J46:J49) -> 48.2 | M49: =SUM(C46:I49) -> 47
A50: 14:00-14:15 | B50: 2 | C50: 0 | D50: 9 | E50: 0 | F50: 0 | G50: 0 | H50: 0 | I50: 0 | J50: =SUMPRODUCT(B50:I50,$B$11:$I$11) -> 9.6
A51: 14:15-14:30 | B51: 0 | C51: 0 | D51: 9 | E51: 0 | F51: 0 | G51: 0 | H51: 0 | I51: 0 | J51: =SUMPRODUCT(B51:I51,$B$11:$I$11) -> 9 | K51: =J51+J50 -> 18.6
A52: 14:30-14:45 | B52: 3 | C52: 0 | D52: 17 | E52: 0 | F52: 0 | G52: 0 | H52: 0 | I52: 0 | J52: =SUMPRODUCT(B52:I52,$B$11:$I$11) -> 17.9
A53: 14:45-15:00 | B53: 1 | C53: 0 | D53: 17 | E53: 0 | F53: 0 | G53: 0 | H53: 0 | I53: 0 | J53: =SUMPRODUCT(B53:I53,$B$11:$I$11) -> 17.3 | K53: =J53+J52 -> 35.2 | L53: =SUM(J50:J53) -> 53.8 | M53: =SUM(C50:I53) -> 52
A54: 15:00-15:15 | B54: 0 | C54: 0 | D54: 24 | E54: 0 | F54: 0 | G54: 0 | H54: 0 | I54: 0 | J54: =SUMPRODUCT(B54:I54,$B$11:$I$11) -> 24
A55: 15:15-15:30 | B55: 2 | C55: 1 | D55: 18 | E55: 0 | F55: 0 | G55: 0 | H55: 0 | I55: 0 | J55: =SUMPRODUCT(B55:I55,$B$11:$I$11) -> 19.1 | K55: =J55+J54 -> 43.1
A56: 15:30-15:45 | B56: 1 | C56: 0 | D56: 14 | E56: 0 | F56: 0 | G56: 0 | H56: 0 | I56: 0 | J56: =SUMPRODUCT(B56:I56,$B$11:$I$11) -> 14.3
A57: 15:45-16:00 | B57: 3 | C57: 0 | D57: 16 | E57: 0 | F57: 0 | G57: 0 | H57: 0 | I57: 0 | J57: =SUMPRODUCT(B57:I57,$B$11:$I$11) -> 16.9 | K57: =J57+J56 -> 31.2 | L57: =SUM(J54:J57) -> 74.3 | M57: =SUM(C54:I57) -> 73
A58: 16:00-16:15 | B58: 3 | C58: 0 | D58: 27 | E58: 0 | F58: 0 | G58: 0 | H58: 0 | I58: 0 | J58: =SUMPRODUCT(B58:I58,$B$11:$I$11) -> 27.9
A59: 16:15-16:30 | B59: 0 | C59: 1 | D59: 17 | E59: 0 | F59: 0 | G59: 0 | H59: 0 | I59: 0 | J59: =SUMPRODUCT(B59:I59,$B$11:$I$11) -> 17.5 | K59: =J59+J58 -> 45.4
A60: 16:30-16:45 | B60: 0 | C60: 0 | D60: 21 | E60: 0 | F60: 0 | G60: 0 | H60: 0 | I60: 0 | J60: =SUMPRODUCT(B60:I60,$B$11:$I$11) -> 21
A61: 16:45-17:00 | B61: 0 | C61: 0 | D61: 10 | E61: 0 | F61: 0 | G61: 0 | H61: 0 | I61: 0 | J61: =SUMPRODUCT(B61:I61,$B$11:$I$11) -> 10 | K61: =J61+J60 -> 31 | L61: =SUM(J58:J61) -> 76.4 | M61: =SUM(C58:I61) -> 76
A62: 17:00-17:15 | B62: 1 | C62: 0 | D62: 23 | E62: 0 | F62: 0 | G62: 0 | H62: 0 | I62: 0 | J62: =SUMPRODUCT(B62:I62,$B$11:$I$11) -> 23.3
A63: 17:15-17:30 | B63: 0 | C63: 0 | D63: 7 | E63: 0 | F63: 0 | G63: 0 | H63: 0 | I63: 0 | J63: =SUMPRODUCT(B63:I63,$B$11:$I$11) -> 7 | K63: =J63+J62 -> 30.3
A64: 17:30-17:45 | B64: 1 | C64: 0 | D64: 14 | E64: 0 | F64: 0 | G64: 0 | H64: 0 | I64: 0 | J64: =SUMPRODUCT(B64:I64,$B$11:$I$11) -> 14.3
A65: 17:45-18:00 | B65: 0 | C65: 0 | D65: 8 | E65: 0 | F65: 0 | G65: 0 | H65: 0 | I65: 0 | J65: =SUMPRODUCT(B65:I65,$B$11:$I$11) -> 8 | K65: =J65+J64 -> 22.3 | L65: =SUM(J62:J65) -> 52.6 | M65: =SUM(C62:I65) -> 52
A66: 18:00-18:15 | B66: 2 | C66: 1 | D66: 9 | E66: 0 | F66: 0 | G66: 0 | H66: 0 | I66: 0 | J66: =SUMPRODUCT(B66:I66,$B$11:$I$11) -> 10.1
A67: 18:15-18:30 | B67: 0 | C67: 0 | D67: 10 | E67: 0 | F67: 0 | G67: 0 | H67: 0 | I67: 0 | J67: =SUMPRODUCT(B67:I67,$B$11:$I$11) -> 10 | K67: =J67+J66 -> 20.1
A68: 18:30-18:45 | B68: 0 | C68: 0 | D68: 10 | E68: 0 | F68: 0 | G68: 0 | H68: 0 | I68: 0 | J68: =SUMPRODUCT(B68:I68,$B$11:$I$11) -> 10
A69: 18:45-19:00 | B69: 1 | C69: 0 | D69: 12 | E69: 0 | F69: 0 | G69: 0 | H69: 0 | I69: 0 | J69: =SUMPRODUCT(B69:I69,$B$11:$I$11) -> 12.3 | K69: =J69+J68 -> 22.3 | L69: =SUM(J66:J69) -> 42.4 | M69: =SUM(C66:I69) -> 42
A70: 19:00-19:15 | J70: =SUMPRODUCT(B70:I70,$B$11:$I$11) -> 0
A71: 19:15-19:30 | J71: =SUMPRODUCT(B71:I71,$B$11:$I$11) -> 0 | K71: =J71+J70 -> 0
A72: 19:30-19:45 | J72: =SUMPRODUCT(B72:I72,$B$11:$I$11) -> 0
A73: 19:45-20:00 | J73: =SUMPRODUCT(B73:I73,$B$11:$I$11) -> 0 | K73: =J73+J72 -> 0 | L73: =SUM(J70:J73) -> 0 | M73: =SUM(C70:I73) -> 0
A74: 20:00-20:15 | J74: =SUMPRODUCT(B74:I74,$B$11:$I$11) -> 0
A75: 20:15-20:30 | J75: =SUMPRODUCT(B75:I75,$B$11:$I$11) -> 0 | K75: =J75+J74 -> 0
A76: 20:30-20:45 | J76: =SUMPRODUCT(B76:I76,$B$11:$I$11) -> 0
A77: 20:45-21:00 | J77: =SUMPRODUCT(B77:I77,$B$11:$I$11) -> 0 | K77: =J77+J76 -> 0 | L77: =SUM(J74:J77) -> 0 | M77: =SUM(C74:I77) -> 0
A78: 21:00-21:15 | J78: =SUMPRODUCT(B78:I78,$B$11:$I$11) -> 0
A79: 21:15-21:30 | J79: =SUMPRODUCT(B79:I79,$B$11:$I$11) -> 0 | K79: =J79+J78 -> 0
A80: 21:30-21:45 | J80: =SUMPRODUCT(B80:I80,$B$11:$I$11) -> 0
A81: 21:45-22:00 | J81: =SUMPRODUCT(B81:I81,$B$11:$I$11) -> 0 | K81: =J81+J80 -> 0 | L81: =SUM(J78:J81) -> 0 | M81: =SUM(C78:I81) -> 0
A82: SUMME : | B82: =SUM(B$14:B81) -> 32 | C82: =SUM(C$14:C81) -> 6 | D82: =SUM(D$14:D81) -> 613 | E82: =SUM(E$14:E81) -> 0 | F82: =SUM(F$14:F81) -> 0 | G82: =SUM(G$14:G81) -> 1 | H82: =SUM(H$14:H81) -> 0 | I82: =SUM(I$14:I81) -> 0 | J82: =SUM(B82:I82) -> 652

Sheet R12
A3: ICRA Schwap e.U.
A4: VERKEHRSZÄHLUNG - PKW-Einheiten
A5: Datum : | J5: Lfd. Nummer : | K5: 0
A6: =Deckbl.!I11 -> 45944 | J6: Wetter : | K6: =Deckbl.!I12 -> 9-14 ° sonnig
B7: Verkehrszählung : | C7: =Deckbl.!C8 -> B122 / Badhaller Straße / Holznerweg (Bad Hall)
B8: Zählstelle : | I8: Sachbearbeiter : | J8: ICRA / Schwap
B9: Richtung : | C9: R12 | I9: Uhrzeit : | J9: =Deckbl.!C11 -> 7-19 Uhr
B10: Bemerkung :
A11: Faktoren | B11: 0.3 | C11: 0.5 | D11: 1 | E11: 2 | F11: 2 | G11: 2 | H11: 3 | I11: 2
C12: einsp. | D12: PKW | E12: Linien- | F12: Reise- | G12: LKW | H12: LKW + | I12: Traktor | J12: PKW-E | K12: PKW-E | L12: PKW-E | M12: KFZ
A13: Zeit | B13: Rad | C13: KFZ | D13: Kombi | E13: bus | F13: bus | H13: Anh. | I13: Sonst. | J13: / 15 min | K13: / 30 min | L13: / 1 Std. | M13: / 1 Std.
A14: 5:00-5:15 | J14: =SUMPRODUCT(B14:I14,$B$11:$I$11) -> 0
A15: 5:15-5:30 | J15: =SUMPRODUCT(B15:I15,$B$11:$I$11) -> 0 | K15: =J15+J14 -> 0
A16: 5:30-5:45 | J16: =SUMPRODUCT(B16:I16,$B$11:$I$11) -> 0
A17: 5:45-6:00 | J17: =SUMPRODUCT(B17:I17,$B$11:$I$11) -> 0 | K17: =J17+J16 -> 0 | L17: =SUM(J14:J17) -> 0 | M17: =SUM(C14:I17) -> 0
A18: 6:00-6:15 | J18: =SUMPRODUCT(B18:I18,$B$11:$I$11) -> 0
A19: 6:15-6:30 | J19: =SUMPRODUCT(B19:I19,$B$11:$I$11) -> 0 | K19: =J19+J18 -> 0
A20: 6:30-6:45 | J20: =SUMPRODUCT(B20:I20,$B$11:$I$11) -> 0
A21: 6:45-7:00 | J21: =SUMPRODUCT(B21:I21,$B$11:$I$11) -> 0 | K21: =J21+J20 -> 0 | L21: =SUM(J18:J21) -> 0 | M21: =SUM(C18:I21) -> 0
A22: 7:00-7:15 | B22: 0 | C22: 0 | D22: 11 | E22: 0 | F22: 0 | G22: 0 | H22: 0 | I22: 0 | J22: =SUMPRODUCT(B22:I22,$B$11:$I$11) -> 11
A23: 7:15-7:30 | B23: 0 | C23: 0 | D23: 24 | E23: 0 | F23: 0 | G23: 0 | H23: 0 | I23: 0 | J23: =SUMPRODUCT(B23:I23,$B$11:$I$11) -> 24 | K23: =J23+J22 -> 35
A24: 7:30-7:45 | B24: 0 | C24: 0 | D24: 24 | E24: 0 | F24: 0 | G24: 0 | H24: 0 | I24: 0 | J24: =SUMPRODUCT(B24:I24,$B$11:$I$11) -> 24
A25: 7:45-8:00 | B25: 0 | C25: 1 | D25: 19 | E25: 0 | F25: 0 | G25: 0 | H25: 0 | I25: 0 | J25: =SUMPRODUCT(B25:I25,$B$11:$I$11) -> 19.5 | K25: =J25+J24 -> 43.5 | L25: =SUM(J22:J25) -> 78.5 | M25: =SUM(C22:I25) -> 79
A26: 8:00-8:15 | B26: 0 | C26: 0 | D26: 12 | E26: 0 | F26: 0 | G26: 0 | H26: 0 | I26: 0 | J26: =SUMPRODUCT(B26:I26,$B$11:$I$11) -> 12
A27: 8:15-8:30 | B27: 0 | C27: 0 | D27: 6 | E27: 0 | F27: 0 | G27: 0 | H27: 0 | I27: 0 | J27: =SUMPRODUCT(B27:I27,$B$11:$I$11) -> 6 | K27: =J27+J26 -> 18
A28: 8:30-8:45 | B28: 0 | C28: 0 | D28: 8 | E28: 0 | F28: 0 | G28: 0 | H28: 0 | I28: 0 | J28: =SUMPRODUCT(B28:I28,$B$11:$I$11) -> 8
A29: 8:45-9:00 | B29: 0 | C29: 0 | D29: 7 | E29: 0 | F29: 0 | G29: 0 | H29: 0 | I29: 0 | J29: =SUMPRODUCT(B29:I29,$B$11:$I$11) -> 7 | K29: =J29+J28 -> 15 | L29: =SUM(J26:J29) -> 33 | M29: =SUM(C26:I29) -> 33
A30: 9:00-9:15 | B30: 0 | C30: 0 | D30: 12 | E30: 0 | F30: 0 | G30: 1 | H30: 0 | I30: 0 | J30: =SUMPRODUCT(B30:I30,$B$11:$I$11) -> 14
A31: 9:15-9:30 | B31: 0 | C31: 0 | D31: 9 | E31: 0 | F31: 0 | G31: 0 | H31: 0 | I31: 0 | J31: =SUMPRODUCT(B31:I31,$B$11:$I$11) -> 9 | K31: =J31+J30 -> 23
A32: 9:30-9:45 | B32: 0 | C32: 0 | D32: 13 | E32: 0 | F32: 0 | G32: 0 | H32: 0 | I32: 0 | J32: =SUMPRODUCT(B32:I32,$B$11:$I$11) -> 13
A33: 9:45-10:00 | B33: 0 | C33: 0 | D33: 11 | E33: 0 | F33: 0 | G33: 0 | H33: 0 | I33: 0 | J33: =SUMPRODUCT(B33:I33,$B$11:$I$11) -> 11 | K33: =J33+J32 -> 24 | L33: =SUM(J30:J33) -> 47 | M33: =SUM(C30:I33) -> 46
A34: 10:00-10:15 | B34: 0 | C34: 0 | D34: 12 | E34: 0 | F34: 0 | G34: 0 | H34: 0 | I34: 0 | J34: =SUMPRODUCT(B34:I34,$B$11:$I$11) -> 12
A35: 10:15-10:30 | B35: 0 | C35: 0 | D35: 11 | E35: 0 | F35: 0 | G35: 0 | H35: 0 | I35: 0 | J35: =SUMPRODUCT(B35:I35,$B$11:$I$11) -> 11 | K35: =J35+J34 -> 23
A36: 10:30-10:45 | B36: 0 | C36: 0 | D36: 9 | E36: 0 | F36: 0 | G36: 0 | H36: 0 | I36: 0 | J36: =SUMPRODUCT(B36:I36,$B$11:$I$11) -> 9
A37: 10:45-11:00 | B37: 0 | C37: 0 | D37: 11 | E37: 0 | F37: 0 | G37: 0 | H37: 0 | I37: 0 | J37: =SUMPRODUCT(B37:I37,$B$11:$I$11) -> 11 | K37: =J37+J36 -> 20 | L37: =SUM(J34:J37) -> 43 | M37: =SUM(C34:I37) -> 43
A38: 11:00-11:15 | B38: 0 | C38: 0 | D38: 9 | E38: 0 | F38: 0 | G38: 0 | H38: 0 | I38: 0 | J38: =SUMPRODUCT(B38:I38,$B$11:$I$11) -> 9
A39: 11:15-11:30 | B39: 0 | C39: 0 | D39: 14 | E39: 0 | F39: 0 | G39: 0 | H39: 0 | I39: 0 | J39: =SUMPRODUCT(B39:I39,$B$11:$I$11) -> 14 | K39: =J39+J38 -> 23
A40: 11:30-11:45 | B40: 0 | C40: 0 | D40: 11 | E40: 0 | F40: 0 | G40: 0 | H40: 0 | I40: 0 | J40: =SUMPRODUCT(B40:I40,$B$11:$I$11) -> 11
A41: 11:45-12:00 | B41: 0 | C41: 0 | D41: 7 | E41: 0 | F41: 0 | G41: 0 | H41: 0 | I41: 0 | J41: =SUMPRODUCT(B41:I41,$B$11:$I$11) -> 7 | K41: =J41+J40 -> 18 | L41: =SUM(J38:J41) -> 41 | M41: =SUM(C38:I41) -> 41
A42: 12:00-12:15 | B42: 0 | C42: 0 | D42: 12 | E42: 0 | F42: 0 | G42: 0 | H42: 0 | I42: 0 | J42: =SUMPRODUCT(B42:I42,$B$11:$I$11) -> 12
A43: 12:15-12:30 | B43: 0 | C43: 0 | D43: 8 | E43: 0 | F43: 0 | G43: 1 | H43: 0 | I43: 0 | J43: =SUMPRODUCT(B43:I43,$B$11:$I$11) -> 10 | K43: =J43+J42 -> 22
A44: 12:30-12:45 | B44: 0 | C44: 0 | D44: 8 | E44: 0 | F44: 0 | G44: 0 | H44: 0 | I44: 0 | J44: =SUMPRODUCT(B44:I44,$B$11:$I$11) -> 8
A45: 12:45-13:00 | B45: 0 | C45: 0 | D45: 5 | E45: 0 | F45: 0 | G45: 0 | H45: 0 | I45: 0 | J45: =SUMPRODUCT(B45:I45,$B$11:$I$11) -> 5 | K45: =J45+J44 -> 13 | L45: =SUM(J42:J45) -> 35 | M45: =SUM(C42:I45) -> 34
A46: 13:00-13:15 | B46: 0 | C46: 0 | D46: 8 | E46: 0 | F46: 0 | G46: 0 | H46: 0 | I46: 0 | J46: =SUMPRODUCT(B46:I46,$B$11:$I$11) -> 8
A47: 13:15-13:30 | B47: 0 | C47: 0 | D47: 14 | E47: 0 | F47: 0 | G47: 0 | H47: 0 | I47: 0 | J47: =SUMPRODUCT(B47:I47,$B$11:$I$11) -> 14 | K47: =J47+J46 -> 22
A48: 13:30-13:45 | B48: 0 | C48: 0 | D48: 8 | E48: 0 | F48: 0 | G48: 0 | H48: 0 | I48: 0 | J48: =SUMPRODUCT(B48:I48,$B$11:$I$11) -> 8
A49: 13:45-14:00 | B49: 0 | C49: 0 | D49: 16 | E49: 0 | F49: 0 | G49: 0 | H49: 0 | I49: 0 | J49: =SUMPRODUCT(B49:I49,$B$11:$I$11) -> 16 | K49: =J49+J48 -> 24 | L49: =SUM(J46:J49) -> 46 | M49: =SUM(C46:I49) -> 46
A50: 14:00-14:15 | B50: 0 | C50: 0 | D50: 8 | E50: 0 | F50: 0 | G50: 0 | H50: 0 | I50: 0 | J50: =SUMPRODUCT(B50:I50,$B$11:$I$11) -> 8
A51: 14:15-14:30 | B51: 0 | C51: 0 | D51: 15 | E51: 0 | F51: 0 | G51: 0 | H51: 0 | I51: 0 | J51: =SUMPRODUCT(B51:I51,$B$11:$I$11) -> 15 | K51: =J51+J50 -> 23
A52: 14:30-14:45 | B52: 0 | C52: 0 | D52: 9 | E52: 0 | F52: 0 | G52: 0 | H52: 0 | I52: 0 | J52: =SUMPRODUCT(B52:I52,$B$11:$I$11) -> 9
A53: 14:45-15:00 | B53: 0 | C53: 0 | D53: 8 | E53: 0 | F53: 0 | G53: 0 | H53: 0 | I53: 0 | J53: =SUMPRODUCT(B53:I53,$B$11:$I$11) -> 8 | K53: =J53+J52 -> 17 | L53: =SUM(J50:J53) -> 40 | M53: =SUM(C50:I53) -> 40
A54: 15:00-15:15 | B54: 0 | C54: 0 | D54: 11 | E54: 0 | F54: 0 | G54: 0 | H54: 0 | I54: 0 | J54: =SUMPRODUCT(B54:I54,$B$11:$I$11) -> 11
A55: 15:15-15:30 | B55: 0 | C55: 0 | D55: 8 | E55: 0 | F55: 0 | G55: 0 | H55: 0 | I55: 0 | J55: =SUMPRODUCT(B55:I55,$B$11:$I$11) -> 8 | K55: =J55+J54 -> 19
A56: 15:30-15:45 | B56: 0 | C56: 0 | D56: 7 | E56: 0 | F56: 0 | G56: 0 | H56: 0 | I56: 0 | J56: =SUMPRODUCT(B56:I56,$B$11:$I$11) -> 7
A57: 15:45-16:00 | B57: 0 | C57: 2 | D57: 12 | E57: 0 | F57: 0 | G57: 0 | H57: 0 | I57: 0 | J57: =SUMPRODUCT(B57:I57,$B$11:$I$11) -> 13 | K57: =J57+J56 -> 20 | L57: =SUM(J54:J57) -> 39 | M57: =SUM(C54:I57) -> 40
A58: 16:00-16:15 | B58: 0 | C58: 0 | D58: 15 | E58: 0 | F58: 0 | G58: 0 | H58: 0 | I58: 0 | J58: =SUMPRODUCT(B58:I58,$B$11:$I$11) -> 15
A59: 16:15-16:30 | B59: 0 | C59: 0 | D59: 14 | E59: 0 | F59: 0 | G59: 0 | H59: 0 | I59: 0 | J59: =SUMPRODUCT(B59:I59,$B$11:$I$11) -> 14 | K59: =J59+J58 -> 29
A60: 16:30-16:45 | B60: 0 | C60: 2 | D60: 13 | E60: 0 | F60: 0 | G60: 0 | H60: 0 | I60: 0 | J60: =SUMPRODUCT(B60:I60,$B$11:$I$11) -> 14
A61: 16:45-17:00 | B61: 0 | C61: 0 | D61: 12 | E61: 0 | F61: 0 | G61: 0 | H61: 0 | I61: 0 | J61: =SUMPRODUCT(B61:I61,$B$11:$I$11) -> 12 | K61: =J61+J60 -> 26 | L61: =SUM(J58:J61) -> 55 | M61: =SUM(C58:I61) -> 56
A62: 17:00-17:15 | B62: 0 | C62: 0 | D62: 13 | E62: 0 | F62: 0 | G62: 1 | H62: 0 | I62: 0 | J62: =SUMPRODUCT(B62:I62,$B$11:$I$11) -> 15
A63: 17:15-17:30 | B63: 0 | C63: 0 | D63: 5 | E63: 0 | F63: 0 | G63: 0 | H63: 0 | I63: 0 | J63: =SUMPRODUCT(B63:I63,$B$11:$I$11) -> 5 | K63: =J63+J62 -> 20
A64: 17:30-17:45 | B64: 0 | C64: 0 | D64: 8 | E64: 0 | F64: 0 | G64: 0 | H64: 0 | I64: 0 | J64: =SUMPRODUCT(B64:I64,$B$11:$I$11) -> 8
A65: 17:45-18:00 | B65: 1 | C65: 0 | D65: 7 | E65: 0 | F65: 0 | G65: 0 | H65: 0 | I65: 0 | J65: =SUMPRODUCT(B65:I65,$B$11:$I$11) -> 7.3 | K65: =J65+J64 -> 15.3 | L65: =SUM(J62:J65) -> 35.3 | M65: =SUM(C62:I65) -> 34
A66: 18:00-18:15 | B66: 0 | C66: 0 | D66: 12 | E66: 0 | F66: 0 | G66: 0 | H66: 0 | I66: 0 | J66: =SUMPRODUCT(B66:I66,$B$11:$I$11) -> 12
A67: 18:15-18:30 | B67: 0 | C67: 1 | D67: 6 | E67: 0 | F67: 0 | G67: 0 | H67: 0 | I67: 0 | J67: =SUMPRODUCT(B67:I67,$B$11:$I$11) -> 6.5 | K67: =J67+J66 -> 18.5
A68: 18:30-18:45 | B68: 0 | C68: 0 | D68: 9 | E68: 0 | F68: 0 | G68: 0 | H68: 0 | I68: 0 | J68: =SUMPRODUCT(B68:I68,$B$11:$I$11) -> 9
A69: 18:45-19:00 | B69: 0 | C69: 0 | D69: 8 | E69: 0 | F69: 0 | G69: 0 | H69: 0 | I69: 0 | J69: =SUMPRODUCT(B69:I69,$B$11:$I$11) -> 8 | K69: =J69+J68 -> 17 | L69: =SUM(J66:J69) -> 35.5 | M69: =SUM(C66:I69) -> 36
A70: 19:00-19:15 | J70: =SUMPRODUCT(B70:I70,$B$11:$I$11) -> 0
A71: 19:15-19:30 | J71: =SUMPRODUCT(B71:I71,$B$11:$I$11) -> 0 | K71: =J71+J70 -> 0
A72: 19:30-19:45 | J72: =SUMPRODUCT(B72:I72,$B$11:$I$11) -> 0
A73: 19:45-20:00 | J73: =SUMPRODUCT(B73:I73,$B$11:$I$11) -> 0 | K73: =J73+J72 -> 0 | L73: =SUM(J70:J73) -> 0 | M73: =SUM(C70:I73) -> 0
A74: 20:00-20:15 | J74: =SUMPRODUCT(B74:I74,$B$11:$I$11) -> 0
A75: 20:15-20:30 | J75: =SUMPRODUCT(B75:I75,$B$11:$I$11) -> 0 | K75: =J75+J74 -> 0
A76: 20:30-20:45 | J76: =SUMPRODUCT(B76:I76,$B$11:$I$11) -> 0
A77: 20:45-21:00 | J77: =SUMPRODUCT(B77:I77,$B$11:$I$11) -> 0 | K77: =J77+J76 -> 0 | L77: =SUM(J74:J77) -> 0 | M77: =SUM(C74:I77) -> 0
A78: 21:00-21:15 | J78: =SUMPRODUCT(B78:I78,$B$11:$I$11) -> 0
A79: 21:15-21:30 | J79: =SUMPRODUCT(B79:I79,$B$11:$I$11) -> 0 | K79: =J79+J78 -> 0
A80: 21:30-21:45 | J80: =SUMPRODUCT(B80:I80,$B$11:$I$11) -> 0
A81: 21:45-22:00 | J81: =SUMPRODUCT(B81:I81,$B$11:$I$11) -> 0 | K81: =J81+J80 -> 0 | L81: =SUM(J78:J81) -> 0 | M81: =SUM(C78:I81) -> 0
A82: SUMME : | B82: =SUM(B$14:B81) -> 1 | C82: =SUM(C$14:C81) -> 6 | D82: =SUM(D$14:D81) -> 519 | E82: =SUM(E$14:E81) -> 0 | F82: =SUM(F$14:F81) -> 0 | G82: =SUM(G$14:G81) -> 3 | H82: =SUM(H$14:H81) -> 0 | I82: =SUM(I$14:I81) -> 0 | J82: =SUM(B82:I82) -> 529

Sheet FG
A3: ICRA Schwap e.U.
A4: VERKEHRSZÄHLUNG – Fußgänger/Radfahrer
A5: Datum : | B5: =Deckbl.!I11 -> 45944 | J5: Lfd. Nummer : | K5: =Deckbl.!C10 -> 0
J6: Wetter : | K6: =Deckbl.!I12 -> 9-14 ° sonnig
B7: Verkehrszählung : | C7: =Deckbl.!C8 -> B122 / Badhaller Straße / Holznerweg (Bad Hall)
B8: Zählstelle : | I8: Sachbearbeiter : | J8: =Deckbl.!C12 -> Schwap
B9: Richtung : | I9: Uhrzeit : | J9: =Deckbl.!C11 -> 7-19 Uhr
B10: Bemerkung :
B11: FG A | C11: FG B | D11: FG B | E11: FG D | F11: FG D | J11: FG/R | K11: FG/R | L11: FG/R
A12: Zeit | B12: FG | C12: Rad | D12: FG | E12: Rad | F12: FG | G12: Rad | J12: / 15 min | K12: / 30 min | L12: / 1 Std.
A13: 5:00-5:15 | J13: =SUM(B13:I13) -> 0
A14: 5:15-5:30 | J14: =SUM(B14:I14) -> 0 | K14: =J14+J13 -> 0
A15: 5:30-5:45 | J15: =SUM(B15:I15) -> 0
A16: 5:45-6:00 | J16: =SUM(B16:I16) -> 0 | K16: =J16+J15 -> 0 | L16: =SUM(J13:J16) -> 0
A17: 6:00-6:15 | J17: =SUM(B17:I17) -> 0
A18: 6:15-6:30 | J18: =SUM(B18:I18) -> 0 | K18: =J18+J17 -> 0
A19: 6:30-6:45 | J19: =SUM(B19:I19) -> 0
A20: 6:45-7:00 | J20: =SUM(B20:I20) -> 0 | K20: =J20+J19 -> 0 | L20: =SUM(J17:J20) -> 0
A21: 7:00-7:15 | B21: 11 | C21: 0 | D21: 1 | E21: 0 | F21: 10 | G21: 0 | J21: =SUM(B21:I21) -> 22
A22: 7:15-7:30 | B22: 41 | C22: 0 | D22: 11 | E22: 0 | F22: 2 | G22: 0 | J22: =SUM(B22:I22) -> 54 | K22: =J22+J21 -> 76
A23: 7:30-7:45 | B23: 5 | C23: 2 | D23: 0 | E23: 2 | F23: 5 | G23: 0 | J23: =SUM(B23:I23) -> 14
A24: 7:45-8:00 | B24: 18 | C24: 0 | D24: 1 | E24: 0 | F24: 1 | G24: 0 | J24: =SUM(B24:I24) -> 20 | K24: =J24+J23 -> 34 | L24: =SUM(J21:J24) -> 110
A25: 8:00-8:15 | B25: 1 | C25: 0 | D25: 0 | E25: 0 | F25: 1 | G25: 0 | J25: =SUM(B25:I25) -> 2
A26: 8:15-8:30 | B26: 2 | C26: 0 | D26: 0 | E26: 0 | F26: 0 | G26: 0 | J26: =SUM(B26:I26) -> 2 | K26: =J26+J25 -> 4
A27: 8:30-8:45 | B27: 2 | C27: 0 | D27: 1 | E27: 0 | F27: 1 | G27: 0 | J27: =SUM(B27:I27) -> 4
A28: 8:45-9:00 | B28: 1 | C28: 0 | D28: 0 | E28: 0 | F28: 0 | G28: 0 | J28: =SUM(B28:I28) -> 1 | K28: =J28+J27 -> 5 | L28: =SUM(J25:J28) -> 9
A29: 9:00-9:15 | B29: 22 | C29: 0 | D29: 2 | E29: 0 | F29: 0 | G29: 0 | J29: =SUM(B29:I29) -> 24
A30: 9:15-9:30 | B30: 1 | C30: 0 | D30: 0 | E30: 0 | F30: 4 | G30: 0 | J30: =SUM(B30:I30) -> 5 | K30: =J30+J29 -> 29
A31: 9:30-9:45 | B31: 8 | C31: 0 | D31: 2 | E31: 0 | F31: 6 | G31: 0 | J31: =SUM(B31:I31) -> 16
A32: 9:45-10:00 | B32: 21 | C32: 1 | D32: 0 | E32: 0 | F32: 3 | G32: 1 | J32: =SUM(B32:I32) -> 26 | K32: =J32+J31 -> 42 | L32: =SUM(J29:J32) -> 71
A33: 10:00-10:15 | B33: 7 | C33: 1 | D33: 2 | E33: 0 | F33: 0 | G33: 0 | J33: =SUM(B33:I33) -> 10
A34: 10:15-10:30 | B34: 6 | C34: 0 | D34: 2 | E34: 0 | F34: 2 | G34: 1 | J34: =SUM(B34:I34) -> 11 | K34: =J34+J33 -> 21
A35: 10:30-10:45 | B35: 2 | C35: 0 | D35: 1 | E35: 0 | F35: 1 | G35: 0 | J35: =SUM(B35:I35) -> 4
A36: 10:45-11:00 | B36: 2 | C36: 0 | D36: 2 | E36: 0 | F36: 0 | G36: 0 | J36: =SUM(B36:I36) -> 4 | K36: =J36+J35 -> 8 | L36: =SUM(J33:J36) -> 29
A37: 11:00-11:15 | B37: 6 | C37: 0 | D37: 3 | E37: 0 | F37: 1 | G37: 0 | J37: =SUM(B37:I37) -> 10
A38: 11:15-11:30 | B38: 22 | C38: 0 | D38: 1 | E38: 0 | F38: 0 | G38: 0 | J38: =SUM(B38:I38) -> 23 | K38: =J38+J37 -> 33
A39: 11:30-11:45 | B39: 17 | C39: 2 | D39: 10 | E39: 0 | F39: 1 | G39: 1 | J39: =SUM(B39:I39) -> 31
A40: 11:45-12:00 | B40: 5 | C40: 0 | D40: 0 | E40: 0 | F40: 2 | G40: 0 | J40: =SUM(B40:I40) -> 7 | K40: =J40+J39 -> 38 | L40: =SUM(J37:J40) -> 71
A41: 12:00-12:15 | B41: 3 | C41: 0 | D41: 1 | E41: 0 | F41: 1 | G41: 0 | J41: =SUM(B41:I41) -> 5
A42: 12:15-12:30 | B42: 4 | C42: 1 | D42: 0 | E42: 0 | F42: 2 | G42: 1 | J42: =SUM(B42:I42) -> 8 | K42: =J42+J41 -> 13
A43: 12:30-12:45 | B43: 15 | C43: 1 | D43: 7 | E43: 1 | F43: 4 | G43: 0 | J43: =SUM(B43:I43) -> 28
A44: 12:45-13:00 | B44: 10 | C44: 0 | D44: 4 | E44: 0 | F44: 4 | G44: 0 | J44: =SUM(B44:I44) -> 18 | K44: =J44+J43 -> 46 | L44: =SUM(J41:J44) -> 59
A45: 13:00-13:15 | B45: 2 | C45: 0 | D45: 1 | E45: 0 | F45: 2 | G45: 1 | J45: =SUM(B45:I45) -> 6
A46: 13:15-13:30 | B46: 21 | C46: 0 | D46: 19 | E46: 0 | F46: 30 | G46: 0 | J46: =SUM(B46:I46) -> 70 | K46: =J46+J45 -> 76
A47: 13:30-13:45 | B47: 8 | C47: 0 | D47: 12 | E47: 0 | F47: 3 | G47: 0 | J47: =SUM(B47:I47) -> 23
A48: 13:45-14:00 | B48: 9 | C48: 0 | D48: 5 | E48: 0 | F48: 6 | G48: 0 | J48: =SUM(B48:I48) -> 20 | K48: =J48+J47 -> 43 | L48: =SUM(J45:J48) -> 119
A49: 14:00-14:15 | B49: 8 | C49: 0 | D49: 6 | E49: 0 | F49: 2 | G49: 0 | J49: =SUM(B49:I49) -> 16
A50: 14:15-14:30 | B50: 4 | C50: 0 | D50: 1 | E50: 0 | F50: 4 | G50: 0 | J50: =SUM(B50:I50) -> 9 | K50: =J50+J49 -> 25
A51: 14:30-14:45 | B51: 1 | C51: 0 | D51: 3 | E51: 0 | F51: 0 | G51: 0 | J51: =SUM(B51:I51) -> 4
A52: 14:45-15:00 | B52: 3 | C52: 0 | D52: 0 | E52: 0 | F52: 5 | G52: 0 | J52: =SUM(B52:I52) -> 8 | K52: =J52+J51 -> 12 | L52: =SUM(J49:J52) -> 37
A53: 15:00-15:15 | B53: 7 | C53: 1 | D53: 2 | E53: 0 | F53: 2 | G53: 1 | J53: =SUM(B53:I53) -> 13
A54: 15:15-15:30 | B54: 4 | C54: 0 | D54: 2 | E54: 0 | F54: 2 | G54: 0 | J54: =SUM(B54:I54) -> 8 | K54: =J54+J53 -> 21
A55: 15:30-15:45 | B55: 2 | C55: 0 | D55: 5 | E55: 0 | F55: 3 | G55: 0 | J55: =SUM(B55:I55) -> 10
A56: 15:45-16:00 | B56: 8 | C56: 0 | D56: 0 | E56: 0 | F56: 7 | G56: 0 | J56: =SUM(B56:I56) -> 15 | K56: =J56+J55 -> 25 | L56: =SUM(J53:J56) -> 46
A57: 16:00-16:15 | B57: 10 | C57: 0 | D57: 4 | E57: 0 | F57: 23 | G57: 0 | J57: =SUM(B57:I57) -> 37
A58: 16:15-16:30 | B58: 12 | C58: 0 | D58: 16 | E58: 2 | F58: 6 | G58: 0 | J58: =SUM(B58:I58) -> 36 | K58: =J58+J57 -> 73
A59: 16:30-16:45 | B59: 3 | C59: 0 | D59: 3 | E59: 0 | F59: 1 | G59: 0 | J59: =SUM(B59:I59) -> 7
A60: 16:45-17:00 | B60: 12 | C60: 0 | D60: 5 | E60: 0 | F60: 6 | G60: 0 | J60: =SUM(B60:I60) -> 23 | K60: =J60+J59 -> 30 | L60: =SUM(J57:J60) -> 103
A61: 17:00-17:15 | B61: 5 | C61: 0 | D61: 1 | E61: 0 | F61: 2 | G61: 0 | J61: =SUM(B61:I61) -> 8
A62: 17:15-17:30 | B62: 6 | C62: 0 | D62: 2 | E62: 0 | F62: 5 | G62: 0 | J62: =SUM(B62:I62) -> 13 | K62: =J62+J61 -> 21
A63: 17:30-17:45 | B63: 5 | C63: 1 | D63: 3 | E63: 0 | F63: 1 | G63: 1 | J63: =SUM(B63:I63) -> 11
A64: 17:45-18:00 | B64: 7 | C64: 1 | D64: 2 | E64: 0 | F64: 2 | G64: 0 | J64: =SUM(B64:I64) -> 12 | K64: =J64+J63 -> 23 | L64: =SUM(J61:J64) -> 44
A65: 18:00-18:15 | B65: 8 | C65: 0 | D65: 2 | E65: 0 | F65: 0 | G65: 0 | J65: =SUM(B65:I65) -> 10
A66: 18:15-18:30 | B66: 3 | C66: 0 | D66: 1 | E66: 0 | F66: 0 | G66: 0 | J66: =SUM(B66:I66) -> 4 | K66: =J66+J65 -> 14
A67: 18:30-18:45 | B67: 3 | C67: 0 | D67: 0 | E67: 0 | F67: 3 | G67: 0 | J67: =SUM(B67:I67) -> 6
A68: 18:45-19:00 | B68: 0 | C68: 0 | D68: 0 | E68: 0 | F68: 2 | G68: 0 | J68: =SUM(B68:I68) -> 2 | K68: =J68+J67 -> 8 | L68: =SUM(J65:J68) -> 22
A69: 19:00-19:15 | J69: =SUM(B69:I69) -> 0
A70: 19:15-19:30 | J70: =SUM(B70:I70) -> 0 | K70: =J70+J69 -> 0
A71: 19:30-19:45 | J71: =SUM(B71:I71) -> 0
A72: 19:45-20:00 | J72: =SUM(B72:I72) -> 0 | K72: =J72+J71 -> 0 | L72: =SUM(J69:J72) -> 0
A73: 20:00-20:15 | J73: =SUM(B73:I73) -> 0
A74: 20:15-20:30 | J74: =SUM(B74:I74) -> 0 | K74: =J74+J73 -> 0
A75: 20:30-20:45 | J75: =SUM(B75:I75) -> 0
A76: 20:45-21:00 | J76: =SUM(B76:I76) -> 0 | K76: =J76+J75 -> 0 | L76: =SUM(J73:J76) -> 0
A77: 21:00-21:15 | J77: =SUM(B77:I77) -> 0
A78: 21:15-21:30 | J78: =SUM(B78:I78) -> 0 | K78: =J78+J77 -> 0
A79: 21:30-21:45 | J79: =SUM(B79:I79) -> 0
A80: 21:45-22:00 | J80: =SUM(B80:I80) -> 0 | K80: =J80+J79 -> 0 | L80: =SUM(J77:J80) -> 0
A81: SUMME : | B81: =SUM(B13:B80) -> 383 | C81: =SUM(C13:C80) -> 11 | D81: =SUM(D13:D80) -> 146 | E81: =SUM(E13:E80) -> 5 | F81: =SUM(F13:F80) -> 168 | G81: =SUM(G13:G80) -> 7 | J81: =SUM(B81:I81) -> 720

Sheet Faktoren PKW-E
A1: Faktoren für Umrechnung PKW-Einheiten nach RVS 03.05.11
A3: Rad | B3: 0.5
A4: einsp. KFZ | B4: 1
A5: PKW / Kombi | B5: 1
A6: Linienbus | B6: 1.5
A7: Reisebus | B7: 1.5
A8: LKW | B8: 1.5
A9: LKW mit Anhänger | B9: 2
A10: sonstige KFZ / Traktoren | B10: 1.5
A12: Faktoren für Umrechnung PKW-Einheiten nach RVS 03.05.31 (VLSA)
A14: Rad | B14: 0.3
A15: Motorrad | B15: 0.5
A16: PKW | B16: 1
A17: Lkw, Bus Traktor | B17: 2
A18: Gelenkbus, Sattelschlepper | B18: 3
A19: Lkw mit Anh. oder Traktor mit Anh. | B19: 4
